province,year,gdp_per_capita_CNY,population_persons
广东,2018,63537.2,124374645
江苏,2018,87611.5,83650117
山东,2018,52064.9,100212346
浙江,2018,72333.4,63732012
河南,2018,40006.8,98080379
四川,2018,41985.4,82584133
福建,2018,76399.0,41000895
湖北,2018,54377.3,57000522
湖南,2018,45456.8,65577743
上海,2018,112485.4,24547238
安徽,2018,45814.6,60237954
河北,2018,35078.8,73641713
北京,2018,119219.5,21605912
陕西,2018,47876.9,39016981
江西,2018,41096.6,44603525
重庆,2018,56391.5,31634056
辽宁,2018,42626.1,42037268
云南,2018,37546.7,46597310
广西,2018,31949.4,49479414
山西,2018,36540.1,34466809
内蒙古,2018,52177.6,23737880
贵州,2018,33418.8,38059569
天津,2018,73400.6,13689995
黑龙江,2018,31090.6,31436651
新疆,2018,38581.0,25514519
吉林,2018,36971.5,23757620
甘肃,2018,26051.0,24695291
海南,2018,39670.8,9949182
宁夏,2018,39365.4,7106559
青海,2018,36704.3,5843170
西藏,2018,37687.4,3602630
广东,2019,66795.6,124755103
江苏,2019,92104.5,83905999
山东,2019,54735.0,100518892
浙江,2019,76043.0,63926966
河南,2019,42058.5,98380403
四川,2019,44138.6,82836755
福建,2019,80317.0,41126315
湖北,2019,57166.0,57174884
湖南,2019,47788.0,65778343
上海,2019,118254.1,24622327
安徽,2019,48164.2,60422220
河北,2019,36877.8,73866981
北京,2019,125333.6,21672004
陕西,2019,50332.2,39136332
江西,2019,43204.2,44739966
重庆,2019,59283.5,31730823
辽宁,2019,44812.1,42165859
云南,2019,39472.2,46739849
广西,2019,33587.9,49630770
山西,2019,38414.0,34572242
内蒙古,2019,54853.5,23810493
贵州,2019,35132.7,38175992
天津,2019,77164.8,13731873
黑龙江,2019,32685.1,31532815
新疆,2019,40559.6,25592567
吉林,2019,38867.6,23830294
甘肃,2019,27387.0,24770833
海南,2019,41705.3,9979616
宁夏,2019,41384.2,7128297
青海,2019,38586.7,5861044
西藏,2019,39620.1,3613651
广东,2020,70054.7,125136724
江苏,2020,96598.5,84162665
山东,2020,57405.6,100826376
浙江,2020,79753.2,64122516
河南,2020,44110.6,98681345
四川,2020,46292.2,83090149
福建,2020,84235.8,41252119
湖北,2020,59955.2,57349780
湖南,2020,50119.7,65979557
上海,2020,124024.0,24697646
安徽,2020,50514.2,60607049
河北,2020,38677.2,74092937
北京,2020,131448.8,21738298
陕西,2020,52788.0,39256049
江西,2020,45312.2,44876824
重庆,2020,62176.1,31827887
辽宁,2020,46998.6,42294842
云南,2020,41398.2,46882825
广西,2020,35226.7,49782589
山西,2020,40288.3,34677997
内蒙古,2020,57529.9,23883328
贵州,2020,36846.9,38292771
天津,2020,80929.9,13773878
黑龙江,2020,34279.8,31629273
新疆,2020,42538.6,25670854
吉林,2020,40764.0,23903190
甘肃,2020,28723.3,24846606
海南,2020,43740.2,10010143
宁夏,2020,43403.4,7150102
青海,2020,40469.4,5878973
西藏,2020,41553.3,3624705
广东,2021,73438.6,125270585
江苏,2021,100985.7,84252695
山东,2021,60238.4,100934231
浙江,2021,84062.8,64191109
河南,2021,46477.7,98786906
四川,2021,48544.1,83179032
福建,2021,88128.7,41296247
湖北,2021,62871.8,57411128
湖南,2021,52557.8,66050136
上海,2021,130012.6,24724065
安徽,2021,52971.5,60671881
河北,2021,40611.7,74172195
北京,2021,137843.3,21761551
陕西,2021,55355.9,39298041
江西,2021,47516.4,44924829
重庆,2021,65200.7,31861933
辽宁,2021,49284.9,42340086
云南,2021,43412.0,46932976
广西,2021,36940.4,49835842
山西,2021,42248.2,34715093
内蒙古,2021,60328.6,23908877
贵州,2021,38639.3,38333733
天津,2021,84866.8,13788612
黑龙江,2021,35947.4,31663107
新疆,2021,44608.0,25698315
吉林,2021,42747.0,23928759
甘肃,2021,30120.6,24873185
海南,2021,45868.0,10020851
宁夏,2021,45514.8,7157751
青海,2021,42438.1,5885262
西藏,2021,43574.7,3628582
广东,2022,76839.2,125404588
江苏,2022,105369.9,84342821
山东,2022,63090.6,101042201
浙江,2022,88434.3,64259775
河南,2022,48877.5,98892579
四川,2022,50808.7,83268009
福建,2022,92025.4,41340422
湖北,2022,65804.7,57472541
湖南,2022,55009.6,66120791
上海,2022,136030.8,24750513
安徽,2022,55442.6,60736783
河北,2022,42561.7,74251538
北京,2022,144273.6,21784830
陕西,2022,57938.2,39340079
江西,2022,49733.0,44972886
重庆,2022,68242.3,31896017
辽宁,2022,51584.0,42385377
云南,2022,45437.2,46983181
广西,2022,38663.6,49889152
山西,2022,44219.0,34752228
内蒙古,2022,63142.8,23934452
贵州,2022,40441.8,38374739
天津,2022,88825.7,13803362
黑龙江,2022,37624.3,31696977
新疆,2022,46688.9,25725804
吉林,2022,44741.1,23954356
甘肃,2022,31525.6,24899792
海南,2022,48007.7,10031571
宁夏,2022,47638.0,7165408
青海,2022,44417.7,5891557
西藏,2022,45607.4,3632464
广东,2023,80243.9,125538735
江苏,2023,109733.4,84433043
山东,2023,65951.7,101150287
浙江,2023,92853.4,64328514
河南,2023,51302.1,98998366
四川,2023,53077.4,83357082
福建,2023,95910.3,41384644
湖北,2023,68743.0,57534020
湖南,2023,57465.9,66191521
上海,2023,142055.8,24776989
安徽,2023,57918.2,60801754
河北,2023,44520.2,74330966
北京,2023,150715.6,21808133
陕西,2023,60525.3,39382162
江西,2023,51953.7,45020994
重庆,2023,71289.4,31930136
辽宁,2023,53887.3,42430717
云南,2023,47466.0,47033439
广西,2023,40390.0,49942519
山西,2023,46193.4,34789403
内蒙古,2023,65962.2,23960055
贵州,2023,42247.6,38415789
天津,2023,92791.9,13818128
黑龙江,2023,39304.3,31730884
新疆,2023,48773.6,25753323
吉林,2023,46738.8,23979980
甘肃,2023,32933.3,24926428
海南,2023,50151.3,10042302
宁夏,2023,49765.1,7173073
青海,2023,46401.1,5897860
西藏,2023,47643.8,3636349
广东,2024,83639.2,125673025
江苏,2024,114057.8,84523362
山东,2024,68810.7,101258489
浙江,2024,97304.6,64397327
河南,2024,53742.9,99104265
四川,2024,55341.3,83446250
福建,2024,99767.4,41428914
湖北,2024,71675.2,57595565
湖南,2024,59917.0,66262326
上海,2024,148064.1,24803493
安徽,2024,60388.6,60866794
河北,2024,46479.6,74410478
北京,2024,157144.2,21831462
陕西,2024,63106.9,39424289
江西,2024,54169.7,45069153
重庆,2024,74330.1,31964292
辽宁,2024,56185.8,42476106
云南,2024,49490.6,47083751
广西,2024,42112.8,49995943
山西,2024,48163.8,34826617
内蒙古,2024,68775.8,23985686
贵州,2024,44049.6,38456883
天津,2024,96749.9,13832909
黑龙江,2024,40980.8,31764827
新疆,2024,50854.0,25780872
吉林,2024,48732.4,24005632
甘肃,2024,34338.0,24953092
海南,2024,52290.5,10053044
宁夏,2024,51887.8,7180746
青海,2024,48380.3,5904169
西藏,2024,49676.0,3640239
广东,2025,87065.6,125728852
江苏,2025,118398.2,84560910
山东,2025,71700.8,101303471
浙江,2025,101835.2,64425934
河南,2025,56226.0,99148290
四川,2025,57627.3,83483319
福建,2025,103644.9,41447318
湖北,2025,74635.9,57621151
湖南,2025,62392.0,66291762
上海,2025,154127.1,24814511
安徽,2025,62883.1,60893833
河北,2025,48462.6,74443533
北京,2025,163635.4,21841160
陕西,2025,65713.7,39441802
江西,2025,56407.3,45089174
重庆,2025,77400.5,31978491
辽宁,2025,58506.6,42494975
云南,2025,51534.9,47104667
广西,2025,43852.4,50018152
山西,2025,50153.3,34842088
内蒙古,2025,71616.7,23996341
贵州,2025,45869.2,38473967
天津,2025,100746.3,13839054
黑龙江,2025,42673.6,31778938
新疆,2025,52954.6,25792325
吉林,2025,50745.4,24016296
甘肃,2025,35756.5,24964176
海南,2025,54450.4,10057510
宁夏,2025,54031.1,7183936
青海,2025,50378.7,5906792
西藏,2025,51728.0,3641856
广东,2026,90458.3,125784704
江苏,2026,122666.5,84598474
山东,2026,74569.0,101348473
浙江,2026,106369.6,64454554
河南,2026,58709.7,99192334
四川,2026,59892.5,83520405
福建,2026,107465.7,41465730
湖北,2026,77569.7,57646748
湖南,2026,64844.5,66321211
上海,2026,160130.3,24825534
安徽,2026,65354.9,60920883
河北,2026,50433.2,74476603
北京,2026,170067.6,21850862
陕西,2026,68296.8,39459324
江西,2026,58624.6,45109204
重庆,2026,80443.0,31992697
辽宁,2026,60806.4,42513853
云南,2026,53560.7,47125592
广西,2026,45576.1,50040372
山西,2026,52124.7,34857566
内蒙古,2026,74431.8,24007001
贵州,2026,47672.2,38491058
天津,2026,104706.5,13845202
黑龙江,2026,44351.0,31793055
新疆,2026,55036.2,25803782
吉林,2026,52740.1,24026965
甘肃,2026,37162.0,24975266
海南,2026,56590.8,10061978
宁夏,2026,56155.0,7187127
青海,2026,52359.0,5909416
西藏,2026,53761.3,3643474
广东,2027,93802.4,125840581
江苏,2027,126842.8,84636055
山东,2027,77402.7,101393494
浙江,2027,110889.8,64483187
河南,2027,61184.1,99236398
四川,2027,62127.1,83557507
福建,2027,111212.4,41484150
湖北,2027,80463.8,57672356
湖南,2027,67263.8,66350672
上海,2027,166047.4,24836563
安徽,2027,67793.3,60947946
河北,2027,52382.8,74509688
北京,2027,176412.8,21860569
陕西,2027,70844.9,39476852
江西,2027,60811.8,45129243
重庆,2027,83444.3,32006909
辽宁,2027,63075.1,42532738
云南,2027,55559.0,47146527
广西,2027,47276.5,50062601
山西,2027,54069.5,34873051
内蒙古,2027,77208.9,24017665
贵州,2027,49450.8,38508157
天津,2027,108613.1,13851352
黑龙江,2027,46005.7,31807178
新疆,2027,57089.6,25815245
吉林,2027,54707.9,24037638
甘肃,2027,38548.5,24986361
海南,2027,58702.2,10066448
宁夏,2027,58250.1,7190320
青海,2027,54312.5,5912041
西藏,2027,55767.1,3645093
广东,2028,97082.7,125896483
江苏,2028,130907.1,84673652
山东,2028,80189.3,101438536
浙江,2028,115376.7,64511832
河南,2028,63638.6,99280482
四川,2028,64320.9,83594625
福建,2028,114867.1,41502578
湖北,2028,83305.0,57697976
湖南,2028,69639.0,66380147
上海,2028,171851.3,24847596
安徽,2028,70187.2,60975021
河北,2028,54303.0,74542787
北京,2028,182642.1,21870280
陕西,2028,73346.5,39494389
江西,2028,62959.2,45149290
重庆,2028,86390.8,32021128
辽宁,2028,65302.4,42551633
云南,2028,57520.8,47167471
广西,2028,48945.9,50084840
山西,2028,55978.7,34888542
内蒙古,2028,79935.2,24028334
贵州,2028,51197.0,38525263
天津,2028,112448.3,13857505
黑龙江,2028,47630.2,31821308
新疆,2028,59105.4,25826713
吉林,2028,56639.6,24048316
甘肃,2028,39909.7,24997461
海南,2028,60775.0,10070919
宁夏,2028,60307.0,7193514
青海,2028,56230.3,5914667
西藏,2028,57736.3,3646712
广东,2029,100310.5,125918827
江苏,2029,134875.2,84688680
山东,2029,82938.0,101456539
浙江,2029,119842.7,64523281
河南,2029,66080.2,99298102
四川,2029,66481.3,83609462
福建,2029,118443.7,41509944
湖北,2029,86103.0,57708216
湖南,2029,71978.0,66391928
上海,2029,177562.0,24852006
安徽,2029,72544.6,60985842
河北,2029,56199.8,74556017
北京,2029,188776.6,21874162
陕西,2029,75810.0,39501399
江西,2029,65073.8,45157303
重庆,2029,89292.5,32026811
辽宁,2029,67495.7,42559185
云南,2029,59452.8,47175842
广西,2029,50589.9,50093729
山西,2029,57858.9,34894734
内蒙古,2029,82620.0,24032599
贵州,2029,52916.6,38532100
天津,2029,116225.2,13859965
黑龙江,2029,49230.0,31826955
新疆,2029,61090.7,25831297
吉林,2029,58542.0,24052584
甘肃,2029,41250.1,25001897
海南,2029,62816.3,10072707
宁夏,2029,62332.6,7194791
青海,2029,58119.0,5915717
西藏,2029,59675.6,3647359
广东,2030,103445.1,125941175
江苏,2030,138693.2,84703711
山东,2030,85614.9,101474545
浙江,2030,124238.1,64534733
河南,2030,68481.4,99315725
四川,2030,68581.3,83624300
福建,2030,121894.6,41517311
湖北,2030,88822.9,57718458
湖南,2030,74251.7,66403711
上海,2030,183107.6,24856416
安徽,2030,74836.2,60996666
河北,2030,58050.2,74569249
北京,2030,194739.8,21878044
陕西,2030,78204.8,39508409
江西,2030,67129.4,45165318
重庆,2030,92113.1,32032495
辽宁,2030,69627.8,42566738
云南,2030,61330.9,47184214
广西,2030,52188.0,50102620
山西,2030,59686.6,34900927
内蒙古,2030,85229.9,24036864
贵州,2030,54588.2,38538939
天津,2030,119896.6,13862424
黑龙江,2030,50785.1,31832604
新疆,2030,63020.4,25835881
吉林,2030,60391.3,24056853
甘肃,2030,42553.2,25006334
海南,2030,64800.6,10074494
宁夏,2030,64301.6,7196067
青海,2030,59954.9,5916767
西藏,2030,61560.6,3648006
广东,2031,106546.5,125874084
江苏,2031,142442.4,84658587
山东,2031,88269.6,101420488
浙江,2031,128633.5,64500354
河南,2031,70881.3,99262818
四川,2031,70660.8,83579752
福建,2031,125291.1,41495194
湖北,2031,91516.1,57687710
湖南,2031,76503.1,66368337
上海,2031,188594.2,24843175
安徽,2031,77105.3,60964172
河北,2031,59887.9,74529525
北京,2031,200644.5,21866389
陕西,2031,80576.0,39487362
江西,2031,69164.8,45141257
重庆,2031,94906.0,32015430
辽宁,2031,71739.0,42544062
云南,2031,63190.5,47159079
广西,2031,53770.4,50075929
山西,2031,61496.4,34882335
内蒙古,2031,87814.1,24024059
贵州,2031,56243.3,38518409
天津,2031,123531.9,13855040
黑龙江,2031,52325.0,31815646
新疆,2031,64931.3,25822118
吉林,2031,62222.4,24044038
甘肃,2031,43843.4,24993013
海南,2031,66765.4,10069128
宁夏,2031,66251.2,7192234
青海,2031,61772.8,5913615
西藏,2031,63427.2,3646063
广东,2032,109527.8,125807028
江苏,2032,146007.1,84613488
山东,2032,90829.9,101366460
浙江,2032,132923.0,64465993
河南,2032,73221.5,99209939
四川,2032,72661.9,83535228
福建,2032,128531.3,41473089
湖北,2032,94107.9,57656979
湖南,2032,78669.7,66332981
上海,2032,193868.1,24829940
安徽,2032,79288.9,60931695
河北,2032,61663.7,74489821
北京,2032,206326.8,21854740
陕西,2032,82857.9,39466327
江西,2032,71123.6,45117210
重庆,2032,97593.8,31998375
辽宁,2032,73770.6,42521398
云南,2032,64980.0,47133956
广西,2032,55293.1,50049253
山西,2032,63237.9,34863752
内蒙古,2032,90301.0,24011261
贵州,2032,57836.1,38497889
天津,2032,127030.4,13847659
黑龙江,2032,53806.8,31798697
新疆,2032,66770.1,25808362
吉林,2032,63984.6,24031229
甘肃,2032,45085.1,24979699
海南,2032,68656.2,10063764
宁夏,2032,68127.5,7188403
青海,2032,63522.2,5910464
西藏,2032,65223.5,3644121
广东,2033,112428.2,125740009
江苏,2033,149440.9,84568413
山东,2033,93328.1,101312460
浙江,2033,137152.1,64431651
河南,2033,75527.1,99157088
四川,2033,74610.7,83490727
福建,2033,131661.9,41450996
湖北,2033,96631.8,57626264
湖南,2033,80779.6,66297644
上海,2033,198998.5,24816713
安徽,2033,81415.4,60899236
河北,2033,63399.4,74450139
北京,2033,211860.4,21843098
陕西,2033,85080.1,39445302
江西,2033,73031.1,45093175
重庆,2033,100211.2,31981329
辽宁,2033,75749.2,42498746
云南,2033,66722.8,47108847
广西,2033,56776.1,50022591
山西,2033,64934.0,34845180
内蒙古,2033,92722.9,23998470
贵州,2033,59387.3,38477381
天津,2033,130437.3,13840282
黑龙江,2033,55249.9,31781758
新疆,2033,68560.9,25794613
吉林,2033,65700.6,24018427
甘肃,2033,46294.2,24966392
海南,2033,70497.5,10058402
宁夏,2033,69954.6,7184573
青海,2033,65225.8,5907316
西藏,2033,66972.8,3642179
广东,2034,115236.7,125673025
江苏,2034,152730.2,84523362
山东,2034,95754.8,101258489
浙江,2034,141305.9,64397327
河南,2034,77790.1,99104265
四川,2034,76499.7,83446250
福建,2034,134670.8,41428914
湖北,2034,99078.4,57595565
湖南,2034,82824.8,66262326
上海,2034,203966.2,24803493
安徽,2034,83476.8,60866794
河北,2034,65088.6,74410478
北京,2034,217224.5,21831462
陕西,2034,87234.3,39424289
江西,2034,74880.2,45069153
重庆,2034,102748.5,31964292
辽宁,2034,77667.1,42476106
云南,2034,68412.1,47083751
广西,2034,58213.6,49995943
山西,2034,66578.0,34826617
内蒙古,2034,95070.5,23985686
贵州,2034,60890.9,38456883
天津,2034,133739.9,13832909
黑龙江,2034,56648.8,31764827
新疆,2034,70296.8,25780872
吉林,2034,67364.1,24005632
甘肃,2034,47466.4,24953092
海南,2034,72282.5,10053044
宁夏,2034,71725.8,7180746
青海,2034,66877.3,5904169
西藏,2034,68668.4,3640239
广东,2035,118084.5,125516311
江苏,2035,156049.2,84417962
山东,2035,98218.9,101132220
浙江,2035,145544.5,64317024
河南,2035,80098.5,98980683
四川,2035,78416.2,83342193
福建,2035,137711.6,41377252
湖北,2035,101560.5,57523744
湖南,2035,84899.7,66179698
上海,2035,209003.2,24772563
安徽,2035,85568.0,60790893
河北,2035,66805.4,74317689
北京,2035,222666.3,21804238
陕西,2035,89419.6,39375127
江西,2035,76756.0,45012952
重庆,2035,105322.5,31924433
辽宁,2035,79612.7,42423138
云南,2035,70126.0,47025038
广西,2035,59671.9,49933598
山西,2035,68245.9,34783188
内蒙古,2035,97452.2,23955776
贵州,2035,62416.3,38408927
天津,2035,137090.2,13815659
黑龙江,2035,58067.9,31725216
新疆,2035,72057.8,25748723
吉林,2035,69051.7,23975697
甘肃,2035,48655.5,24921975
海南,2035,74093.2,10040508
宁夏,2035,73522.7,7171791
青海,2035,68552.6,5896806
西藏,2035,70388.7,3635700
广东,2036,120884.5,125359793
江苏,2036,159282.7,84312693
山东,2036,100648.1,101006109
浙江,2036,149760.6,64236821
河南,2036,82393.3,98857254
四川,2036,80302.1,83238266
福建,2036,140682.5,41325655
湖北,2036,104003.0,57452012
湖南,2036,86941.6,66097172
上海,2036,213955.4,24741672
安徽,2036,87625.9,60715087
河北,2036,68500.3,74225015
北京,2036,228021.5,21777048
陕西,2036,91570.2,39326026
江西,2036,78602.0,44956821
重庆,2036,107855.5,31884623
辽宁,2036,81527.4,42370237
云南,2036,71812.5,46966398
广西,2036,61107.1,49871331
山西,2036,69887.2,34739814
内蒙古,2036,99795.9,23925903
贵州,2036,63917.5,38361032
天津,2036,140387.3,13798431
黑龙江,2036,59464.5,31685655
新疆,2036,73790.8,25716615
吉林,2036,70712.4,23945800
甘肃,2036,49825.7,24890898
海南,2036,75875.2,10027988
宁夏,2036,75290.9,7162848
青海,2036,70201.4,5889453
西藏,2036,72081.6,3631166
广东,2037,123629.8,125203469
江苏,2037,162422.4,84207555
山东,2037,103036.5,100880154
浙江,2037,153945.1,64156718
河南,2037,84669.6,98733979
四川,2037,82153.0,83134468
福建,2037,143576.0,41274122
湖北,2037,106400.2,57380369
湖南,2037,88945.5,66014749
上海,2037,218810.8,24710819
安徽,2037,89645.6,60639376
河北,2037,70169.6,74132457
北京,2037,233277.2,21749892
陕西,2037,93680.8,39276987
江西,2037,80413.8,44900760
重庆,2037,110341.5,31844863
辽宁,2037,83406.6,42317401
云南,2037,73467.7,46907831
广西,2037,62515.5,49809141
山西,2037,71498.1,34696494
内蒙古,2037,102096.2,23896067
贵州,2037,65390.7,38313196
天津,2037,143623.1,13781225
黑龙江,2037,60835.1,31646143
新疆,2037,75491.6,25684546
吉林,2037,72342.2,23915939
甘肃,2037,50974.1,24859859
海南,2037,77624.1,10015483
宁夏,2037,77026.3,7153916
青海,2037,71819.4,5882109
西藏,2037,73743.0,3626638
广东,2038,126313.8,125047341
江苏,2038,165459.8,84102549
山东,2038,105378.3,100754357
浙江,2038,158088.4,64076715
河南,2038,86922.0,98610859
四川,2038,83964.3,83030799
福建,2038,146384.6,41222653
湖北,2038,108746.2,57308816
湖南,2038,90906.6,65932429
上海,2038,223557.3,24680005
安徽,2038,91622.1,60563759
河北,2038,71809.1,74040014
北京,2038,238420.5,21722770
陕西,2038,95746.3,39228009
江西,2038,82186.7,44844769
重庆,2038,112774.3,31805153
辽宁,2038,85245.5,42264632
云南,2038,75087.6,46849337
广西,2038,63893.9,49747030
山西,2038,73074.5,34653227
内蒙古,2038,104347.2,23866269
贵州,2038,66832.4,38265419
天津,2038,146789.7,13764040
黑龙江,2038,62176.4,31606681
新疆,2038,77156.1,25652518
吉林,2038,73937.3,23886116
甘肃,2038,52098.0,24828859
海南,2038,79335.5,10002993
宁夏,2038,78724.6,7144995
青海,2038,73402.9,5874774
西藏,2038,75368.9,3622116
广东,2039,129086.4,124800809
江苏,2039,168591.7,83936739
山东,2039,107798.8,100555719
浙江,2039,162378.1,63950387
河南,2039,89253.7,98416446
四川,2039,85835.8,82867103
福建,2039,149282.3,41141382
湖北,2039,111170.0,57195831
湖南,2039,92932.8,65802442
上海,2039,228460.6,24631348
安徽,2039,93664.3,60444356
河北,2039,73504.1,73894043
北京,2039,243734.7,21679944
陕西,2039,97880.4,39150670
江西,2039,84018.6,44756357
重庆,2039,115288.0,31742448
辽宁,2039,87145.6,42181307
云南,2039,76761.2,46756973
广西,2039,65318.0,49648953
山西,2039,74703.3,34584908
内蒙古,2039,106673.0,23819216
贵州,2039,68322.1,38189978
天津,2039,150061.5,13736904
黑龙江,2039,63562.3,31544368
新疆,2039,78875.8,25601944
吉林,2039,75585.3,23839024
甘肃,2039,53259.2,24779908
海南,2039,81103.9,9983272
宁夏,2039,80479.3,7130909
青海,2039,75039.0,5863192
西藏,2039,77048.8,3614975
广东,2040,131855.2,124554762
江苏,2040,171696.6,83771257
山东,2040,110220.8,100357472
浙江,2040,166699.2,63824308
河南,2040,91601.6,98222417
四川,2040,87706.0,82703730
福建,2040,152161.7,41060272
湖北,2040,113592.2,57083069
湖南,2040,94957.7,65672712
上海,2040,233356.9,24582787
安徽,2040,95705.1,60325190
河北,2040,75202.2,73748360
北京,2040,249045.3,21637201
陕西,2040,100013.1,39073484
江西,2040,85849.2,44668119
重庆,2040,117799.9,31679868
辽宁,2040,89044.3,42098146
云南,2040,78433.7,46664791
广西,2040,66741.2,49551069
山西,2040,76330.9,34516723
内蒙古,2040,108997.2,23772256
贵州,2040,69810.7,38114686
天津,2040,153331.1,13709821
黑龙江,2040,64947.2,31482177
新疆,2040,80594.4,25551469
吉林,2040,77232.1,23792025
甘肃,2040,54419.6,24731054
海南,2040,82871.0,9963590
宁夏,2040,82232.8,7116850
青海,2040,76674.0,5851632
西藏,2040,78727.5,3607848
广东,2041,134595.3,124309201
江苏,2041,174742.2,83606101
山东,2041,112623.5,100159616
浙江,2041,171020.0,63698477
河南,2041,93948.0,98028770
四川,2041,89558.4,82540678
福建,2041,154994.1,40979321
湖北,2041,115991.3,56970529
湖南,2041,96963.2,65543237
上海,2041,238202.4,24534321
安徽,2041,97726.4,60206258
河北,2041,76889.2,73602964
北京,2041,254305.2,21594543
陕西,2041,102125.4,38996450
江西,2041,87662.4,44580056
重庆,2041,120287.9,31617410
辽宁,2041,90925.0,42015149
云南,2041,80090.2,46572791
广西,2041,68150.8,49453379
山西,2041,77943.0,34448673
内蒙古,2041,111299.3,23725389
贵州,2041,71285.1,38039543
天津,2041,156569.5,13682792
黑龙江,2041,66318.9,31420110
新疆,2041,82296.6,25501094
吉林,2041,78863.3,23745119
甘肃,2041,55569.0,24682297
海南,2041,84621.2,9943947
宁夏,2041,83969.6,7102819
青海,2041,78293.4,5840096
西藏,2041,80390.3,3600735
广东,2042,137302.5,124064124
江苏,2042,177723.3,83441271
山东,2042,115003.4,99962150
浙江,2042,175334.6,63572895
河南,2042,96289.9,97835505
四川,2042,91390.1,82377948
福建,2042,157774.9,40898530
湖北,2042,118363.6,56858211
湖南,2042,98946.3,65414018
上海,2042,242989.3,24485952
安徽,2042,99725.2,60087560
河北,2042,78562.5,73457855
北京,2042,259506.4,21551969
陕西,2042,104214.1,38919568
江西,2042,89455.3,44492165
重庆,2042,122748.0,31555076
辽宁,2042,92784.6,41932315
云南,2042,81728.3,46480972
广西,2042,69544.7,49355881
山西,2042,79537.2,34380757
内蒙古,2042,113575.6,23678614
贵州,2042,72743.1,37964547
天津,2042,159771.8,13655816
黑龙江,2042,67675.3,31358165
新疆,2042,83979.8,25450818
吉林,2042,80476.2,23698305
甘肃,2042,56705.5,24633635
海南,2042,86351.9,9924342
宁夏,2042,85687.0,7088816
青海,2042,79894.7,5828582
西藏,2042,82034.5,3593636
广东,2043,140050.9,123750092
江苏,2043,180736.1,83230063
山东,2043,117422.5,99709125
浙江,2043,179737.6,63411979
河南,2043,98679.3,97587863
四川,2043,93250.5,82169432
福建,2043,160589.3,40795007
湖北,2043,120773.1,56714291
湖南,2043,100960.6,65248441
上海,2043,247849.1,24423973
安徽,2043,101755.3,59935466
河北,2043,80264.7,73271918
北京,2043,264789.1,21497417
陕西,2043,106335.6,38821055
江西,2043,91276.3,44379546
重庆,2043,125246.8,31475204
辽宁,2043,94673.4,41826176
云南,2043,83392.0,46363319
广西,2043,70960.4,49230951
山西,2043,81156.3,34293732
内蒙古,2043,115887.7,23618679
贵州,2043,74223.9,37868451
天津,2043,163024.2,13621250
黑龙江,2043,69052.9,31278791
新疆,2043,85689.3,25386397
吉林,2043,82114.5,23638320
甘肃,2043,57859.8,24571282
海南,2043,88109.8,9899222
宁夏,2043,87431.3,7070873
青海,2043,81521.1,5813829
西藏,2043,83704.4,3584540
广东,2044,142807.6,123436855
江苏,2044,183737.3,83019391
山东,2044,119853.2,99456740
浙江,2044,184187.3,63251470
河南,2044,101093.1,97340848
四川,2044,95117.6,81961445
福建,2044,163399.3,40691746
湖北,2044,123191.3,56570735
湖南,2044,102982.1,65083284
上海,2044,252723.3,24362150
安徽,2044,103792.7,59783757
河北,2044,81976.7,73086451
北京,2044,270090.9,21443003
陕西,2044,108464.7,38722791
江西,2044,93103.9,44267213
重庆,2044,127754.6,31395534
辽宁,2044,96569.0,41720305
云南,2044,85061.7,46245964
广西,2044,72381.2,49106337
山西,2044,82781.3,34206928
内蒙古,2044,118208.0,23558895
贵州,2044,75710.1,37772598
天津,2044,166288.4,13586772
黑龙江,2044,70435.5,31199618
新疆,2044,87405.0,25322139
吉林,2044,83758.6,23578487
甘肃,2044,59018.4,24509087
海南,2044,89874.0,9874165
宁夏,2044,89181.9,7052975
青海,2044,83153.3,5799113
西藏,2044,85380.4,3575466
广东,2045,145570.7,123124410
江苏,2045,186724.9,82809251
山东,2045,122294.1,99204995
浙江,2045,188681.6,63091367
河南,2045,103530.3,97094458
四川,2045,96990.3,81753983
福建,2045,166202.7,40588747
湖北,2045,125616.8,56427543
湖南,2045,105009.6,64918545
上海,2045,257608.8,24300485
安徽,2045,105836.2,59632432
河北,2045,83697.8,72901454
北京,2045,275408.5,21388726
陕西,2045,110600.2,38624775
江西,2045,94937.0,44155163
重庆,2045,130269.9,31316065
辽宁,2045,98470.3,41614702
云南,2045,86736.5,46128906
广西,2045,73806.2,48982039
山西,2045,84411.1,34120343
内蒙古,2045,120535.4,23499262
贵州,2045,77200.7,37676988
天津,2045,169562.3,13552381
黑龙江,2045,71822.3,31120645
新疆,2045,89125.9,25258043
吉林,2045,85407.7,23518804
甘肃,2045,60180.3,24447050
海南,2045,91643.5,9849171
宁夏,2045,90937.8,7035122
青海,2045,84790.5,5784434
西藏,2045,87061.4,3566416
广东,2046,148338.7,122812757
江苏,2046,189696.3,82599644
山东,2046,124743.8,98953886
浙江,2046,193218.6,62931670
河南,2046,105989.7,96848692
四川,2046,98867.5,81547047
福建,2046,168997.6,40486008
湖北,2046,128048.0,56284713
湖南,2046,107042.0,64754222
上海,2046,262502.7,24238975
安徽,2046,107884.6,59481490
河北,2046,85426.9,72716925
北京,2046,280738.9,21334586
陕西,2046,112740.8,38527008
江西,2046,96774.4,44043397
重庆,2046,132791.1,31236797
辽宁,2046,100376.2,41509367
云南,2046,88415.2,46012144
广西,2046,75234.7,48858055
山西,2046,86044.8,34033977
内蒙古,2046,122868.3,23439781
贵州,2046,78694.8,37581620
天津,2046,172844.1,13518077
黑龙江,2046,73212.4,31041872
新疆,2046,90850.9,25194110
吉林,2046,87060.7,23459273
甘肃,2046,61345.1,24385169
海南,2046,93417.2,9824241
宁夏,2046,92697.8,7017315
青海,2046,86431.6,5769792
西藏,2046,88746.4,3557389
广东,2047,151144.4,122453651
江苏,2047,192693.7,82358122
山东,2047,127230.1,98664544
浙江,2047,197841.5,62747657
河南,2047,108495.1,96565505
四川,2047,100771.2,81308602
福建,2047,171821.4,40367627
湖北,2047,130513.5,56120136
湖南,2047,109103.0,64564880
上海,2047,267463.2,24168100
安徽,2047,109961.8,59307566
河北,2047,87183.0,72504301
北京,2047,286144.4,21272204
陕西,2047,114911.6,38414355
江西,2047,98637.8,43914614
重庆,2047,135348.0,31145461
辽宁,2047,102308.9,41387993
云南,2047,90117.6,45877604
广西,2047,76683.3,48715194
山西,2047,87701.6,33934462
内蒙古,2047,125234.0,23371243
贵州,2047,80210.1,37471731
天津,2047,176172.1,13478550
黑龙江,2047,74622.0,30951105
新疆,2047,92600.2,25120442
吉林,2047,88737.0,23390678
甘肃,2047,62526.3,24313867
海南,2047,95215.9,9795515
宁夏,2047,94482.6,6996796
青海,2047,88095.7,5752921
西藏,2047,90455.2,3546987
广东,2048,153927.4,122095596
江苏,2048,195639.6,82117306
山东,2048,129702.2,98376048
浙江,2048,202471.6,62564182
河南,2048,111003.2,96283147
四川,2048,102660.9,81070855
福建,2048,174605.2,40249592
湖北,2048,132961.1,55956040
湖南,2048,111149.1,64376092
上海,2048,272383.4,24097432
安徽,2048,112024.0,59134150
河北,2048,88931.5,72292297
北京,2048,291510.5,21210004
陕西,2048,117066.5,38302031
江西,2048,100487.5,43786207
重庆,2048,137886.2,31054391
辽宁,2048,104227.5,41266974
云南,2048,91807.6,45743457
广西,2048,78121.4,48572750
山西,2048,89346.2,33835237
内蒙古,2048,127582.5,23302905
贵州,2048,81714.3,37362163
天津,2048,179475.9,13439139
黑龙江,2048,76021.4,30860604
新疆,2048,94336.7,25046990
吉林,2048,90401.1,23322284
甘肃,2048,63698.8,24242773
海南,2048,97001.5,9766873
宁夏,2048,96254.5,6976338
青海,2048,89747.8,5736100
西藏,2048,92151.5,3536616
广东,2049,156684.5,121738587
江苏,2049,198530.2,81877194
山东,2049,132157.1,98088396
浙江,2049,207104.2,62381244
河南,2049,113511.7,96001614
四川,2049,104534.7,80833804
福建,2049,177345.5,40131902
湖北,2049,135387.8,55792425
湖南,2049,113177.7,64187856
上海,2049,277257.4,24026971
安徽,2049,114068.6,58961241
河北,2049,90670.2,72080914
北京,2049,296831.0,21147986
陕西,2049,119203.2,38190035
江西,2049,102321.6,43658176
重庆,2049,140402.8,30963588
辽宁,2049,106129.8,41146309
云南,2049,93483.2,45609703
广西,2049,79547.2,48430723
山西,2049,90977.0,33736302
内蒙古,2049,129911.1,23234767
贵州,2049,83205.7,37252916
天津,2049,182751.7,13399843
黑龙江,2049,77409.0,30770367
新疆,2049,96058.5,24973752
吉林,2049,92051.1,23254089
甘肃,2049,64861.4,24171887
海南,2049,98771.9,9738314
宁夏,2049,98011.3,6955939
青海,2049,91385.9,5719327
西藏,2049,93833.5,3526274
广东,2050,159412.4,121382623
江苏,2050,201361.6,81637785
山东,2050,134592.2,97801585
浙江,2050,211734.6,62198841
河南,2050,116017.7,95720905
四川,2050,106390.2,80597445
福建,2050,180038.6,40014556
湖北,2050,137791.0,55629287
湖南,2050,115186.7,64000170
上海,2050,282079.6,23956716
安徽,2050,116093.3,58788838
河北,2050,92397.3,71870149
北京,2050,302099.9,21086149
陕西,2050,121319.1,38078367
江西,2050,104137.8,43530519
重庆,2050,142895.0,30873050
辽宁,2050,108013.6,41025997
云南,2050,95142.6,45476340
广西,2050,80959.2,48289111
山西,2050,92591.8,33637657
内蒙古,2050,132217.1,23166829
贵州,2050,84682.6,37143988
天津,2050,185995.5,13360662
黑龙江,2050,78783.0,30680395
新疆,2050,97763.6,24900728
吉林,2050,93685.0,23186094
甘肃,2050,66012.7,24101208
海南,2050,100525.1,9709839
宁夏,2050,99751.0,6935599
青海,2050,93008.0,5702604
西藏,2050,95499.0,3515964
广东,2051,162326.5,120900359
江苏,2051,204405.4,81313431
山东,2051,137189.5,97413011
浙江,2051,216649.8,61951720
河南,2051,118678.7,95340598
四川,2051,108371.3,80277224
福建,2051,182927.8,39855574
湖北,2051,140356.9,55408267
湖南,2051,117331.6,63745892
上海,2051,287231.3,23861534
安徽,2051,118255.2,58555265
河北,2051,94237.8,71584603
北京,2051,307725.4,21002372
陕西,2051,123578.2,37927079
江西,2051,106077.0,43357569
重庆,2051,145555.9,30750389
辽宁,2051,110025.0,40862997
云南,2051,96914.3,45295659
广西,2051,82466.8,48097254
山西,2051,94316.0,33504012
内蒙古,2051,134679.2,23074785
贵州,2051,86259.5,36996412
天津,2051,189459.1,13307579
黑龙江,2051,80250.0,30558499
新疆,2051,99584.1,24801796
吉林,2051,95429.6,23093974
甘肃,2051,67242.0,24005452
海南,2051,102397.1,9671261
宁夏,2051,101608.5,6908044
青海,2051,94739.9,5679947
西藏,2051,97277.4,3501994
广东,2052,165261.3,120420012
江苏,2052,207451.6,80990366
山东,2052,139809.3,97025980
浙江,2052,221631.4,61705580
河南,2052,121374.8,94961801
四川,2052,110367.6,79958276
福建,2052,185825.3,39697225
湖北,2052,142942.3,55188125
湖南,2052,119492.9,63492624
上海,2052,292419.3,23766730
安徽,2052,120433.5,58322620
河北,2052,96096.0,71300191
北京,2052,313393.9,20918928
陕西,2052,125854.6,37776391
江西,2052,108031.0,43185305
重庆,2052,148237.2,30628215
辽宁,2052,112051.7,40700645
云南,2052,98699.5,45115695
广西,2052,83985.9,47906160
山西,2052,96053.4,33370898
内蒙古,2052,137160.1,22983107
贵州,2052,87848.5,36849422
天津,2052,192949.0,13254706
黑龙江,2052,81728.3,30437087
新疆,2052,101418.5,24703256
吉林,2052,97187.5,23002220
甘肃,2052,68480.6,23910076
海南,2052,104283.3,9632836
宁夏,2052,103480.2,6880597
青海,2052,96485.1,5657380
西藏,2052,99069.3,3488081
广东,2053,168215.9,119941573
江苏,2053,210498.8,80668584
山东,2053,142451.0,96640488
浙江,2053,226678.8,61460419
河南,2053,124105.8,94584510
四川,2053,112378.5,79640595
福建,2053,188730.0,39539504
湖北,2053,145546.7,54968858
湖南,2053,121670.1,63240363
上海,2053,297642.3,23672303
安徽,2053,122627.8,58090899
河北,2053,97971.3,71016909
北京,2053,319103.9,20835815
陕西,2053,128147.6,37626302
江西,2053,109999.4,43013726
重庆,2053,150938.0,30506527
辽宁,2053,114093.3,40538938
云南,2053,100497.8,44936447
广西,2053,85516.1,47715824
山西,2053,97803.5,33238312
内蒙古,2053,139659.1,22891793
贵州,2053,89449.1,36703016
天津,2053,196464.5,13202044
黑龙江,2053,83217.4,30316158
新疆,2053,103266.3,24605108
吉林,2053,98958.2,22910830
甘肃,2053,69728.3,23815079
海南,2053,106183.3,9594564
宁夏,2053,105365.6,6853260
青海,2053,98243.0,5634903
西藏,2053,100874.3,3474222
广东,2054,171189.6,119465035
江苏,2054,213545.7,80348081
山东,2054,145114.0,96256527
浙江,2054,231791.3,61216231
河南,2054,126871.2,94208718
四川,2054,114403.4,79324176
福建,2054,191640.9,39382410
湖北,2054,148169.3,54750462
湖南,2054,123862.4,62989103
上海,2054,302898.6,23578251
安徽,2054,124837.4,57860099
河北,2054,99863.4,70734753
北京,2054,324853.8,20753032
陕西,2054,130456.7,37476810
江西,2054,111981.4,42842829
重庆,2054,153657.8,30385322
辽宁,2054,116149.1,40377873
云南,2054,102308.6,44757910
广西,2054,87057.0,47526245
山西,2054,99565.8,33106254
内蒙古,2054,142175.6,22800842
贵州,2054,91060.8,36557192
天津,2054,200004.6,13149592
黑龙江,2054,84716.9,30195710
新疆,2054,105127.1,24507350
吉林,2054,100741.3,22819803
甘肃,2054,70984.8,23720460
海南,2054,108096.6,9556444
宁夏,2054,107264.2,6826032
青海,2054,100013.3,5612515
西藏,2054,102691.9,3460419
广东,2055,174181.4,118990390
江苏,2055,216591.1,80028851
山东,2055,147797.6,95874092
浙江,2055,236968.1,60973014
河南,2055,129670.6,93834418
四川,2055,116441.9,79009015
福建,2055,194556.8,39225941
湖北,2055,150809.4,54532934
湖南,2055,126069.5,62738842
上海,2055,308187.0,23484573
安徽,2055,127061.8,57630216
河北,2055,101771.9,70453718
北京,2055,330642.1,20670579
陕西,2055,132781.2,37327911
江西,2055,113976.7,42672611
重庆,2055,156395.7,30264598
辽宁,2055,118218.7,40217449
云南,2055,104131.6,44580083
广西,2055,88608.2,47337420
山西,2055,101339.9,32974720
内蒙古,2055,144708.9,22710252
贵州,2055,92683.4,36411947
天津,2055,203568.3,13097347
黑龙江,2055,86226.4,30075739
新疆,2055,107000.3,24409980
吉林,2055,102536.4,22729138
甘肃,2055,72249.6,23626217
海南,2055,110022.7,9518476
宁夏,2055,109175.5,6798911
青海,2055,101795.4,5590216
西藏,2055,104521.7,3446670
广东,2056,177190.5,118517631
江苏,2056,219633.4,79710890
山东,2056,150501.1,95493176
浙江,2056,242208.4,60730763
河南,2056,132503.6,93461606
四川,2056,118493.3,78695105
福建,2056,197476.6,39070093
湖北,2056,153466.3,54316270
湖南,2056,128290.5,62489575
上海,2056,313505.7,23391266
安徽,2056,129300.3,57401246
河北,2056,103696.3,70173799
北京,2056,336467.2,20588453
陕西,2056,135120.5,37179604
江西,2056,115984.7,42503069
重庆,2056,159151.0,30144354
辽宁,2056,120301.4,40057661
云南,2056,105966.1,44402963
广西,2056,90169.3,47149344
山西,2056,103125.2,32843708
内蒙古,2056,147258.3,22620022
贵州,2056,94316.2,36267279
天津,2056,207154.7,13045310
黑龙江,2056,87745.5,29956246
新疆,2056,108885.3,24312997
吉林,2056,104342.8,22638833
甘肃,2056,73522.5,23532348
海南,2056,111961.0,9480658
宁夏,2056,111098.8,6771899
青海,2056,103588.7,5568006
西藏,2056,106363.1,3432976
广东,2057,180215.9,118046750
江苏,2057,222671.4,79394192
山东,2057,153223.8,95113773
浙江,2057,247511.6,60489474
河南,2057,135369.7,93090275
四川,2057,120557.1,78382443
福建,2057,200399.0,38914864
湖北,2057,156139.2,54100467
湖南,2057,130524.9,62241299
上海,2057,318853.2,23298331
安徽,2057,131552.3,57173186
河北,2057,105636.1,69894993
北京,2057,342327.3,20506653
陕西,2057,137473.8,37031887
江西,2057,118004.8,42334201
重庆,2057,161922.8,30024588
辽宁,2057,122396.7,39898509
云南,2057,107811.7,44226546
广西,2057,91739.7,46962016
山西,2057,104921.3,32713217
内蒙古,2057,149823.1,22530151
贵州,2057,95958.9,36123186
天津,2057,210762.6,12993480
黑龙江,2057,89273.7,29837227
新疆,2057,110781.7,24216399
吉林,2057,106160.1,22548887
甘肃,2057,74803.0,23438852
海南,2057,113911.0,9442991
宁夏,2057,113033.8,6744993
青海,2057,105392.9,5545883
西藏,2057,108215.6,3419337
广东,2058,183256.8,117577741
江苏,2058,225703.8,79078752
山东,2058,155964.9,94735878
浙江,2058,252876.5,60249145
河南,2058,138268.4,92720420
四川,2058,122632.6,78071023
福建,2058,203323.0,38760252
湖北,2058,158827.2,53885521
湖南,2058,132772.0,61994009
上海,2058,324227.8,23205765
安徽,2058,133817.1,56946032
河北,2058,107590.9,69617294
北京,2058,348220.8,20425178
陕西,2058,139840.6,36884756
江西,2058,120036.3,42166003
重庆,2058,164710.5,29905298
辽宁,2058,124503.8,39739989
云南,2058,109667.8,44050830
广西,2058,93319.1,46775432
山西,2058,106727.6,32583245
内蒙古,2058,152402.4,22440637
贵州,2058,97610.9,35979666
天津,2058,214391.1,12941856
黑龙江,2058,90810.6,29718681
新疆,2058,112688.9,24120186
吉林,2058,107987.7,22459299
甘肃,2058,76090.8,23345727
海南,2058,115872.1,9405473
宁夏,2058,114979.8,6718195
青海,2058,107207.3,5523849
西藏,2058,110078.6,3405752
广东,2059,186312.1,117110594
江苏,2059,228729.0,78764565
山东,2059,158723.7,94359484
浙江,2059,258302.3,60009770
河南,2059,141199.2,92352034
四川,2059,124719.2,77760840
福建,2059,206247.4,38606254
湖北,2059,161529.7,53671429
湖南,2059,135031.1,61747702
上海,2059,329627.8,23113566
安徽,2059,136094.0,56719781
河北,2059,109560.1,69340699
北京,2059,354145.8,20344028
陕西,2059,142219.9,36738210
江西,2059,122078.8,41998474
重庆,2059,167513.0,29786482
辽宁,2059,126622.3,39582098
云南,2059,111533.8,43875813
广西,2059,94906.9,46589589
山西,2059,108543.6,32453789
内蒙古,2059,154995.5,22351478
贵州,2059,99271.8,35836715
天津,2059,218038.9,12890437
黑龙江,2059,92355.8,29600607
新疆,2059,114606.3,24024354
吉林,2059,109825.1,22370066
甘肃,2059,77385.4,23252973
海南,2059,117843.6,9368104
宁夏,2059,116936.2,6691503
青海,2059,109031.4,5501902
西藏,2059,111951.6,3392220
广东,2060,189381.0,116645304
江苏,2060,231745.6,78451627
山东,2060,161499.4,93984586
浙江,2060,263787.9,59771346
河南,2060,144161.4,91985111
四川,2060,126816.2,77451889
福建,2060,209170.8,38452868
湖北,2060,164245.7,53458188
湖南,2060,137301.5,61502373
上海,2060,335051.5,23021734
安徽,2060,138382.3,56494428
河北,2060,111543.2,69065202
北京,2060,360100.4,20263199
陕西,2060,144611.3,36592246
江西,2060,124131.4,41831611
重庆,2060,170329.6,29668137
辽宁,2060,128751.3,39424835
云南,2060,113409.1,43701490
广西,2060,96502.7,46404484
山西,2060,110368.7,32324847
内蒙古,2060,157601.7,22262674
贵州,2060,100940.9,35694333
天津,2060,221705.1,12839222
黑龙江,2060,93908.6,29483001
新疆,2060,116533.4,23928903
吉林,2060,111671.8,22281188
甘肃,2060,78686.6,23160586
海南,2060,119825.1,9330884
宁夏,2060,118902.4,6664917
青海,2060,110864.7,5480043
西藏,2060,113834.0,3378743
广东,2061,192757.4,116003984
江苏,2061,235112.3,78020297
山东,2061,164543.1,93467855
浙江,2061,269745.3,59442721
河南,2061,147380.2,91479373
四川,2061,129120.7,77026056
福建,2061,212417.3,38241453
湖北,2061,167230.4,53164273
湖南,2061,139796.6,61164230
上海,2061,341019.2,22895160
安徽,2061,140897.0,56183820
河北,2061,113713.7,68685479
北京,2061,366644.3,20151791
陕西,2061,147239.2,36391060
江西,2061,126387.2,41601619
重庆,2061,173424.9,29505021
辽宁,2061,131091.0,39208076
云南,2061,115470.0,43461218
广西,2061,98256.4,46149351
山西,2061,112374.3,32147124
内蒙古,2061,160465.6,22140273
贵州,2061,102775.3,35498084
天津,2061,225734.0,12768631
黑龙江,2061,95615.2,29320902
新疆,2061,118651.0,23797341
吉林,2061,113701.1,22158685
甘肃,2061,80116.5,23033249
海南,2061,122002.6,9279582
宁夏,2061,121063.1,6628273
青海,2061,112879.4,5449913
西藏,2061,115902.6,3360166
广东,2062,196155.3,115366189
江苏,2062,238477.3,77591338
山东,2062,167611.0,92953966
浙江,2062,275778.2,59115902
河南,2062,150638.9,90976416
四川,2062,131441.2,76602564
福建,2062,215669.9,38031200
湖北,2062,170235.7,52871974
湖南,2062,142308.9,60827947
上海,2062,347024.5,22769281
安徽,2062,143429.1,55874919
河北,2062,115903.5,68307844
北京,2062,373233.3,20040996
陕西,2062,149885.2,36190981
江西,2062,128658.5,41372892
重庆,2062,176541.6,29342801
辽宁,2062,133446.9,38992509
云南,2062,117545.2,43222266
广西,2062,100022.1,45895620
山西,2062,114393.8,31970378
内蒙古,2062,163349.4,22018545
贵州,2062,104622.3,35302915
天津,2062,229790.7,12698429
黑龙江,2062,97333.5,29159695
新疆,2062,120783.3,23666503
吉林,2062,115744.4,22036856
甘肃,2062,81556.3,22906611
海南,2062,124195.1,9228563
宁夏,2062,123238.7,6591831
青海,2062,114908.0,5419950
西藏,2062,117985.5,3341692
广东,2063,199573.5,114731902
江苏,2063,241839.2,77164738
山东,2063,170702.3,92442901
浙江,2063,281885.6,58790881
河南,2063,153937.0,90476225
四川,2063,133776.9,76181400
福建,2063,218927.2,37822103
湖北,2063,173260.8,52581282
湖南,2063,144837.7,60493513
上海,2063,353065.7,22644095
安徽,2063,145977.8,55567717
河北,2063,118111.9,67932285
北京,2063,379865.7,19930810
陕西,2063,152548.7,35992001
江西,2063,130944.8,41145422
重庆,2063,179678.7,29181473
辽宁,2063,135818.2,38778126
云南,2063,119633.9,42984629
广西,2063,101799.5,45643284
山西,2063,116426.6,31794604
内蒙古,2063,166252.1,21897486
贵州,2063,106481.4,35108818
天津,2063,233874.1,12628613
黑龙江,2063,99063.1,28999374
新疆,2063,122929.6,23536383
吉林,2063,117801.2,21915696
甘肃,2063,83005.6,22780670
海南,2063,126402.1,9177824
宁夏,2063,125428.7,6555588
青海,2063,116949.9,5390150
西藏,2063,120082.1,3323319
广东,2064,203011.1,114101102
江苏,2064,245196.3,76740484
山东,2064,173816.3,91934647
浙江,2064,288066.6,58467646
河南,2064,157273.9,89978783
四川,2064,136127.2,75762552
福建,2064,222188.0,37614156
湖北,2064,176304.8,52292188
湖南,2064,147382.4,60160917
上海,2064,359141.0,22519597
安徽,2064,148542.5,55262203
河北,2064,120338.6,67558790
北京,2064,386539.5,19821229
陕西,2064,155228.8,35794116
江西,2064,133245.3,40919203
重庆,2064,182835.5,29021032
辽宁,2064,138204.4,38564923
云南,2064,121735.8,42748298
广西,2064,103588.0,45392336
山西,2064,118472.1,31619796
内蒙古,2064,169173.0,21777093
贵州,2064,108352.2,34915788
天津,2064,237983.0,12559180
黑龙江,2064,100803.5,28839934
新疆,2064,125089.4,23406979
吉林,2064,119870.9,21795203
甘肃,2064,84463.9,22655421
海南,2064,128622.8,9127364
宁夏,2064,127632.3,6519546
青海,2064,119004.6,5360515
西藏,2064,122191.9,3305047
广东,2065,206467.1,113473769
江苏,2065,248547.3,76318562
山东,2065,176952.1,91429187
浙江,2065,294320.1,58146189
河南,2065,160649.1,89484076
四川,2065,138491.5,75346007
福建,2065,225451.0,37407352
湖北,2065,179366.8,52004684
湖南,2065,149942.1,59830150
上海,2065,365248.5,22395783
安徽,2065,151122.3,54958370
河北,2065,122582.8,67187350
北京,2065,393252.9,19712252
陕西,2065,157924.8,35597319
江西,2065,135559.5,40694228
重庆,2065,186010.9,28861474
辽宁,2065,140604.7,38352891
云南,2065,123850.1,42513266
广西,2065,105387.1,45142767
山西,2065,120529.7,31445949
内蒙古,2065,172111.1,21657362
贵州,2065,110234.0,34723820
天津,2065,242116.2,12490129
黑龙江,2065,102554.3,28681371
新疆,2065,127261.9,23278287
吉林,2065,121952.7,21675372
甘肃,2065,85930.9,22530860
海南,2065,130856.7,9077181
宁夏,2065,129849.0,6483701
青海,2065,121071.4,5331043
西藏,2065,124314.1,3286876
广东,2066,209940.4,112849886
江苏,2066,251890.4,75898959
山东,2066,180108.8,90926506
浙江,2066,300645.1,57826499
河南,2066,164061.9,88992090
四川,2066,140868.9,74931751
福建,2066,228714.9,37201685
湖北,2066,182446.0,51718760
湖南,2066,152516.1,59501202
上海,2066,371386.4,22272650
安徽,2066,153716.6,54656206
河北,2066,124844.1,66817951
北京,2066,400003.7,19603873
陕西,2066,160635.9,35401603
江西,2066,137886.6,40470489
重庆,2066,189204.1,28702792
辽宁,2066,143018.4,38142026
云南,2066,125976.2,42279527
广西,2066,107196.3,44894570
山西,2066,122598.8,31273058
内蒙古,2066,175065.7,21538289
贵州,2066,112126.4,34532907
天津,2066,246272.6,12421458
黑龙江,2066,104314.8,28523680
新疆,2066,129446.6,23150302
吉林,2066,124046.3,21556200
甘肃,2066,87406.0,22406985
海南,2066,133103.1,9027274
宁夏,2066,132078.1,6448053
青海,2066,123149.8,5301733
西藏,2066,126448.1,3268805
广东,2067,213429.8,112229434
江苏,2067,255224.2,75481664
山东,2067,183285.6,90426588
浙江,2067,307040.4,57508567
河南,2067,167511.8,88502808
四川,2067,143258.8,74519774
福建,2067,231978.2,36997148
湖北,2067,185541.3,51434408
湖南,2067,155103.6,59174062
上海,2067,377552.6,22150195
安徽,2067,156324.5,54355705
河北,2067,127121.8,66450584
北京,2067,406790.0,19496090
陕西,2067,163361.1,35206964
江西,2067,140225.9,40247981
重庆,2067,192414.1,28544983
辽宁,2067,145444.8,37932319
云南,2067,128113.4,42047072
广西,2067,109014.9,44647738
山西,2067,124678.7,31101118
内蒙古,2067,178035.8,21419870
贵州,2067,114028.7,34343044
天津,2067,250450.7,12353164
黑龙江,2067,106084.6,28366855
新疆,2067,131642.7,23023021
吉林,2067,126150.8,21437683
甘肃,2067,88888.9,22283790
海南,2067,135361.3,8977642
宁夏,2067,134318.9,6412602
青海,2067,125239.1,5272583
西藏,2067,128593.4,3250833
广东,2068,216934.2,111612392
江苏,2068,258547.1,75066663
山东,2068,186481.5,89929420
浙江,2068,313504.8,57192383
河南,2068,170997.9,88016216
四川,2068,145660.5,74110061
福建,2068,235239.6,36793737
湖北,2068,188651.8,51151620
湖南,2068,157703.9,58848721
上海,2068,383745.2,22028412
安徽,2068,158945.2,54056855
河北,2068,129415.4,66085236
北京,2068,413609.6,19388900
陕西,2068,166099.8,35013395
江西,2068,142576.7,40026696
重庆,2068,195639.8,28388042
辽宁,2068,147883.1,37723766
云南,2068,130261.2,41815896
广西,2068,110842.5,44402263
山西,2068,126768.9,30930122
内蒙古,2068,181020.5,21302103
贵州,2068,115940.3,34154225
天津,2068,254649.4,12285246
黑龙江,2068,107863.0,28210893
新疆,2068,133849.7,22896439
吉林,2068,128265.6,21319818
甘肃,2068,90379.1,22161273
海南,2068,137630.5,8928283
宁夏,2068,136570.7,6377345
青海,2068,127338.7,5243595
西藏,2068,130749.2,3232960
广东,2069,220452.5,110998743
江苏,2069,261857.4,74653944
山东,2069,189695.5,89434984
浙江,2069,320036.8,56877937
河南,2069,174519.7,87532300
四川,2069,148073.1,73702601
福建,2069,238497.7,36591443
湖北,2069,191776.5,50870386
湖南,2069,160316.0,58525168
上海,2069,389962.2,21907299
安徽,2069,161577.9,53759648
河北,2069,131724.2,65721897
北京,2069,420460.4,19282299
陕西,2069,168851.0,34820890
江西,2069,144938.3,39806628
重庆,2069,198880.3,28231963
辽宁,2069,150332.6,37516359
云南,2069,132418.7,41585990
广西,2069,112678.4,44158138
山西,2069,128868.6,30760067
内蒙古,2069,184018.8,21184983
贵州,2069,117860.6,33966443
天津,2069,258867.3,12217701
黑龙江,2069,109649.6,28055789
新疆,2069,136066.7,22770554
吉林,2069,130390.2,21202601
甘肃,2069,91876.1,22039430
海南,2069,139910.1,8879195
宁夏,2069,138832.8,6342282
青海,2069,129447.9,5214765
西藏,2069,132914.9,3215185
广东,2070,223983.5,110388468
江苏,2070,265153.5,74243494
山东,2070,192926.8,88943267
浙江,2070,326635.2,56565220
河南,2070,178076.3,87051044
四川,2070,150495.9,73297382
福建,2070,241751.0,36390262
湖北,2070,194914.4,50590699
湖南,2070,162939.1,58203395
上海,2070,396201.3,21786852
安徽,2070,164221.7,53464076
河北,2070,134047.4,65360555
北京,2070,427340.1,19176284
陕西,2070,171613.8,34629443
江西,2070,147309.8,39587770
重庆,2070,202134.4,28076743
辽宁,2070,152792.4,37310093
云南,2070,134585.4,41357349
广西,2070,114522.1,43915355
山西,2070,130977.2,30590947
内蒙古,2070,187029.8,21068508
贵州,2070,119789.1,33779695
天津,2070,263102.9,12150528
黑龙江,2070,111443.7,27901537
新疆,2070,138293.0,22645361
吉林,2070,132523.6,21086028
甘肃,2070,93379.4,21918256
海南,2070,142199.4,8830377
宁夏,2070,141104.4,6307412
青海,2070,131565.9,5186094
西藏,2070,135089.6,3197507
广东,2071,227818.1,109651659
江苏,2071,268778.4,73747942
山东,2071,196426.0,88349599
浙江,2071,333726.4,56187665
河南,2071,181900.1,86470005
四川,2071,153124.4,72808145
福建,2071,245312.7,36147369
湖北,2071,198318.7,50253022
湖南,2071,165784.9,57814905
上海,2071,402977.0,21641431
安徽,2071,167089.9,53107220
河北,2071,136559.6,64924294
北京,2071,434803.8,19048288
陕西,2071,174611.1,34398302
江西,2071,149882.7,39323534
重庆,2071,205664.8,27889340
辽宁,2071,155461.0,37061060
云南,2071,136936.0,41081302
广西,2071,116522.3,43622234
山西,2071,133264.8,30386762
内蒙古,2071,190296.3,20927882
贵州,2071,121881.3,33554226
天津,2071,267698.1,12069427
黑龙江,2071,113390.1,27715303
新疆,2071,140708.4,22494210
吉林,2071,134838.2,20945286
甘肃,2071,95010.3,21771959
海南,2071,144683.0,8771437
宁夏,2071,143568.8,6265312
青海,2071,133863.8,5151479
西藏,2071,137449.0,3176165
广东,2072,231695.2,108919769
江苏,2072,272421.6,73255697
山东,2072,199968.9,87759893
浙江,2072,340932.5,55812630
河南,2072,185785.1,85892845
四川,2072,155783.4,72322173
福建,2072,248900.1,35906096
湖北,2072,201762.4,49917599
湖南,2072,168663.7,57429009
上海,2072,409828.0,21496982
安徽,2072,169991.4,52752746
河北,2072,139105.0,64490945
北京,2072,442354.1,18921147
陕西,2072,177643.2,34168704
江西,2072,152485.3,39061061
重庆,2072,209236.1,27703187
辽宁,2072,158160.5,36813689
云南,2072,139313.9,40807097
广西,2072,118545.7,43331069
山西,2072,135578.9,30183940
内蒙古,2072,193600.8,20788195
贵州,2072,123997.7,33330262
天津,2072,272346.7,11988867
黑龙江,2072,115359.1,27530312
新疆,2072,143151.7,22344068
吉林,2072,137179.7,20805482
甘肃,2072,96660.1,21626638
海南,2072,147195.4,8712890
宁夏,2072,146061.9,6223493
青海,2072,136188.3,5117094
西藏,2072,139835.8,3154965
广东,2073,235615.0,108192763
江苏,2073,276082.4,72766738
山东,2073,203555.5,87174123
浙江,2073,348254.4,55440098
河南,2073,189731.7,85319537
四川,2073,158472.8,71839445
福建,2073,252512.8,35666434
湖北,2073,205245.7,49584415
湖南,2073,171575.6,57045688
上海,2073,416754.1,21353496
安徽,2073,172926.1,52400638
河北,2073,141683.6,64060488
北京,2073,449990.9,18794854
陕西,2073,180710.0,33940639
江西,2073,155117.9,38800341
重庆,2073,212848.4,27518277
辽宁,2073,160891.0,36567969
云南,2073,141719.0,40534722
广西,2073,120592.3,43041848
山西,2073,137919.6,29982472
内蒙古,2073,196943.1,20649440
贵州,2073,126138.4,33107793
天津,2073,277048.5,11908846
黑龙江,2073,117350.7,27346556
新疆,2073,145623.1,22194928
吉林,2073,139548.0,20666612
甘肃,2073,98328.9,21482287
海南,2073,149736.6,8654734
宁夏,2073,148583.5,6181953
青海,2073,138539.5,5082939
西藏,2073,142250.0,3133907
广东,2074,239577.3,107470610
江苏,2074,279760.3,72281043
山东,2074,207186.0,86592263
浙江,2074,355692.9,55070052
河南,2074,193740.3,84750056
四川,2074,161192.8,71359939
福建,2074,256150.3,35428372
湖北,2074,208768.4,49253454
湖南,2074,174520.4,56664926
上海,2074,423755.1,21210968
安徽,2074,175894.1,52050880
河北,2074,144295.7,63632904
北京,2074,457714.3,18669404
陕西,2074,183811.6,33714096
江西,2074,157780.2,38541361
重庆,2074,216501.6,27334601
辽宁,2074,163652.4,36323889
云南,2074,144151.4,40264166
广西,2074,122662.0,42754557
山西,2074,140286.7,29782348
内蒙古,2074,200323.4,20511612
贵州,2074,128303.4,32886808
天津,2074,281803.6,11829358
黑龙江,2074,119364.8,27164026
新疆,2074,148122.5,22046784
吉林,2074,141943.1,20528669
甘肃,2074,100016.5,21338899
海南,2074,152306.6,8596967
宁夏,2074,151133.7,6140690
青海,2074,140917.3,5049012
西藏,2074,144691.5,3112989
广东,2075,243582.0,106753278
江苏,2075,283454.6,71798590
山东,2075,210860.2,86014287
浙江,2075,363248.9,54702477
河南,2075,197811.4,84184376
四川,2075,163943.2,70883634
福建,2075,259812.4,35191899
湖北,2075,212330.6,48924703
湖南,2075,177498.2,56286706
上海,2075,430831.0,21069391
安徽,2075,178895.3,51703456
河北,2075,146941.1,63208174
北京,2075,465524.1,18544792
陕西,2075,186947.9,33489065
江西,2075,160472.4,38284109
重庆,2075,220195.7,27152151
辽宁,2075,166444.8,36081439
云南,2075,146611.0,39995415
广西,2075,124755.0,42469183
山西,2075,142680.4,29583560
内蒙古,2075,203741.4,20374703
贵州,2075,130492.6,32667299
天津,2075,286611.9,11750400
黑龙江,2075,121401.5,26982715
新疆,2075,150649.9,21899629
吉林,2075,144365.0,20391647
甘肃,2075,101723.1,21196469
海南,2075,154905.3,8539584
宁夏,2075,153712.4,6099703
青海,2075,143321.7,5015312
西藏,2075,147160.3,3092211
广东,2076,247629.1,106040733
江苏,2076,287164.6,71319356
山东,2076,214578.3,85440168
浙江,2076,370923.1,54337355
河南,2076,201945.4,83622471
四川,2076,166724.0,70410508
福建,2076,263498.4,34957004
湖北,2076,215932.1,48598146
湖南,2076,180508.9,55911009
上海,2076,437981.5,20928760
安徽,2076,181929.8,51358352
河北,2076,149620.1,62786280
北京,2076,473420.4,18421011
陕西,2076,190119.0,33265536
江西,2076,163194.3,38028575
重庆,2076,223930.6,26970919
辽宁,2076,169268.0,35840606
云南,2076,149097.8,39728458
广西,2076,126871.1,42185715
山西,2076,145100.6,29386099
内蒙古,2076,207197.3,20238708
贵州,2076,132706.0,32449255
天津,2076,291473.4,11671970
黑龙江,2076,123460.7,26802614
新疆,2076,153205.2,21753456
吉林,2076,146813.7,20255539
甘肃,2076,103448.5,21054989
海南,2076,157532.8,8482585
宁夏,2076,156319.7,6058990
青海,2076,145752.7,4981836
西藏,2076,149656.4,3071571
广东,2077,251718.5,105332944
江苏,2077,290889.6,70843322
山东,2077,218340.4,84869882
浙江,2077,378716.3,53974670
河南,2077,206142.7,83064318
四川,2077,169535.2,69940540
福建,2077,267207.9,34723677
湖北,2077,219573.0,48273768
湖南,2077,183552.5,55537821
上海,2077,445206.5,20789067
安徽,2077,184997.3,51015551
河北,2077,152332.7,62367201
北京,2077,481402.9,18298057
陕西,2077,193324.6,33043499
江西,2077,165946.0,37774746
重庆,2077,227706.4,26790896
辽宁,2077,172122.1,35601382
云南,2077,151611.8,39463283
广西,2077,129010.3,41904138
山西,2077,147547.1,29189956
内蒙古,2077,210690.9,20103621
贵州,2077,134943.6,32232667
天津,2077,296388.0,11594063
黑龙江,2077,125542.4,26623715
新疆,2077,155788.4,21608258
吉林,2077,149289.2,20120339
甘肃,2077,105192.8,20914453
海南,2077,160189.0,8425967
宁夏,2077,158955.5,6018548
青海,2077,148210.3,4948584
西藏,2077,152179.8,3051069
广东,2078,255849.9,104629880
江苏,2078,294628.8,70370465
山东,2078,222146.3,84303402
浙江,2078,386629.3,53614406
河南,2078,210403.6,82509889
四川,2078,172376.7,69473709
福建,2078,270940.4,34491907
湖北,2078,223253.2,47951556
湖南,2078,186629.0,55167123
上海,2078,452505.7,20650306
安徽,2078,188098.0,50675038
河北,2078,155079.0,61950919
北京,2078,489471.5,18175923
陕西,2078,196564.8,32822944
江西,2078,168727.3,37522611
重庆,2078,231522.9,26612076
辽宁,2078,175007.0,35363753
云南,2078,154152.9,39199878
广西,2078,131172.6,41624441
山西,2078,150020.1,28995123
内蒙古,2078,214222.2,19969436
贵州,2078,137205.4,32017524
天津,2078,301355.7,11516677
黑龙江,2078,127646.6,26446010
新疆,2078,158399.6,21464030
吉林,2078,151791.4,19986042
甘肃,2078,106955.9,20774856
海南,2078,162873.9,8369726
宁夏,2078,161619.7,5978376
青海,2078,150694.4,4915553
西藏,2078,154730.4,3030704
广东,2079,260023.4,103931508
江苏,2079,298381.6,69900764
山东,2079,225996.2,83740703
浙江,2079,394662.8,53256547
河南,2079,214728.6,81959162
四川,2079,175248.4,69009993
福建,2079,274695.4,34261684
湖北,2079,226972.6,47631494
湖南,2079,189738.2,54798900
上海,2079,459878.9,20512472
安徽,2079,191231.7,50336798
河北,2079,157859.0,61537416
北京,2079,497626.0,18054604
陕西,2079,199839.6,32603861
江西,2079,171538.3,37272160
重庆,2079,235380.0,26434448
辽宁,2079,177922.6,35127711
云南,2079,156721.1,38938231
广西,2079,133357.9,41346611
山西,2079,152519.4,28801589
内蒙古,2079,217791.1,19836146
贵州,2079,139491.2,31803817
天津,2079,306376.2,11439806
黑龙江,2079,129773.2,26269491
新疆,2079,161038.5,21320764
吉林,2079,154320.2,19852642
甘肃,2079,108737.7,20636190
海南,2079,165587.4,8313861
宁夏,2079,164312.2,5938472
青海,2079,153205.0,4882744
西藏,2079,157308.2,3010475
广东,2080,264238.7,103237798
江苏,2080,302147.2,69434198
山东,2080,229890.0,83181760
浙江,2080,402817.5,52901076
河南,2080,219117.9,81412110
四川,2080,178150.4,68549373
福建,2080,278472.5,34032998
湖北,2080,230731.0,47313569
湖南,2080,192880.1,54433134
上海,2080,467325.9,20375558
安徽,2080,194398.3,50000816
河北,2080,160672.8,61126673
北京,2080,505866.3,17934096
陕西,2080,203148.8,32386240
江西,2080,174378.8,37023380
重庆,2080,239277.7,26258007
辽宁,2080,180868.8,34893245
云南,2080,159316.3,38678331
广西,2080,135566.2,41070636
山西,2080,155045.0,28609348
内蒙古,2080,221397.6,19703746
贵州,2080,141801.0,31591536
天津,2080,311449.6,11363449
黑龙江,2080,131922.1,26094150
新疆,2080,163705.1,21178455
吉林,2080,156875.6,19720132
甘肃,2080,110538.3,20498450
海南,2080,168329.3,8258368
宁夏,2080,167033.1,5898835
青海,2080,155741.9,4850153
西藏,2080,159913.1,2990381
广东,2081,268875.9,102403663
江苏,2081,306358.3,68873188
山东,2081,234158.9,82509673
浙江,2081,411676.3,52473649
河南,2081,223888.6,80754321
四川,2081,181339.0,67995512
福建,2081,282670.8,33758021
湖北,2081,234860.7,46931288
湖南,2081,196332.3,53993329
上海,2081,475518.8,20210929
安徽,2081,197877.7,49596822
河北,2081,163751.9,60632786
北京,2081,514920.4,17789193
陕西,2081,206784.8,32124568
江西,2081,177499.9,36724241
重庆,2081,243560.4,26045849
辽宁,2081,184106.1,34611317
云南,2081,162167.7,38365820
广西,2081,137992.6,40738796
山西,2081,157820.1,28378192
内蒙古,2081,225360.2,19544545
贵州,2081,144339.0,31336285
天津,2081,317024.0,11271636
黑龙江,2081,134283.3,25883316
新疆,2081,166635.2,21007338
吉林,2081,159683.4,19560798
甘肃,2081,112516.8,20332828
海南,2081,171342.2,8191643
宁夏,2081,170022.7,5851174
青海,2081,158529.4,4810965
西藏,2081,162775.3,2966220
广东,2082,273567.4,101576269
江苏,2082,310591.9,68316711
山东,2082,238483.5,81843017
浙江,2082,420682.3,52049676
河南,2082,228737.6,80101848
四川,2082,184566.4,67446127
福建,2082,286901.4,33485265
湖北,2082,239040.7,46552095
湖南,2082,199826.5,53557077
上海,2082,483807.3,20047630
安徽,2082,201399.5,49196093
河北,2082,166873.4,60142889
北京,2082,524084.7,17645461
陕西,2082,210465.0,31865010
江西,2082,180659.0,36427518
重庆,2082,247895.2,25835405
辽宁,2082,187382.7,34331666
云南,2082,165053.9,38055834
广西,2082,140448.5,40409637
山西,2082,160628.9,28148903
内蒙古,2082,229371.0,19386630
贵州,2082,146907.9,31083096
天津,2082,322666.2,11180564
黑龙江,2082,136673.2,25674186
新疆,2082,169600.9,20837605
吉林,2082,162525.4,19402752
甘肃,2082,114519.3,20168544
海南,2082,174391.6,8125457
宁夏,2082,173048.7,5803898
青海,2082,161350.8,4772094
西藏,2082,165672.3,2942254
广东,2083,278313.1,100755559
江苏,2083,314847.4,67764730
山东,2083,242863.7,81181747
浙江,2083,429836.6,51629128
河南,2083,233665.6,79454646
四川,2083,187832.6,66901180
福建,2083,291163.8,33214713
湖北,2083,243270.9,46175967
湖南,2083,203362.8,53124350
上海,2083,492191.4,19885650
安徽,2083,204963.5,48798602
河北,2083,170037.4,59656950
北京,2083,533359.2,17502890
陕西,2083,214189.6,31607549
江西,2083,183856.0,36133194
重庆,2083,252282.1,25626662
辽宁,2083,190698.7,34054276
云南,2083,167974.8,37748353
广西,2083,142934.0,40083138
山西,2083,163471.5,27921468
内蒙古,2083,233430.1,19229991
贵州,2083,149507.7,30831953
天津,2083,328376.3,11090228
黑龙江,2083,139091.9,25466745
新疆,2083,172602.2,20669242
吉林,2083,165401.5,19245983
甘肃,2083,116545.9,20005588
海南,2083,177477.8,8059805
宁夏,2083,176111.1,5757004
青海,2083,164206.2,4733536
西藏,2083,168604.1,2918481
广东,2084,283112.9,99941481
江苏,2084,319124.1,67217209
山东,2084,247299.9,80525820
浙江,2084,439140.5,51211979
河南,2084,238673.0,78812673
四川,2084,191137.6,66360636
福建,2084,295457.6,32946346
湖北,2084,247551.4,45802877
湖南,2084,206941.1,52695119
上海,2084,500671.0,19724979
安徽,2084,208570.0,48404322
河北,2084,173244.0,59174938
北京,2084,542744.1,17361471
陕西,2084,217958.4,31352168
江西,2084,187091.1,35841247
重庆,2084,256721.2,25419605
辽宁,2084,194054.2,33779126
云南,2084,170930.5,37443356
广西,2084,145449.0,39759277
山西,2084,166347.9,27695869
内蒙古,2084,237537.5,19074618
贵州,2084,152138.4,30582839
天津,2084,334154.4,11000622
黑龙江,2084,141539.3,25260981
新疆,2084,175639.3,20502240
吉林,2084,168311.9,19090480
甘肃,2084,118596.6,19843948
海南,2084,180600.6,7994684
宁夏,2084,179209.9,5710489
青海,2084,167095.5,4695291
西藏,2084,171570.9,2894900
广东,2085,287967.0,99133980
江苏,2085,323421.2,66674112
山东,2085,251792.2,79875192
浙江,2085,448595.0,50798199
河南,2085,243760.6,78175888
四川,2085,194481.6,65824459
福建,2085,299782.2,32680149
湖北,2085,251882.3,45432802
湖南,2085,210561.5,52269357
上海,2085,509246.0,19565607
安徽,2085,212219.0,48013228
河北,2085,176493.4,58696820
北京,2085,552239.4,17221195
陕西,2085,221771.6,31098851
江西,2085,190364.3,35551659
重庆,2085,261212.5,25214222
辽宁,2085,197449.2,33506200
云南,2085,173920.9,37140824
广西,2085,147993.7,39438032
山西,2085,169258.1,27472094
内蒙古,2085,241693.2,18920500
贵州,2085,154800.0,30335737
天津,2085,340000.4,10911740
黑龙江,2085,144015.5,25056879
新疆,2085,178712.1,20336587
吉林,2085,171256.5,18936234
甘肃,2085,120671.5,19683614
海南,2085,183760.2,7930089
宁夏,2085,182345.1,5664349
青海,2085,170018.9,4657354
西藏,2085,174572.5,2871510
广东,2086,292875.1,98333004
江苏,2086,327738.0,66135402
山东,2086,256340.6,79229822
浙江,2086,458201.3,50387763
河南,2086,248929.0,77544247
四川,2086,197864.4,65292615
福建,2086,304137.3,32416102
湖北,2086,256263.6,45065717
湖南,2086,214224.1,51847034
上海,2086,517916.5,19407522
安徽,2086,215910.3,47625293
河北,2086,179785.8,58222565
北京,2086,561845.1,17082053
陕西,2086,225629.1,30847581
江西,2086,193675.5,35264411
重庆,2086,265756.0,25010497
辽宁,2086,200883.7,33235478
云南,2086,176946.1,36840736
广西,2086,150567.9,39119383
山西,2086,172202.2,27250127
内蒙古,2086,245897.3,18767627
贵州,2086,157492.7,30090633
天津,2086,345914.4,10823576
黑龙江,2086,146520.5,24854426
新疆,2086,181820.6,20172273
吉林,2086,174235.4,18783235
甘肃,2086,122770.4,19524575
海南,2086,186956.6,7866016
宁夏,2086,185516.9,5618583
青海,2086,172976.2,4619724
西藏,2086,177609.0,2848309
广东,2087,297837.3,97538499
江苏,2087,332073.5,65601046
山东,2087,260945.2,78589666
浙江,2087,467960.5,49980643
河南,2087,254178.5,76917710
四川,2087,201286.1,64765068
福建,2087,308522.1,32154188
湖北,2087,260695.2,44701598
湖南,2087,217928.7,51428124
上海,2087,526682.2,19250714
安徽,2087,219644.1,47240494
河北,2087,183121.3,57752142
北京,2087,571561.2,16944034
陕西,2087,229530.9,30598340
江西,2087,197024.8,34979484
重庆,2087,270351.8,24808419
辽宁,2087,204357.6,32966944
云南,2087,180006.1,36543072
广西,2087,153171.7,38803309
山西,2087,175180.2,27029953
内蒙古,2087,250149.6,18615990
贵州,2087,160216.2,29847508
天津,2087,351896.4,10736124
黑龙江,2087,149054.3,24653608
新疆,2087,184964.9,20009287
吉林,2087,177248.5,18631471
甘肃,2087,124893.5,19366822
海南,2087,190189.6,7802461
宁夏,2087,188725.1,5573186
青海,2087,175967.5,4582398
西藏,2087,180680.4,2825296
广东,2088,302853.5,96750414
江苏,2088,336426.9,65071007
山东,2088,265606.2,77954682
浙江,2088,477873.7,49576813
河南,2088,259509.9,76296235
四川,2088,204746.7,64241783
福建,2088,312936.2,31894391
湖北,2088,265177.2,44340420
湖南,2088,221675.4,51012598
上海,2088,535543.0,19095173
安徽,2088,223420.3,46858803
河北,2088,186500.0,57285520
北京,2088,581387.7,16807131
陕西,2088,233477.1,30351114
江西,2088,200412.1,34696859
重庆,2088,274999.8,24607974
辽宁,2088,207871.0,32700580
云南,2088,183100.8,36247814
广西,2088,155805.1,38489788
山西,2088,178191.9,26811558
内蒙古,2088,254450.3,18465578
贵州,2088,162970.7,29606348
天津,2088,357946.3,10649379
黑龙江,2088,151616.9,24454414
新疆,2088,188144.9,19847617
吉林,2088,180295.8,18480934
甘肃,2088,127040.8,19210343
海南,2088,193459.5,7739419
宁夏,2088,191969.7,5528156
青海,2088,178992.8,4545373
西藏,2088,183786.8,2802468
广东,2089,307923.5,95968696
江苏,2089,340797.6,64545250
山东,2089,270323.7,77324829
浙江,2089,487941.8,49176245
河南,2089,264923.7,75679782
四川,2089,208246.2,63722727
福建,2089,317379.1,31636692
湖北,2089,269709.5,43982162
湖南,2089,225464.2,50600430
上海,2089,544498.7,18940889
安徽,2089,227238.9,46480196
河北,2089,189922.0,56822668
北京,2089,591324.5,16671334
陕西,2089,237467.6,30105885
江西,2089,203837.4,34416517
重庆,2089,279700.0,24409148
辽宁,2089,211423.8,32436368
云南,2089,186230.3,35954941
广西,2089,158468.0,38178801
山西,2089,181237.5,26594928
内蒙古,2089,258799.3,18316381
贵州,2089,165756.1,29367137
天津,2089,364064.2,10563335
黑龙江,2089,154208.3,24256828
新疆,2089,191360.6,19687253
吉林,2089,183377.3,18331613
甘肃,2089,129212.1,19055129
海南,2089,196766.0,7676886
宁夏,2089,195250.8,5483490
青海,2089,182052.1,4508648
西藏,2089,186928.0,2779825
广东,2090,313047.3,95193294
江苏,2090,345184.5,64023741
山东,2090,275097.6,76700065
浙江,2090,498166.1,48778914
河南,2090,270420.4,75068309
四川,2090,211784.4,63207864
福建,2090,321850.0,31381076
湖北,2090,274292.0,43626797
湖南,2090,229295.0,50191592
上海,2090,553549.2,18787852
安徽,2090,231099.9,46104648
河北,2090,193387.4,56363556
北京,2090,601371.6,16536634
陕西,2090,241502.4,29862637
江西,2090,207300.8,34138441
重庆,2090,284452.3,24211928
辽宁,2090,215016.1,32174291
云南,2090,189394.5,35664435
广西,2090,161160.5,37870326
山西,2090,184316.9,26380048
内蒙古,2090,263196.4,18168389
贵州,2090,168572.5,29129858
天津,2090,370249.9,10477986
黑龙江,2090,156828.4,24060840
新疆,2090,194611.9,19528185
吉林,2090,186493.0,18183498
甘肃,2090,131407.5,18901168
海南,2090,200109.2,7614859
宁夏,2090,198568.2,5439185
青海,2090,185145.3,4472219
西藏,2090,190104.0,2757365
广东,2091,318798.2,94308007
江苏,2091,351525.7,63428328
山东,2091,280151.3,75986763
浙江,2091,507317.7,48325276
河南,2091,275388.2,74370182
四川,2091,215675.0,62620038
福建,2091,327762.6,31089236
湖北,2091,279331.0,43221073
湖南,2091,233507.3,49724815
上海,2091,563718.3,18613127
安徽,2091,235345.3,45675880
河北,2091,196940.0,55839381
北京,2091,612419.2,16382845
陕西,2091,245938.9,29584918
江西,2091,211109.0,33820957
重庆,2091,289677.9,23986760
辽宁,2091,218966.1,31875074
云南,2091,192873.8,35332759
广西,2091,164121.1,37518137
山西,2091,187702.9,26134716
内蒙古,2091,268031.5,17999425
贵州,2091,171669.3,28858954
天津,2091,377051.6,10380542
黑龙江,2091,159709.5,23837077
新疆,2091,198187.1,19346576
吉林,2091,189919.0,18014394
甘肃,2091,133821.5,18725390
海南,2091,203785.3,7544042
宁夏,2091,202216.0,5388601
青海,2091,188546.5,4430628
西藏,2091,193596.4,2731721
广东,2092,324622.5,93430953
江苏,2092,357948.0,62838452
山东,2092,285269.6,75280094
浙江,2092,516586.3,47875856
河南,2092,280419.5,73678548
四川,2092,219615.4,62037678
福建,2092,333750.8,30800110
湖北,2092,284434.3,42819122
湖南,2092,237773.4,49262380
上海,2092,574017.3,18440027
安徽,2092,239645.0,45251100
河北,2092,200538.1,55320081
北京,2092,623608.0,16230486
陕西,2092,250432.2,29309782
江西,2092,214966.0,33506426
重庆,2092,294970.3,23763686
辽宁,2092,222966.5,31578639
云南,2092,196397.5,35004169
广西,2092,167119.6,37169222
山西,2092,191132.2,25891666
内蒙古,2092,272928.4,17832033
贵州,2092,174805.6,28590569
天津,2092,383940.3,10284004
黑龙江,2092,162627.3,23615395
新疆,2092,201807.9,19166655
吉林,2092,193388.8,17846862
甘肃,2092,136266.4,18551246
海南,2092,207508.4,7473883
宁夏,2092,205910.5,5338488
青海,2092,191991.2,4389423
西藏,2092,197133.3,2706317
广东,2093,330520.6,92562056
江苏,2093,364451.6,62254061
山东,2093,290452.6,74579998
浙江,2093,525972.1,47430616
河南,2093,285514.4,72993346
四川,2093,223605.5,61460735
福建,2093,339814.7,30513672
湖北,2093,289602.1,42420909
湖南,2093,242093.5,48804246
上海,2093,584446.5,18268537
安徽,2093,243999.1,44830270
河北,2093,204181.6,54805611
北京,2093,634938.2,16079545
陕西,2093,254982.2,29037204
江西,2093,218871.7,33194820
重庆,2093,300329.5,23542686
辽宁,2093,227017.6,31284961
云南,2093,199965.8,34678634
广西,2093,170156.0,36823553
山西,2093,194604.8,25650877
内蒙古,2093,277887.2,17666197
贵州,2093,177981.6,28324680
天津,2093,390916.0,10188364
黑龙江,2093,165582.1,23395774
新疆,2093,205474.6,18988407
吉林,2093,196902.5,17680888
甘肃,2093,138742.2,18378721
海南,2093,211278.6,7404377
宁夏,2093,209651.7,5288841
青海,2093,195479.5,4348602
西藏,2093,200715.0,2681148
广东,2094,336492.4,91701239
江苏,2094,371036.4,61675105
山东,2094,295700.5,73886412
浙江,2094,535475.3,46989517
河南,2094,290673.0,72314516
四川,2094,227645.6,60889157
福建,2094,345954.4,30229898
湖北,2094,294834.6,42026399
湖南,2094,246467.6,48350372
上海,2094,595006.3,18098642
安徽,2094,248407.7,44413353
河北,2094,207870.8,54295925
北京,2094,646410.2,15930007
陕西,2094,259589.2,28767161
江西,2094,222826.2,32886112
重庆,2094,305755.9,23323742
辽宁,2094,231119.3,30994015
云南,2094,203578.8,34356127
广西,2094,173230.3,36481098
山西,2094,198120.9,25412327
内蒙古,2094,282908.1,17501903
贵州,2094,181197.4,28061263
天津,2094,397979.1,10093613
黑龙江,2094,168573.8,23178196
新疆,2094,209187.1,18811817
吉林,2094,200460.1,17516458
甘肃,2094,141249.0,18207801
海南,2094,215096.0,7335517
宁夏,2094,213439.6,5239655
青海,2094,199011.4,4308161
西藏,2094,204341.5,2656214
广东,2095,342538.1,90848428
江苏,2095,377702.8,61101534
山东,2095,301013.3,73199277
浙江,2095,545096.2,46552520
河南,2095,295895.5,71641999
四川,2095,231735.7,60322895
福建,2095,352170.2,29948764
湖北,2095,300131.9,41635559
湖南,2095,250895.9,47900719
上海,2095,605696.7,17930326
安徽,2095,252870.8,44000314
河北,2095,211605.6,53790979
北京,2095,658024.3,15781859
陕西,2095,264253.3,28499630
江西,2095,226829.7,32580275
重庆,2095,311249.4,23106834
辽宁,2095,235271.8,30705774
云南,2095,207236.5,34036619
广西,2095,176342.8,36141828
山西,2095,201680.6,25175995
内蒙古,2095,287991.1,17339137
贵州,2095,184453.0,27800297
天津,2095,405129.6,9999744
黑龙江,2095,171602.6,22962641
新疆,2095,212945.5,18636869
吉林,2095,204061.8,17353557
甘肃,2095,143786.8,18038471
海南,2095,218960.6,7267297
宁夏,2095,217274.5,5190927
青海,2095,202587.0,4268095
西藏,2095,208012.9,2631511
广东,2096,348657.9,90003548
江苏,2096,384450.9,60533297
山东,2096,306391.3,72518532
浙江,2096,554834.9,46119587
河南,2096,301182.0,70975737
四川,2096,235875.9,59761899
福建,2096,358462.0,29670244
湖北,2096,305494.1,41248353
湖南,2096,255378.4,47455248
上海,2096,616518.1,17763576
安徽,2096,257388.6,43591116
河北,2096,215386.1,53290729
北京,2096,669780.6,15635090
陕西,2096,268974.4,28234587
江西,2096,230882.3,32277282
重庆,2096,316810.2,22891943
辽宁,2096,239475.2,30420214
云南,2096,210939.0,33720082
广西,2096,179493.3,35805713
山西,2096,205283.8,24941861
内蒙古,2096,293136.3,17177885
贵州,2096,187748.4,27541757
天津,2096,412367.6,9906747
黑龙江,2096,174668.4,22749091
新疆,2096,216750.0,18463548
吉林,2096,207707.5,17192170
甘肃,2096,146355.7,17870715
海南,2096,222872.6,7199712
宁夏,2096,221156.3,5142652
青海,2096,206206.5,4228403
西藏,2096,211729.3,2607039
广东,2097,354851.9,89166525
江苏,2097,391280.7,59970344
山东,2097,311834.3,71844118
浙江,2097,564691.6,45690680
河南,2097,306532.6,70315670
四川,2097,240066.3,59206120
福建,2097,364830.2,29394314
湖北,2097,310921.2,40864748
湖南,2097,259915.3,47013919
上海,2097,627470.6,17598377
安徽,2097,261961.1,43185724
河北,2097,219212.5,52795131
北京,2097,681679.3,15489685
陕西,2097,273752.8,27972008
江西,2097,234983.9,31977107
重庆,2097,322438.3,22679050
辽宁,2097,243729.5,30137309
云南,2097,214686.4,33406489
广西,2097,182682.0,35472724
山西,2097,208930.7,24709904
内蒙古,2097,298343.9,17018133
贵州,2097,191083.8,27285622
天津,2097,419693.4,9814616
黑龙江,2097,177771.4,22537527
新疆,2097,220600.6,18291839
吉林,2097,211397.5,17032285
甘肃,2097,148955.8,17704519
海南,2097,226831.9,7132756
宁夏,2097,225085.2,5094826
青海,2097,209869.7,4189079
西藏,2097,215490.7,2582794
广东,2098,361120.0,88337287
江苏,2098,398192.3,59412626
山东,2098,317342.6,71175976
浙江,2098,574666.4,45265762
河南,2098,311947.2,69661743
四川,2098,244306.9,58655510
福建,2098,371274.6,29120950
湖北,2098,316413.4,40484710
湖南,2098,264506.4,46576695
上海,2098,638554.4,17434714
安徽,2098,266588.5,42784101
河北,2098,223084.7,52304142
北京,2098,693720.6,15345633
陕西,2098,278588.4,27711872
江西,2098,239134.7,31679724
重庆,2098,328133.9,22468138
辽宁,2098,248034.8,29857036
云南,2098,218478.6,33095812
广西,2098,185908.9,35142831
山西,2098,212621.3,24480105
内蒙古,2098,303613.9,16859866
贵州,2098,194459.1,27031869
天津,2098,427106.9,9723341
黑龙江,2098,180911.6,22327931
新疆,2098,224497.3,18121727
吉林,2098,215131.6,16873887
甘肃,2098,151586.9,17539869
海南,2098,230838.7,7066422
宁夏,2098,229061.1,5047444
青海,2098,213576.9,4150121
西藏,2098,219297.1,2558774
广东,2099,367462.5,87515760
江苏,2099,405185.9,58860096
山东,2099,322916.2,70514047
浙江,2099,584759.4,44844795
河南,2099,317426.0,69013896
四川,2099,248597.7,58110020
福建,2099,377795.4,28850128
湖北,2099,321970.6,40108207
湖南,2099,269152.0,46143537
上海,2099,649769.5,17272573
安徽,2099,271270.6,42386214
河北,2099,227002.8,51817720
北京,2099,705904.5,15202920
陕西,2099,283481.3,27454154
江西,2099,243334.7,31385106
重庆,2099,333897.0,22259187
辽宁,2099,252391.1,29579368
云南,2099,222315.8,32788025
广西,2099,189174.1,34816007
山西,2099,216355.6,24252443
内蒙古,2099,308946.4,16703071
贵州,2099,197874.4,26780475
天津,2099,434608.3,9632915
黑龙江,2099,184089.0,22120284
新疆,2099,228440.2,17953197
吉林,2099,218910.0,16716962
甘肃,2099,154249.3,17376750
海南,2099,234893.0,7000705
宁夏,2099,233084.2,5000504
青海,2099,217328.0,4111525
西藏,2099,223148.7,2534978
广东,2100,373879.2,86701873
江苏,2100,412261.4,58312703
山东,2100,328555.0,69858275
浙江,2100,594970.7,44427744
河南,2100,322969.0,68372075
四川,2100,252938.8,57569604
福建,2100,384392.5,28581825
湖北,2100,327593.0,39735205
湖南,2100,273852.0,45714407
上海,2100,661115.9,17111940
安徽,2100,276007.6,41992027
河北,2100,230966.8,51335821
北京,2100,718231.2,15061535
陕西,2100,288431.6,27198834
江西,2100,247583.9,31093228
重庆,2100,339727.6,22052179
辽宁,2100,256798.4,29304284
云南,2100,226197.9,32483100
广西,2100,192477.5,34492222
山西,2100,220133.7,24026898
内蒙古,2100,314341.3,16547735
贵州,2100,201329.8,26531420
天津,2100,442197.5,9543330
黑龙江,2100,187303.6,21914568
新疆,2100,232429.3,17786235
吉林,2100,222732.7,16561496
甘肃,2100,156942.8,17215149
海南,2100,238994.8,6935599
宁夏,2100,237154.4,4954000
青海,2100,221123.1,4073289
西藏,2100,227045.4,2511403
广东,2101,379107.5,86181652
江苏,2101,418026.4,57962821
山东,2101,333149.6,69439117
浙江,2101,603290.7,44161172
河南,2101,327485.4,67961835
四川,2101,256475.9,57224180
福建,2101,389767.9,28410331
湖北,2101,332174.0,39496789
湖南,2101,277681.6,45440116
上海,2101,670361.0,17009267
安徽,2101,279867.3,41740070
河北,2101,234196.6,51027800
北京,2101,728275.0,14971164
陕西,2101,292465.0,27035638
江西,2101,251046.1,30906665
重庆,2101,344478.4,21919863
辽宁,2101,260389.5,29128455
云南,2101,229361.1,32288198
广西,2101,195169.1,34285265
山西,2101,223212.0,23882734
内蒙古,2101,318737.0,16448446
贵州,2101,204145.2,26372229
天津,2101,448381.2,9486069
黑龙江,2101,189922.9,21783078
新疆,2101,235679.6,17679515
吉林,2101,225847.4,16462125
甘肃,2101,159137.5,17111856
海南,2101,242336.9,6893985
宁夏,2101,240470.7,4924275
青海,2101,224215.2,4048848
西藏,2101,230220.4,2496334
广东,2102,384370.8,85664553
江苏,2102,423830.1,57615037
山东,2102,337774.8,69022475
浙江,2102,611666.5,43896200
河南,2102,332032.0,67554056
四川,2102,260036.6,56880828
福建,2102,395179.2,28239866
湖北,2102,336785.8,39259804
湖南,2102,281536.8,45167470
上海,2102,679667.9,16907209
安徽,2102,283752.8,41489625
河北,2102,237448.1,50721628
北京,2102,738385.9,14881335
陕西,2102,296525.4,26873421
江西,2102,254531.5,30721222
重庆,2102,349260.9,21788342
辽宁,2102,264004.6,28953681
云南,2102,232545.4,32094465
广西,2102,197878.7,34079550
山西,2102,226311.0,23739435
内蒙古,2102,323162.2,16349754
贵州,2102,206979.4,26213992
天津,2102,454606.3,9429151
黑龙江,2102,192559.7,21652377
新疆,2102,238951.6,17573436
吉林,2102,228982.9,16363350
甘肃,2102,161346.9,17009183
海南,2102,245701.3,6852620
宁夏,2102,243809.3,4894729
青海,2102,227328.1,4024555
西藏,2102,233416.6,2481356
广东,2103,389668.6,85150556
江苏,2103,429671.6,57269341
山东,2103,342430.3,68608332
浙江,2103,620096.9,43632818
河南,2103,336608.3,67148724
四川,2103,263620.7,56539537
福建,2103,400625.9,28070424
湖北,2103,341427.6,39024241
湖南,2103,285417.1,44896460
上海,2103,689035.6,16805764
安徽,2103,287663.7,41240683
河北,2103,240720.8,50417292
北京,2103,748563.0,14792046
陕西,2103,300612.3,26712177
江西,2103,258039.6,30536891
重庆,2103,354074.7,21657609
辽宁,2103,267643.3,28779955
云南,2103,235750.5,31901895
广西,2103,200606.1,33875068
山西,2103,229430.2,23596996
内蒙古,2103,327616.3,16251654
贵州,2103,209832.2,26056705
天津,2103,460872.0,9372575
黑龙江,2103,195213.7,21522460
新疆,2103,242245.1,17467994
吉林,2103,232139.0,16265169
甘肃,2103,163570.7,16907126
海南,2103,249087.8,6811504
宁夏,2103,247169.7,4865360
青海,2103,230461.3,4000407
西藏,2103,236633.8,2466467
广东,2104,395000.1,84639643
江苏,2104,435550.5,56925718
山东,2104,347115.5,68196675
浙江,2104,628581.2,43371016
河南,2104,341213.9,66745825
四川,2104,267227.6,56200293
福建,2104,406107.3,27901998
湖北,2104,346099.1,38790091
湖南,2104,289322.3,44627076
上海,2104,698463.1,16704928
安徽,2104,291599.6,40993234
河北,2104,244014.4,50114783
北京,2104,758805.0,14703292
陕西,2104,304725.4,26551901
江西,2104,261570.2,30353666
重庆,2104,358919.2,21527661
辽宁,2104,271305.2,28607273
云南,2104,238976.1,31710480
广西,2104,203350.8,33671814
山西,2104,232569.3,23455411
内蒙古,2104,332098.8,16154142
贵州,2104,212703.1,25900362
天津,2104,467177.8,9316339
黑龙江,2104,197884.6,21393323
新疆,2104,245559.5,17363184
吉林,2104,235315.1,16167576
甘肃,2104,165808.7,16805681
海南,2104,252495.9,6770634
宁夏,2104,250551.5,4836167
青海,2104,233614.6,3976404
西藏,2104,239871.5,2451668
广东,2105,400364.8,84131796
江苏,2105,441466.0,56584158
山东,2105,351829.9,67787487
浙江,2105,637118.4,43110785
河南,2105,345848.1,66345342
四川,2105,270857.0,55863085
福建,2105,411622.9,27734583
湖北,2105,350799.7,38557346
湖南,2105,293251.7,44359309
上海,2105,707949.4,16604696
安徽,2105,295560.0,40747270
河北,2105,247328.5,49814089
北京,2105,769110.8,14615070
陕西,2105,308864.0,26392587
江西,2105,265122.7,30171541
重庆,2105,363793.9,21398493
辽宁,2105,274990.0,28435626
云南,2105,242221.8,31520213
广西,2105,206112.6,33469780
山西,2105,235727.9,23314676
内蒙古,2105,336609.2,16057215
贵州,2105,215592.0,25744957
天津,2105,473522.8,9260440
黑龙江,2105,200572.2,21264961
新疆,2105,248894.6,17259003
吉林,2105,238511.1,16070568
甘肃,2105,168060.7,16704845
海南,2105,255925.2,6730010
宁夏,2105,253954.4,4807150
青海,2105,236787.4,3952545
西藏,2105,243129.3,2436958
广东,2106,405762.1,83626996
江苏,2106,447417.4,56244647
山东,2106,356572.9,67380755
浙江,2106,645707.4,42852116
河南,2106,350510.5,65947263
四川,2106,274508.4,55527901
福建,2106,417172.0,27568172
湖北,2106,355528.8,38325998
湖南,2106,297205.0,44093148
上海,2106,717493.2,16505066
安徽,2106,299544.5,40502782
河北,2106,250662.7,49515199
北京,2106,779479.1,14527378
陕西,2106,313027.8,26234229
江西,2106,268696.8,29990508
重庆,2106,368698.2,21270099
辽宁,2106,278697.1,28265009
云南,2106,245487.2,31331089
广西,2106,208891.2,33268957
山西,2106,238905.8,23174785
内蒙古,2106,341147.0,15960870
贵州,2106,218498.4,25590485
天津,2106,479906.4,9204876
黑龙江,2106,203276.1,21137369
新疆,2106,252249.9,17155447
吉林,2106,241726.5,15974143
甘肃,2106,170326.3,16604614
海南,2106,259375.3,6689629
宁夏,2106,257377.9,4778306
青海,2106,239979.6,3928830
西藏,2106,246406.9,2422336
广东,2107,411191.4,83125225
江苏,2107,453404.0,55907172
山东,2107,361344.0,66976463
浙江,2107,654347.2,42594998
河南,2107,355200.4,65551572
四川,2107,278181.4,55194727
福建,2107,422753.9,27402760
湖北,2107,360285.9,38096038
湖南,2107,301181.8,43828584
上海,2107,727093.6,16406034
安徽,2107,303552.5,40259761
河北,2107,254016.7,49218102
北京,2107,789908.9,14440212
陕西,2107,317216.3,26076820
江西,2107,272292.1,29810562
重庆,2107,373631.6,21142476
辽宁,2107,282426.2,28095416
云南,2107,248771.9,31143099
广西,2107,211686.3,33069340
山西,2107,242102.4,23035734
内蒙古,2107,345711.7,15865103
贵州,2107,221422.0,25436939
天津,2107,486327.7,9149646
黑龙江,2107,205996.1,21010542
新疆,2107,255625.2,17052512
吉林,2107,244960.9,15878297
甘肃,2107,172605.3,16504985
海南,2107,262845.8,6649490
宁夏,2107,260821.8,4749636
青海,2107,243190.6,3905256
西藏,2107,249703.9,2407802
广东,2108,416651.9,82626464
江苏,2108,459425.1,55571723
山东,2108,366142.6,66574596
浙江,2108,663036.8,42339424
河南,2108,359917.4,65158255
四川,2108,281875.6,54863553
福建,2108,428368.0,27238341
湖北,2108,365070.4,37867457
湖南,2108,305181.4,43565608
上海,2108,736749.2,16307596
安徽,2108,307583.6,40018198
河北,2108,257390.0,48922788
北京,2108,800398.7,14353570
陕西,2108,321428.8,25920357
江西,2108,275908.1,29631695
重庆,2108,378593.3,21015619
辽宁,2108,286176.8,27926840
云南,2108,252075.6,30956237
广西,2108,214497.4,32870920
山西,2108,245317.5,22897517
内蒙古,2108,350302.7,15769911
贵州,2108,224362.4,25284314
天津,2108,492786.0,9094747
黑龙江,2108,208731.6,20884476
新疆,2108,259019.8,16950195
吉林,2108,248213.9,15783025
甘肃,2108,174897.5,16405953
海南,2108,266336.4,6609593
宁夏,2108,264285.4,4721138
青海,2108,246420.1,3881824
西藏,2108,253020.0,2393354
广东,2109,422143.1,82130696
江苏,2109,465479.9,55238287
山东,2109,370968.0,66175141
浙江,2109,671775.1,42085383
河南,2109,364660.9,64767298
四川,2109,285590.5,54534365
福建,2109,434013.5,27074908
湖北,2109,369881.8,37640248
湖南,2109,309203.4,43304210
上海,2109,746459.0,16209749
安徽,2109,311637.3,39778084
河北,2109,260782.1,48629246
北京,2109,810947.3,14267447
陕西,2109,325665.0,25764832
江西,2109,279544.3,29453902
重庆,2109,383582.9,20889523
辽宁,2109,289948.4,27759276
云南,2109,255397.7,30770496
广西,2109,217324.3,32673691
山西,2109,248550.6,22760129
内蒙古,2109,354919.4,15675290
贵州,2109,227319.3,25132606
天津,2109,499280.6,9040177
黑龙江,2109,211482.5,20759167
新疆,2109,262433.5,16848492
吉林,2109,251485.2,15688325
甘肃,2109,177202.5,16307515
海南,2109,269846.5,6569934
宁夏,2109,267768.5,4692810
青海,2109,249667.7,3858533
西藏,2109,256354.6,2378994
广东,2110,427664.1,81637903
江苏,2110,471567.8,54906851
山东,2110,375819.8,65778083
浙江,2110,680560.9,41832866
河南,2110,369430.1,64378687
四川,2110,289325.6,54207153
福建,2110,439689.8,26912455
湖北,2110,374719.3,37414403
湖南,2110,313247.4,43044380
上海,2110,756221.6,16112488
安徽,2110,315713.1,39539411
河北,2110,264192.8,48337465
北京,2110,821553.3,14181840
陕西,2110,329924.3,25610240
江西,2110,283200.4,29277175
重庆,2110,388599.6,20764184
辽宁,2110,293740.5,27592717
云南,2110,258737.9,30585869
广西,2110,220166.6,32477645
山西,2110,251801.3,22623566
内蒙古,2110,359561.2,15581236
贵州,2110,230292.3,24981807
天津,2110,505810.4,8985935
黑龙江,2110,214248.4,20634610
新疆,2110,265865.7,16747399
吉林,2110,254774.2,15594193
甘肃,2110,179520.1,16209669
海南,2110,273375.7,6530514
宁夏,2110,271270.5,4664653
青海,2110,252933.0,3835381
西藏,2110,259707.3,2364720
广东,2111,433214.3,81148066
江苏,2111,477687.8,54577404
山东,2111,380697.1,65383407
浙江,2111,689393.2,41581864
河南,2111,374224.6,63992408
四川,2111,293080.5,53881904
福建,2111,445396.1,26750978
湖北,2111,379582.4,37189912
湖南,2111,317312.7,42786108
上海,2111,766035.8,16015812
安徽,2111,319810.4,39302170
河北,2111,267621.5,48047435
北京,2111,832215.5,14096748
陕西,2111,334206.0,25456575
江西,2111,286875.7,29101509
重庆,2111,393642.8,20639596
辽宁,2111,297552.6,27427158
云南,2111,262095.8,30402351
广西,2111,223023.9,32282776
山西,2111,255069.1,22487822
内蒙古,2111,364227.6,15487747
贵州,2111,233281.1,24831914
天津,2111,512374.8,8932019
黑龙江,2111,217029.0,20510800
新疆,2111,269316.1,16646913
吉林,2111,258080.7,15500627
甘肃,2111,181849.9,16112409
海南,2111,276923.5,6491330
宁夏,2111,274791.1,4636664
青海,2111,256215.6,3812368
西藏,2111,263077.8,2350531
广东,2112,438793.0,80661169
江苏,2112,483839.1,54249933
山东,2112,385599.5,64991100
浙江,2112,698270.8,41332368
河南,2112,379043.6,63608447
四川,2112,296854.6,53558607
福建,2112,451131.6,26590469
湖北,2112,384470.4,36966769
湖南,2112,321398.9,42529387
上海,2112,775900.4,15919715
安徽,2112,323928.7,39066353
河北,2112,271067.8,47759145
北京,2112,842932.2,14012166
陕西,2112,338509.7,25303833
江西,2112,290569.9,28926896
重庆,2112,398711.9,20515756
辽宁,2112,301384.3,27262592
云南,2112,265471.0,30219933
广西,2112,225895.9,32089075
山西,2112,258353.8,22352893
内蒙古,2112,368917.9,15394819
贵州,2112,236285.1,24682919
天津,2112,518972.9,8878426
黑龙江,2112,219823.7,20387733
新疆,2112,272784.2,16547030
吉林,2112,261404.1,15407621
甘肃,2112,184191.6,16015732
海南,2112,280489.6,6452381
宁夏,2112,278329.6,4608844
青海,2112,259515.0,3789494
西藏,2112,266465.5,2336428
广东,2113,444399.3,80177193
江苏,2113,490021.0,53924427
山东,2113,390526.2,64601146
浙江,2113,707192.5,41084369
河南,2113,383886.5,63226789
四川,2113,300647.4,53237249
福建,2113,456895.7,26430923
湖北,2113,389382.7,36744964
湖南,2113,325505.3,42274206
上海,2113,785813.9,15824195
安徽,2113,328067.5,38831951
河北,2113,274531.1,47472584
北京,2113,853702.2,13928091
陕西,2113,342834.8,25152007
江西,2113,294282.5,28753332
重庆,2113,403806.2,20392660
辽宁,2113,305235.0,27099013
云南,2113,268862.8,30038610
广西,2113,228782.1,31896537
山西,2113,261654.7,22218773
内蒙古,2113,373631.5,15302448
贵州,2113,239304.1,24534819
天津,2113,525603.7,8825154
黑龙江,2113,222632.4,20265404
新疆,2113,276269.5,16447746
吉林,2113,264744.0,15315174
甘肃,2113,186545.0,15919636
海南,2113,284073.3,6413666
宁夏,2113,281885.8,4581190
青海,2113,262830.7,3766756
西藏,2113,269870.1,2322409
广东,2114,450032.6,79696121
江苏,2114,496232.6,53600875
山东,2114,395476.6,64213532
浙江,2114,716157.0,40837858
河南,2114,388752.8,62847421
四川,2114,304458.5,52917820
福建,2114,462687.3,26272334
湖北,2114,394318.6,36524490
湖南,2114,329631.5,42020556
上海,2114,795775.0,15729248
安徽,2114,332226.1,38598955
河北,2114,278011.1,47187744
北京,2114,864523.8,13844521
陕西,2114,347180.6,25001092
江西,2114,298012.9,28580809
重庆,2114,408924.9,20270301
辽宁,2114,309104.3,26936416
云南,2114,272271.0,29858375
广西,2114,231682.2,31705155
山西,2114,264971.5,22085458
内蒙古,2114,378367.7,15210632
贵州,2114,242337.5,24387608
天津,2114,532266.3,8772202
黑龙江,2114,225454.5,20143810
新疆,2114,279771.6,16349057
吉林,2114,268099.9,15223281
甘肃,2114,188909.7,15824117
海南,2114,287674.3,6375184
宁夏,2114,285459.0,4553703
青海,2114,266162.4,3744156
西藏,2114,273291.0,2308474
广东,2115,455692.0,79217935
江苏,2115,502473.0,53279264
山东,2115,400450.0,63828244
浙江,2115,725163.0,40592827
河南,2115,393641.5,62470330
四川,2115,308287.2,52600307
福建,2115,468505.9,26114698
湖北,2115,399277.4,36305339
湖南,2115,333776.8,41768428
上海,2115,805782.3,15634871
安徽,2115,336404.0,38367356
河北,2115,281507.3,46904612
北京,2115,875395.7,13761452
陕西,2115,351546.6,24851083
江西,2115,301760.5,28409321
重庆,2115,414067.3,20148677
辽宁,2115,312991.4,26774795
云南,2115,275694.9,29679222
广西,2115,234595.7,31514920
山西,2115,268303.6,21952943
内蒙古,2115,383125.9,15119366
贵州,2115,245385.1,24241279
天津,2115,538959.9,8719568
黑龙江,2115,228289.7,20022945
新疆,2115,283289.8,16250961
吉林,2115,271471.4,15131940
甘肃,2115,191285.3,15729170
海南,2115,291292.0,6336932
宁夏,2115,289048.8,4526380
青海,2115,269509.5,3721690
西藏,2115,276727.8,2294623
广东,2116,461376.8,78742619
江苏,2116,508741.3,52959582
山东,2116,405445.5,63445267
浙江,2116,734209.4,40349265
河南,2116,398552.2,62095501
四川,2116,312133.1,52284699
福建,2116,474350.5,25958006
湖北,2116,404258.3,36087503
湖南,2116,337940.6,41517813
上海,2116,815834.4,15541060
安徽,2116,340600.7,38137148
河北,2116,285019.1,46623179
北京,2116,886316.2,13678882
陕西,2116,355932.1,24701974
江西,2116,305525.0,28238862
重庆,2116,419232.8,20027783
辽宁,2116,316896.0,26614143
云南,2116,279134.2,29501143
广西,2116,237522.3,31325827
山西,2116,271650.7,21821223
内蒙古,2116,387905.4,15028648
贵州,2116,248446.2,24095829
天津,2116,545683.4,8667250
黑龙江,2116,231137.6,19902805
新疆,2116,286823.9,16153454
吉林,2116,274858.0,15041146
甘肃,2116,193671.6,15634793
海南,2116,294925.8,6298910
宁夏,2116,292654.7,4499221
青海,2116,272871.7,3699360
西藏,2116,280180.0,2280855
广东,2117,467086.0,78270154
江苏,2117,515036.7,52641819
山东,2117,410462.7,63064588
浙江,2117,743294.8,40107165
河南,2117,403484.0,61722921
四川,2117,315995.5,51970985
福建,2117,480220.3,25802255
湖北,2117,409260.8,35870974
湖南,2117,342122.4,41268701
上海,2117,825929.8,15447812
安徽,2117,344815.4,37908321
河北,2117,288546.0,46343435
北京,2117,897283.8,13596807
陕西,2117,360336.6,24553759
江西,2117,309305.7,28069425
重庆,2117,424420.5,19907614
辽宁,2117,320817.4,26454455
云南,2117,282588.3,29324133
广西,2117,240461.5,31137869
山西,2117,275012.2,21690293
内蒙古,2117,392705.5,14938475
贵州,2117,251520.6,23951251
天津,2117,552435.9,8615245
黑龙江,2117,233997.8,19783386
新疆,2117,290373.1,16056531
吉林,2117,278259.2,14950898
甘肃,2117,196068.2,15540983
海南,2117,298575.4,6261115
宁夏,2117,296276.1,4472225
青海,2117,276248.3,3677163
西藏,2117,283647.0,2267170
广东,2118,472818.9,77800525
江苏,2118,521358.1,52325962
山东,2118,415500.6,62686194
浙江,2118,752417.8,39866518
河南,2118,408436.3,61352576
四川,2118,319874.0,51659153
福建,2118,486114.4,25647439
湖北,2118,414284.0,35655744
湖南,2118,346321.5,41021085
上海,2118,836067.1,15355123
安徽,2118,349047.6,37680867
河北,2118,292087.5,46065369
北京,2118,908296.9,13515225
陕西,2118,364759.2,24406434
江西,2118,313102.0,27901006
重庆,2118,429629.8,19788166
辽宁,2118,324755.0,26295725
云南,2118,286056.7,29148185
广西,2118,243412.9,30951038
山西,2118,278387.7,21560149
内蒙古,2118,397525.4,14848842
贵州,2118,254607.7,23807541
天津,2118,559216.3,8563553
黑龙江,2118,236869.8,19664683
新疆,2118,293937.1,15960190
吉林,2118,281674.5,14861191
甘肃,2118,198474.7,15447735
海南,2118,302240.0,6223548
宁夏,2118,299912.5,4445391
青海,2118,279638.9,3655100
西藏,2118,287128.4,2253567
广东,2119,478574.6,77333713
江苏,2119,527704.7,52012000
山东,2119,420558.5,62310070
浙江,2119,761577.1,39627314
河南,2119,413408.3,60984454
四川,2119,323767.9,51349193
福建,2119,492031.9,25493552
湖北,2119,419327.1,35441806
湖南,2119,350537.4,40774954
上海,2119,846244.7,15262991
安徽,2119,353296.6,37454777
河北,2119,295643.2,45788972
北京,2119,919353.7,13434132
陕西,2119,369199.5,24259993
江西,2119,316913.5,27733596
重庆,2119,434859.7,19669435
辽宁,2119,328708.3,26137948
云南,2119,289538.9,28973293
广西,2119,246376.0,30765328
山西,2119,281776.5,21430785
内蒙古,2119,402364.6,14759748
贵州,2119,257707.1,23664693
天津,2119,566023.8,8512170
黑龙江,2119,239753.3,19546693
新疆,2119,297515.2,15864427
吉林,2119,285103.4,14772022
甘肃,2119,200890.7,15355047
海南,2119,305919.2,6186206
宁夏,2119,303563.4,4418719
青海,2119,283043.0,3633169
西藏,2119,290623.7,2240045
广东,2120,484352.2,76869702
江苏,2120,534075.4,51699923
山东,2120,425635.8,61936202
浙江,2120,770771.3,39389546
河南,2120,418399.1,60618541
四川,2120,327676.6,51041092
福建,2120,497972.0,25340587
湖北,2120,424389.4,35229151
湖南,2120,354769.2,40530299
上海,2120,856461.0,15171411
安徽,2120,357561.8,37230045
河北,2120,299212.3,45514233
北京,2120,930452.7,13353526
陕西,2120,373656.7,24114430
江西,2120,320739.4,27567192
重庆,2120,440109.6,19551416
辽宁,2120,332676.6,25981117
云南,2120,293034.4,28799450
广西,2120,249350.4,30580733
山西,2120,285178.3,21302198
内蒙古,2120,407222.1,14671187
贵州,2120,260818.3,23522702
天津,2120,572857.1,8461096
黑龙江,2120,242647.7,19429410
新疆,2120,301107.0,15769239
吉林,2120,288545.3,14683388
甘肃,2120,203316.0,15262915
海南,2120,309612.4,6149088
宁夏,2120,307228.2,4392206
青海,2120,286460.0,3611369
西藏,2120,294132.3,2226604
广东,2121,489254.0,76553615
江苏,2121,539480.4,51487333
山东,2121,429943.3,61681521
浙江,2121,778571.7,39227576
河南,2121,422633.5,60369278
四川,2121,330992.7,50831211
福建,2121,503011.6,25236387
湖北,2121,428684.4,35084289
湖南,2121,358359.6,40363639
上海,2121,865128.6,15109026
安徽,2121,361180.4,37076955
河北,2121,302240.4,45327079
北京,2121,939869.1,13298616
陕西,2121,377438.2,24015272
江西,2121,323985.4,27453836
重庆,2121,444563.6,19471021
辽宁,2121,336043.4,25874283
云南,2121,296000.0,28681027
广西,2121,251873.9,30454985
山西,2121,288064.4,21214604
内蒙古,2121,411343.3,14610860
贵州,2121,263457.8,23425977
天津,2121,578654.6,8426305
黑龙江,2121,245103.4,19349517
新疆,2121,304154.3,15704396
吉林,2121,291465.4,14623010
甘肃,2121,205373.6,15200154
海南,2121,312745.8,6123803
宁夏,2121,310337.4,4374145
青海,2121,289359.1,3596519
西藏,2121,297109.0,2217449
广东,2122,494189.0,76238827
江苏,2122,544922.1,51275618
山东,2122,434280.1,61427888
浙江,2122,786425.0,39066273
河南,2122,426896.5,60121040
四川,2122,334331.4,50622194
福建,2122,508085.4,25132616
湖北,2122,433008.4,34940023
湖南,2122,361974.3,40197664
上海,2122,873855.0,15046898
安徽,2122,364823.5,36924495
河北,2122,305289.1,45140694
北京,2122,949349.4,13243932
陕西,2122,381245.3,23916521
江西,2122,327253.3,27340946
重庆,2122,449047.8,19390956
辽宁,2122,339433.0,25767889
云南,2122,298985.7,28563091
广西,2122,254414.5,30329755
山西,2122,290970.0,21127370
内蒙古,2122,415492.5,14550780
贵州,2122,266115.3,23329650
天津,2122,584491.3,8391656
黑龙江,2122,247575.7,19269952
新疆,2122,307222.2,15639820
吉林,2122,294405.4,14562881
甘肃,2122,207445.2,15137651
海南,2122,315900.4,6098622
宁夏,2122,313467.8,4356159
青海,2122,292277.8,3581730
西藏,2122,300105.8,2208330
广东,2123,499157.2,75925334
江苏,2123,550400.3,51064773
山东,2123,438646.0,61175297
浙江,2123,794331.2,38905633
河南,2123,431188.2,59873823
四川,2123,337692.5,50414036
福建,2123,513193.3,25029271
湖北,2123,437361.6,34796350
湖南,2123,365613.3,40032372
上海,2123,882640.1,14985025
安徽,2123,368491.2,36772662
河北,2123,308358.3,44955076
北京,2123,958893.5,13189474
陕西,2123,385078.1,23818177
江西,2123,330543.3,27228520
重庆,2123,453562.3,19311221
辽宁,2123,342845.4,25661931
云南,2123,301991.5,28445639
广西,2123,256972.2,30205039
山西,2123,293895.2,21040494
内蒙古,2123,419669.6,14490947
贵州,2123,268790.6,23233719
天津,2123,590367.4,8357149
黑龙江,2123,250064.6,19190714
新疆,2123,310310.8,15575509
吉林,2123,297365.2,14502998
甘肃,2123,209530.7,15075406
海南,2123,319076.2,6073545
宁夏,2123,316619.1,4338246
青海,2123,295216.1,3567002
西藏,2123,303122.9,2199250
广东,2124,504158.7,75613130
江苏,2124,555915.3,50854796
山东,2124,443041.2,60923745
浙江,2124,802290.3,38745654
河南,2124,435508.6,59627623
四川,2124,341076.2,50206734
福建,2124,518335.5,24926351
湖北,2124,441743.9,34653268
湖南,2124,369276.7,39867759
上海,2124,891484.1,14923407
安徽,2124,372183.5,36621453
河北,2124,311448.0,44770222
北京,2124,968501.4,13135239
陕西,2124,388936.5,23720237
江西,2124,333855.3,27116557
重庆,2124,458106.9,19231814
辽宁,2124,346280.7,25556410
云南,2124,305017.4,28328671
广西,2124,259547.0,30080837
山西,2124,296840.0,20953976
内蒙古,2124,423874.6,14431361
贵州,2124,271483.8,23138182
天津,2124,596282.8,8322785
黑龙江,2124,252570.2,19111802
新疆,2124,313420.1,15511463
吉林,2124,300344.7,14443362
甘肃,2124,211630.1,15013416
海南,2124,322273.3,6048570
宁夏,2124,319791.6,4320407
青海,2124,298174.2,3552335
西藏,2124,306160.2,2190207
广东,2125,509193.4,75302210
江苏,2125,561466.9,50645681
山东,2125,447465.6,60673227
浙江,2125,810302.2,38586332
河南,2125,439857.8,59382435
四川,2125,344482.3,50000285
福建,2125,523511.8,24823854
湖北,2125,446155.3,34510774
湖南,2125,372964.5,39703824
上海,2125,900386.8,14862042
安徽,2125,375900.2,36470866
河北,2125,314558.2,44586127
北京,2125,978173.3,13081227
陕西,2125,392820.6,23622699
江西,2125,337189.3,27005054
重庆,2125,462681.7,19152733
辽宁,2125,349738.8,25451322
云南,2125,308063.4,28212184
广西,2125,262138.9,29957145
山西,2125,299804.4,20867813
内蒙古,2125,428107.6,14372019
贵州,2125,274195.0,23043038
天津,2125,602237.5,8288562
黑龙江,2125,255092.5,19033215
新疆,2125,316550.0,15447680
吉林,2125,303344.1,14383971
甘肃,2125,213743.6,14951681
海南,2125,325491.7,6023699
宁夏,2125,322985.2,4302642
青海,2125,301151.8,3537728
西藏,2125,309217.6,2181200
广东,2126,514261.4,74992568
江苏,2126,567055.1,50437427
山东,2126,451919.2,60423740
浙江,2126,818367.1,38427665
河南,2126,444235.7,59138255
四川,2126,347910.9,49794684
福建,2126,528722.2,24721778
湖北,2126,450595.9,34368866
湖南,2126,376676.6,39540562
上海,2126,909348.3,14800930
安徽,2126,379641.5,36320899
河北,2126,317689.0,44402790
北京,2126,987908.9,13027437
陕西,2126,396730.3,23525563
江西,2126,340545.4,26894010
重庆,2126,467286.8,19073977
辽宁,2126,353219.7,25346667
云南,2126,311129.6,28096176
广西,2126,264748.0,29833961
山西,2126,302788.3,20782005
内蒙古,2126,432368.5,14312922
贵州,2126,276924.0,22948285
天津,2126,608231.6,8254479
黑龙江,2126,257631.4,18954950
新疆,2126,319700.6,15384159
吉林,2126,306363.2,14324824
甘肃,2126,215870.9,14890200
海南,2126,328731.3,5998929
宁夏,2126,326199.8,4284950
青海,2126,304149.2,3523181
西藏,2126,312295.2,2172231
广东,2127,519362.6,74684200
江苏,2127,572680.0,50230029
山东,2127,456401.9,60175278
浙江,2127,826484.9,38269651
河南,2127,448642.2,58895079
四川,2127,351362.0,49589929
福建,2127,533966.9,24620123
湖北,2127,455065.5,34227542
湖南,2127,380413.0,39377972
上海,2127,918368.5,14740069
安徽,2127,383407.4,36171548
河北,2127,320840.3,44220206
北京,2127,997708.5,12973868
陕西,2127,400665.7,23428826
江西,2127,343923.4,26783422
重庆,2127,471922.0,18995545
辽宁,2127,356723.5,25242442
云南,2127,314215.8,27980645
广西,2127,267374.1,29711284
山西,2127,305791.8,20696550
内蒙古,2127,436657.3,14254067
贵州,2127,279671.0,22853922
天津,2127,614264.9,8220537
黑龙江,2127,260187.0,18877008
新疆,2127,322871.9,15320900
吉林,2127,309402.2,14265921
甘肃,2127,218012.2,14828971
海南,2127,331992.1,5974262
宁夏,2127,329435.6,4267330
青海,2127,307166.2,3508693
西藏,2127,315393.0,2163299
广东,2128,524497.0,74377099
江苏,2128,578341.5,50023483
山东,2128,460913.9,59927838
浙江,2128,834655.5,38112287
河南,2128,453077.5,58652903
四川,2128,354835.5,49386016
福建,2128,539245.6,24518885
湖北,2128,459564.3,34086798
湖南,2128,384173.7,39216050
上海,2128,927447.4,14679458
安徽,2128,387197.7,36022811
河北,2128,324012.1,44038373
北京,2128,1007571.8,12920520
陕西,2128,404626.6,23332487
江西,2128,347323.4,26673289
重庆,2128,476587.4,18917435
辽宁,2128,360250.0,25138645
云南,2128,317322.1,27865589
广西,2128,270017.4,29589112
山西,2128,308814.8,20611446
内蒙古,2128,440974.1,14195455
贵州,2128,282435.8,22759947
天津,2128,620337.5,8186734
黑龙江,2128,262759.2,18799386
新疆,2128,326063.8,15257900
吉林,2128,312460.9,14207260
甘肃,2128,220167.5,14767995
海南,2128,335274.2,5949696
宁夏,2128,332692.3,4249783
青海,2128,310202.8,3494266
西藏,2128,318511.0,2154404
广东,2129,529664.6,74071261
江苏,2129,584039.6,49817788
山东,2129,465455.1,59681416
浙江,2129,842878.9,37955570
河南,2129,457541.5,58411723
四川,2129,358331.5,49182941
福建,2129,544558.6,24418064
湖北,2129,464092.2,33946634
湖南,2129,387958.8,39054794
上海,2129,936585.1,14619096
安徽,2129,391012.6,35874685
河北,2129,327204.4,43857288
北京,2129,1017498.9,12867391
陕西,2129,408613.2,23236544
江西,2129,350745.4,26563608
重庆,2129,481283.0,18839647
辽宁,2129,363799.4,25035275
云南,2129,320448.5,27751006
广西,2129,272677.7,29467442
山西,2129,311857.4,20526692
内蒙古,2129,445318.8,14137083
贵州,2129,285218.5,22666359
天津,2129,626449.3,8153070
黑龙江,2129,265348.0,18722083
新疆,2129,329276.3,15195160
吉林,2129,315539.4,14148839
甘肃,2129,222336.7,14707269
海南,2129,338577.5,5925231
宁夏,2129,335970.2,4232308
青海,2129,313259.1,3479897
西藏,2129,321649.1,2145545
广东,2130,534865.4,73766681
江苏,2130,589774.3,49612937
山东,2130,470025.4,59436006
浙江,2130,851155.2,37799497
河南,2130,462034.1,58171535
四川,2130,361850.0,48980702
福建,2130,549905.6,24317657
湖北,2130,468649.1,33807046
湖南,2130,391768.2,38894201
上海,2130,945781.5,14558982
安徽,2130,394851.9,35727169
河北,2130,330417.2,43676947
北京,2130,1027489.7,12814480
陕西,2130,412625.4,23140996
江西,2130,354189.4,26454379
重庆,2130,486008.7,18762179
辽宁,2130,367371.5,24932330
云南,2130,323595.0,27636894
广西,2130,275355.2,29346272
山西,2130,314919.6,20442286
内蒙古,2130,449691.4,14078952
贵州,2130,288019.0,22573155
天津,2130,632600.5,8119545
黑龙江,2130,267953.5,18645098
新疆,2130,332509.5,15132678
吉林,2130,318637.7,14090660
甘肃,2130,224519.8,14646793
海南,2130,341902.0,5900866
宁夏,2130,339269.1,4214904
青海,2130,316335.0,3465588
西藏,2130,324807.4,2136722
广东,2131,540099.4,73463354
江苏,2131,595545.5,49408930
山东,2131,474624.9,59191606
浙江,2131,859484.2,37644066
河南,2131,466555.3,57932334
四川,2131,365390.9,48779294
福建,2131,555286.7,24217663
湖北,2131,473235.1,33668032
湖南,2131,395601.9,38734269
上海,2131,955036.5,14499116
安徽,2131,398715.8,35580259
河北,2131,333650.6,43497348
北京,2131,1037544.3,12761787
陕西,2131,416663.2,23045841
江西,2131,357655.3,26345599
重庆,2131,490764.6,18685029
辽宁,2131,370966.5,24829809
云南,2131,326761.6,27523252
广西,2131,278049.7,29225600
山西,2131,318001.2,20358228
内蒙古,2131,454091.9,14021059
贵州,2131,290837.5,22480334
天津,2131,638790.8,8086158
黑龙江,2131,270575.5,18568430
新疆,2131,335763.3,15070452
吉林,2131,321755.8,14032719
甘肃,2131,226716.9,14586565
海南,2131,345247.7,5876602
宁夏,2131,342589.0,4197573
青海,2131,319430.5,3451338
西藏,2131,327985.8,2127936
广东,2132,545366.5,73161273
江苏,2132,601353.3,49205761
山东,2132,479253.4,58948211
浙江,2132,867866.0,37489274
河南,2132,471105.2,57694117
四川,2132,368954.2,48578714
福建,2132,560701.9,24118080
湖北,2132,477850.1,33529589
湖南,2132,399459.8,38574994
上海,2132,964350.1,14439496
安徽,2132,402604.1,35433954
河北,2132,336904.4,43318487
北京,2132,1047662.5,12709311
陕西,2132,420726.5,22951076
江西,2132,361143.2,26237266
重庆,2132,495550.5,18608196
辽宁,2132,374584.2,24727709
云南,2132,329948.2,27410076
广西,2132,280761.2,29105425
山西,2132,321102.4,20274515
内蒙古,2132,458520.2,13963405
贵州,2132,293673.7,22387895
天津,2132,645020.4,8052907
黑龙江,2132,273214.2,18492076
新疆,2132,339037.7,15008483
吉林,2132,324893.6,13975017
甘肃,2132,228927.9,14526586
海南,2132,348614.6,5852437
宁夏,2132,345930.0,4180312
青海,2132,322545.6,3437146
西藏,2132,331184.3,2119186
广东,2133,550666.7,72860435
江苏,2133,607197.7,49003427
山东,2133,483911.1,58705817
浙江,2133,876300.4,37335119
河南,2133,475683.7,57456880
四川,2133,372540.0,48378959
福建,2133,566151.2,24018907
湖北,2133,482494.2,33391716
湖南,2133,403342.0,38416374
上海,2133,973722.2,14380121
安徽,2133,406516.9,35288250
河北,2133,340178.6,43140362
北京,2133,1057844.3,12657050
陕西,2133,424815.4,22856702
江西,2133,364653.0,26129379
重庆,2133,500366.6,18531680
辽宁,2133,378224.6,24626029
云南,2133,333154.8,27297366
广西,2133,283489.8,28985744
山西,2133,324223.1,20191147
内蒙古,2133,462976.4,13905987
贵州,2133,296527.8,22295837
天津,2133,651289.1,8019794
黑龙江,2133,275869.5,18416037
新疆,2133,342332.7,14946768
吉林,2133,328051.1,13917552
甘肃,2133,231152.7,14466852
海南,2133,352002.6,5828372
宁夏,2133,349292.0,4163123
青海,2133,325680.3,3423012
西藏,2133,334403.0,2110472
广东,2134,555999.9,72560834
江苏,2134,613078.5,48801926
山东,2134,488597.9,58464419
浙江,2134,884787.5,37181597
河南,2134,480290.8,57220618
四川,2134,376148.1,48180025
福建,2134,571634.4,23920142
湖北,2134,487167.2,33254410
湖南,2134,407248.4,38258406
上海,2134,983152.9,14320990
安徽,2134,410454.0,35143145
河北,2134,343473.3,42962970
北京,2134,1068089.7,12605005
陕西,2134,428929.8,22762715
江西,2134,368184.7,26021935
重庆,2134,505212.7,18455478
辽宁,2134,381887.8,24524767
云南,2134,336381.5,27185120
广西,2134,286235.5,28866555
山西,2134,327363.2,20108121
内蒙古,2134,467460.4,13848806
贵州,2134,299399.8,22204156
天津,2134,657596.9,7986817
黑龙江,2134,278541.3,18340311
新疆,2134,345648.2,14885307
吉林,2134,331228.3,13860323
甘肃,2134,233391.5,14407365
海南,2134,355411.8,5804406
宁夏,2134,352674.9,4146004
青海,2134,328834.6,3408937
西藏,2134,337641.7,2101794
广东,2135,561366.3,72262464
江苏,2135,618995.7,48601253
山东,2135,493313.7,58224014
浙江,2135,893327.2,37028707
河南,2135,484926.4,56985327
四川,2135,379778.5,47981909
福建,2135,577151.7,23821782
湖北,2135,491869.2,33117668
湖南,2135,411179.1,38101088
上海,2135,992641.9,14262102
安徽,2135,414415.6,34998637
河北,2135,346788.4,42786306
北京,2135,1078398.6,12553173
陕西,2135,433069.7,22669115
江西,2135,371738.3,25914933
重庆,2135,510088.9,18379589
辽宁,2135,385573.6,24423922
云南,2135,339628.1,27073335
广西,2135,288998.1,28747856
山西,2135,330522.8,20025437
内蒙古,2135,471972.2,13791860
贵州,2135,302289.5,22112853
天津,2135,663943.8,7953975
黑龙江,2135,281229.7,18264896
新疆,2135,348984.3,14824099
吉林,2135,334425.2,13803329
甘肃,2135,235644.1,14348122
海南,2135,358842.1,5780538
宁夏,2135,356078.8,4128956
青海,2135,332008.4,3394919
西藏,2135,340900.5,2093151
广东,2136,566765.6,71965322
江苏,2136,624949.3,48401405
山东,2136,498058.4,57984598
浙江,2136,901919.4,36876445
河南,2136,489590.5,56751004
四川,2136,383431.3,47784608
福建,2136,582702.8,23723827
湖北,2136,496600.1,32981488
湖南,2136,415133.9,37944417
上海,2136,1002189.4,14203457
安徽,2136,418401.5,34854723
河北,2136,350123.9,42610370
北京,2136,1088770.8,12501555
陕西,2136,437235.0,22575900
江西,2136,375313.8,25808372
重庆,2136,514995.0,18304012
辽宁,2136,389282.2,24323491
云南,2136,342894.7,26962010
广西,2136,291777.8,28629645
山西,2136,333701.9,19943092
内蒙古,2136,476511.7,13735148
贵州,2136,305196.9,22021925
天津,2136,670329.8,7921268
黑龙江,2136,283934.6,18189791
新疆,2136,352340.9,14763142
吉林,2136,337641.8,13746570
甘肃,2136,237910.6,14289123
海南,2136,362293.5,5756769
宁夏,2136,359503.6,4111978
青海,2136,335201.7,3380960
西藏,2136,344179.4,2084544
广东,2137,572197.9,71669402
江苏,2137,630939.3,48202379
山东,2137,502832.2,57746166
浙江,2137,910564.1,36724810
河南,2137,494283.1,56517645
四川,2137,387106.4,47588119
福建,2137,588287.9,23626275
湖北,2137,501359.8,32845869
湖南,2137,419112.8,37788390
上海,2137,1011795.1,14145052
安徽,2137,422411.8,34711401
河北,2137,353479.7,42435156
北京,2137,1099206.4,12450148
陕西,2137,441425.8,22483068
江西,2137,378911.1,25702248
重庆,2137,519931.1,18228746
辽宁,2137,393013.3,24223473
云南,2137,346181.3,26851142
广西,2137,294574.4,28511920
山西,2137,336900.3,19861086
内蒙古,2137,481079.0,13678669
贵州,2137,308122.2,21931372
天津,2137,676754.7,7888696
黑龙江,2137,286656.1,18114994
新疆,2137,355718.0,14702437
吉林,2137,340878.0,13690044
甘肃,2137,240190.9,14230366
海南,2137,365766.0,5733097
宁夏,2137,362949.4,4095069
青海,2137,338414.5,3367057
西藏,2137,347478.3,2075973
广东,2138,577663.1,71374698
江苏,2138,636965.6,48004171
山东,2138,507634.9,57508714
浙江,2138,919261.1,36573798
河南,2138,499004.1,56285245
四川,2138,390803.8,47392437
福建,2138,593906.8,23529124
湖北,2138,506148.5,32710807
湖南,2138,423115.9,37633005
上海,2138,1021459.0,14086888
安徽,2138,426446.4,34568668
河北,2138,356855.9,42260664
北京,2138,1109705.2,12398954
陕西,2138,445642.0,22390618
江西,2138,382530.2,25596561
重庆,2138,524897.1,18153790
辽宁,2138,396767.1,24123866
云南,2138,349487.8,26740731
广西,2138,297387.9,28394680
山西,2138,340118.1,19779418
内蒙古,2138,485673.9,13622423
贵州,2138,311065.1,21841190
天津,2138,683218.6,7856258
黑龙江,2138,289394.0,18040506
新疆,2138,359115.6,14641980
吉林,2138,344133.8,13633751
甘肃,2138,242485.0,14171851
海南,2138,369259.6,5709523
宁夏,2138,366416.0,4078230
青海,2138,341646.8,3353212
西藏,2138,350797.1,2067436
广东,2139,583161.2,71081206
江苏,2139,643028.1,47806779
山东,2139,512466.4,57272239
浙江,2139,928010.4,36423407
河南,2139,503753.5,56053801
四川,2139,394523.3,47197560
福建,2139,599559.4,23432373
湖北,2139,510965.9,32576301
湖南,2139,427143.0,37478258
上海,2139,1031181.0,14028963
安徽,2139,430505.2,34426522
河北,2139,360252.4,42086888
北京,2139,1120267.2,12347969
陕西,2139,449883.5,22298548
江西,2139,386171.0,25491308
重庆,2139,529893.0,18079142
辽宁,2139,400543.4,24024669
云南,2139,352814.1,26630773
广西,2139,300218.4,28277921
山西,2139,343355.3,19698085
内蒙古,2139,490296.4,13566407
贵州,2139,314025.8,21751379
天津,2139,689721.3,7823953
黑龙江,2139,292148.4,17966323
新疆,2139,362533.5,14581773
吉林,2139,347409.2,13577689
甘肃,2139,244792.9,14113576
海南,2139,372774.1,5686045
宁夏,2139,369903.5,4061461
青海,2139,344898.5,3339423
西藏,2139,354135.9,2058935
广东,2140,588692.1,70788921
江苏,2140,649126.8,47610198
山东,2140,517326.8,57036736
浙江,2140,936812.0,36273634
河南,2140,508531.3,55823308
四川,2140,398265.1,47003484
福建,2140,605245.9,23336019
湖北,2140,515812.0,32442347
湖南,2140,431194.2,37324148
上海,2140,1040961.1,13971276
安徽,2140,434588.2,34284960
河北,2140,363669.1,41913827
北京,2140,1130892.1,12297195
陕西,2140,454150.4,22206857
江西,2140,389833.6,25386488
重庆,2140,534918.7,18004801
辽宁,2140,404342.3,23925880
云南,2140,356160.3,26521268
广西,2140,303065.8,28161643
山西,2140,346611.8,19617087
内蒙古,2140,494946.5,13510623
贵州,2140,317004.1,21661938
天津,2140,696262.8,7791781
黑龙江,2140,294919.2,17892446
新疆,2140,365971.9,14521813
吉林,2140,350704.1,13521858
甘肃,2140,247114.6,14055542
海南,2140,376309.6,5662664
宁夏,2140,373411.8,4044760
青海,2140,348169.7,3325692
西藏,2140,357494.7,2050469
广东,2141,594255.7,70497838
江苏,2141,655261.6,47414425
山东,2141,522216.0,56802202
浙江,2141,945665.6,36124477
河南,2141,513337.4,55593764
四川,2141,402029.1,46810206
福建,2141,610965.9,23240062
湖北,2141,520686.9,32308945
湖南,2141,435269.3,37170672
上海,2141,1050799.1,13913826
安徽,2141,438695.5,34143981
河北,2141,367106.1,41741478
北京,2141,1141580.0,12246629
陕西,2141,458442.5,22115543
江西,2141,393517.8,25282099
重庆,2141,539974.1,17930765
辽宁,2141,408163.7,23827497
云南,2141,359526.3,26412213
广西,2141,305930.0,28045842
山西,2141,349887.6,19536422
内蒙古,2141,499624.2,13455067
贵州,2141,320000.1,21572864
天津,2141,702843.1,7759741
黑龙江,2141,297706.5,17818873
新疆,2141,369430.7,14462099
吉林,2141,354018.6,13466256
甘肃,2141,249450.1,13997745
海南,2141,379866.0,5639379
宁夏,2141,376940.8,4028128
青海,2141,351460.2,3312017
西藏,2141,360873.3,2042037
广东,2142,599852.1,70207952
江苏,2142,661432.4,47219458
山东,2142,527133.9,56568632
浙江,2142,954571.3,35975934
河南,2142,518171.7,55365163
四川,2142,405815.1,46617723
福建,2142,616719.6,23144499
湖北,2142,525590.4,32176091
湖南,2142,439368.4,37017826
上海,2142,1060694.8,13856613
安徽,2142,442826.8,34003581
河北,2142,370563.3,41569838
北京,2142,1152330.7,12196271
陕西,2142,462759.8,22024604
江西,2142,397223.7,25178139
重庆,2142,545059.2,17857034
辽宁,2142,412007.5,23729519
云南,2142,362912.1,26303606
广西,2142,308811.1,27930518
山西,2142,353182.6,19456088
内蒙古,2142,504329.4,13399740
贵州,2142,323013.6,21484157
天津,2142,709462.0,7727833
黑龙江,2142,300510.1,17745602
新疆,2142,372909.7,14402631
吉林,2142,357352.5,13410883
甘肃,2142,251799.2,13940187
海南,2142,383443.4,5616190
宁夏,2142,380490.6,4011565
青海,2142,354770.0,3298398
西藏,2142,364271.8,2033640
广东,2143,605481.0,69919257
江苏,2143,667639.2,47025292
山东,2143,532080.5,56336022
浙江,2143,963528.9,35828001
河南,2143,523034.1,55137502
四川,2143,409623.3,46426032
福建,2143,622506.9,23049329
湖北,2143,530522.5,32043783
湖南,2143,443491.4,36865610
上海,2143,1070648.3,13799634
安徽,2143,446982.3,33863759
河北,2143,374040.6,41398903
北京,2143,1163144.1,12146120
陕西,2143,467102.3,21934039
江西,2143,400951.2,25074607
重庆,2143,550174.0,17783606
辽宁,2143,415873.8,23631943
云南,2143,366317.7,26195446
广西,2143,311708.9,27815668
山西,2143,356496.8,19376085
内蒙古,2143,509061.9,13344640
贵州,2143,326044.8,21395814
天津,2143,716119.6,7696057
黑龙江,2143,303330.0,17672632
新疆,2143,376409.1,14343408
吉林,2143,360705.9,13355738
甘肃,2143,254162.1,13882865
海南,2143,387041.6,5593097
宁夏,2143,384061.1,3995069
青海,2143,358099.1,3284835
西藏,2143,367690.1,2025278
广东,2144,611142.5,69631750
江苏,2144,673881.9,46831925
山东,2144,537055.7,56104369
浙江,2144,972538.4,35680677
河南,2144,527924.7,54910777
四川,2144,413453.4,46235128
福建,2144,628327.6,22954550
湖北,2144,535483.1,31912019
湖南,2144,447638.2,36714019
上海,2144,1080659.3,13742890
安徽,2144,451161.8,33724512
河北,2144,377538.0,41228671
北京,2144,1174020.0,12096175
陕西,2144,471469.9,21843846
江西,2144,404700.3,24971501
重庆,2144,555318.4,17710480
辽宁,2144,419762.4,23534769
云南,2144,369742.9,26087731
广西,2144,314623.5,27701291
山西,2144,359830.2,19296411
内蒙古,2144,513821.9,13289767
贵州,2144,329093.4,21307835
天津,2144,722815.6,7664411
黑龙江,2144,306166.3,17599962
新疆,2144,379928.7,14284428
吉林,2144,364078.6,13300819
甘肃,2144,256538.6,13825779
海南,2144,390660.6,5570098
宁夏,2144,387652.2,3978641
青海,2144,361447.5,3271327
西藏,2144,371128.1,2016950
广东,2145,616836.5,69345425
江苏,2145,680160.5,46639352
山东,2145,542059.4,55873669
浙江,2145,981599.5,35533958
河南,2145,532843.4,54684985
四川,2145,417305.6,46045010
福建,2145,634181.7,22860162
湖北,2145,540472.2,31780798
湖南,2145,451808.9,36563051
上海,2145,1090727.8,13686380
安徽,2145,455365.2,33585837
河北,2145,381055.5,41059140
北京,2145,1184958.3,12046436
陕西,2145,475862.6,21754025
江西,2145,408470.9,24868818
重庆,2145,560492.3,17637655
辽宁,2145,423673.3,23437994
云南,2145,373187.8,25980458
广西,2145,317554.9,27587383
山西,2145,363182.8,19217064
内蒙古,2145,518609.1,13235120
贵州,2145,332159.6,21220217
天津,2145,729550.0,7632895
黑龙江,2145,309018.8,17527591
新疆,2145,383468.5,14225690
吉林,2145,367470.7,13246126
甘肃,2145,258928.8,13768927
海南,2145,394300.4,5547194
宁夏,2145,391264.0,3962281
青海,2145,364815.1,3257876
西藏,2145,374585.9,2008656
广东,2146,622562.9,69060278
江苏,2146,686474.7,46447572
山东,2146,547091.6,55643917
浙江,2146,990712.1,35387843
河南,2146,537790.0,54460121
四川,2146,421179.6,45855674
福建,2146,640069.1,22766161
湖北,2146,545489.7,31650115
湖南,2146,456003.2,36412704
上海,2146,1100853.6,13630102
安徽,2146,459592.6,33447732
河北,2146,384593.1,40890305
北京,2146,1195958.8,11996901
陕西,2146,480280.2,21664572
江西,2146,412262.9,24766558
重庆,2146,565695.6,17565129
辽宁,2146,427606.5,23341618
云南,2146,376652.3,25873627
广西,2146,320502.9,27473944
山西,2146,366554.4,19138044
内蒙古,2146,523423.7,13180697
贵州,2146,335243.2,21132960
天津,2146,736322.8,7601508
黑龙江,2146,311887.6,17455518
新疆,2146,387028.4,14167195
吉林,2146,370882.2,13191658
甘肃,2146,261332.5,13712310
海南,2146,397960.8,5524384
宁夏,2146,394896.3,3945988
青海,2146,368201.9,3244479
西藏,2146,378063.4,2000397
广东,2147,628321.6,68776303
江苏,2147,692824.7,46256580
山东,2147,552152.2,55415110
浙江,2147,999876.3,35242329
河南,2147,542764.6,54236181
四川,2147,425075.5,45667116
福建,2147,645989.8,22672547
湖北,2147,550535.5,31519970
湖南,2147,460221.3,36262976
上海,2147,1111036.5,13574055
安徽,2147,463843.8,33310196
河北,2147,388150.6,40722164
北京,2147,1207021.5,11947570
陕西,2147,484722.8,21575488
江西,2147,416076.4,24664718
重庆,2147,570928.3,17492901
辽宁,2147,431561.8,23245637
云南,2147,380136.3,25767235
广西,2147,323467.6,27360972
山西,2147,369945.0,19059348
内蒙古,2147,528265.3,13126499
贵州,2147,338344.2,21046062
天津,2147,743133.8,7570251
黑龙江,2147,314772.6,17383741
新疆,2147,390608.4,14108939
吉林,2147,374312.8,13137415
甘肃,2147,263749.9,13655925
海南,2147,401642.0,5501668
宁夏,2147,398549.1,3929763
青海,2147,371607.7,3231138
西藏,2147,381560.5,1992171
广东,2148,634112.6,68493495
江苏,2148,699210.1,46066374
山东,2148,557241.2,55187244
浙江,2148,1009091.7,35097413
河南,2148,547767.0,54013163
四川,2148,428993.3,45479333
福建,2148,651943.6,22579318
湖北,2148,555609.5,31390361
湖南,2148,464462.9,36113863
上海,2148,1121276.4,13518238
安徽,2148,468118.9,33173225
河北,2148,391728.0,40554715
北京,2148,1218146.1,11898442
陕西,2148,489190.3,21486770
江西,2148,419911.2,24563297
重庆,2148,576190.3,17420971
辽宁,2148,435539.3,23150051
云南,2148,383639.9,25661280
广西,2148,326448.8,27248464
山西,2148,373354.6,18980977
内蒙古,2148,533134.1,13072523
贵州,2148,341462.5,20959521
天津,2148,749983.0,7539122
黑龙江,2148,317673.7,17312260
新疆,2148,394208.5,14050923
吉林,2148,377762.7,13083394
甘肃,2148,266180.7,13599772
海南,2148,405343.7,5479045
宁夏,2148,402222.3,3913603
青海,2148,375032.7,3217852
西藏,2148,385077.2,1983980
广东,2149,639935.7,68211851
江苏,2149,705631.0,45876949
山东,2149,562358.4,54960315
浙江,2149,1018358.2,34953093
河南,2149,552797.2,53791061
四川,2149,432932.7,45292323
福建,2149,657930.4,22486472
湖北,2149,560711.7,31261284
湖南,2149,468728.1,35965363
上海,2149,1131573.2,13462652
安徽,2149,472417.7,33036817
河北,2149,395325.2,40387955
北京,2149,1229332.4,11849515
陕西,2149,493682.6,21398417
江西,2149,423767.2,24462293
重庆,2149,581481.5,17349336
辽宁,2149,439538.9,23054859
云南,2149,387162.9,25555761
广西,2149,329446.6,27136418
山西,2149,376783.2,18902927
内蒙古,2149,538029.9,13018768
贵州,2149,344598.2,20873335
天津,2149,756870.1,7508121
黑龙江,2149,320590.9,17241072
新疆,2149,397828.5,13993146
吉林,2149,381231.7,13029595
甘肃,2149,268625.1,13543850
海南,2149,409066.1,5456515
宁夏,2149,405916.0,3897511
青海,2149,378476.6,3204620
西藏,2149,388613.4,1975821
广东,2150,645790.9,67931365
江苏,2150,712087.3,45688304
山东,2150,567503.7,54734318
浙江,2150,1027675.8,34809366
河南,2150,557855.1,53569873
四川,2150,436893.9,45106081
福建,2150,663950.2,22394008
湖北,2150,565842.0,31132738
湖南,2150,473016.8,35817474
上海,2150,1141926.6,13407293
安徽,2150,476740.1,32900970
河北,2150,398942.3,40221880
北京,2150,1240580.3,11800790
陕西,2150,498199.6,21310427
江西,2150,427644.5,24361704
重庆,2150,586801.8,17277996
辽宁,2150,443560.5,22960057
云南,2150,390705.2,25450676
广西,2150,332460.9,27024834
山西,2150,380230.6,18825198
内蒙古,2150,542952.7,12965235
贵州,2150,347751.2,20787504
天津,2150,763795.2,7477248
黑龙江,2150,323524.2,17170177
新疆,2150,401468.5,13935607
吉林,2150,384719.9,12976017
甘肃,2150,271082.9,13488158
海南,2150,412808.8,5434078
宁夏,2150,409630.0,3881484
青海,2150,381939.5,3191443
西藏,2150,392169.0,1967697
广东,2151,650452.2,67780418
江苏,2151,717227.2,45586783
山东,2151,571600.0,54612697
浙江,2151,1035093.7,34732018
河南,2151,561881.7,53450839
四川,2151,440047.4,45005854
福建,2151,668742.7,22344247
湖北,2151,569926.3,31063560
湖南,2151,476431.1,35737886
上海,2151,1150169.2,13377502
安徽,2151,480181.2,32827862
河北,2151,401821.9,40132506
北京,2151,1249534.9,11774568
陕西,2151,501795.6,21263074
江西,2151,430731.3,24307572
重庆,2151,591037.4,17239603
辽宁,2151,446762.2,22909039
云南,2151,393525.4,25394124
广西,2151,334860.7,26964784
山西,2151,382975.1,18783368
内蒙古,2151,546871.8,12936426
贵州,2151,350261.3,20741314
天津,2151,769308.3,7460633
黑龙江,2151,325859.4,17132024
新疆,2151,404366.3,13904641
吉林,2151,387496.8,12947184
甘肃,2151,273039.6,13458186
海南,2151,415788.5,5422003
宁夏,2151,412586.7,3872859
青海,2151,384696.4,3184351
西藏,2151,394999.7,1963325
广东,2152,655134.2,67629808
江苏,2152,722389.8,45485487
山东,2152,575714.4,54491345
浙江,2152,1042544.3,34654842
河南,2152,565926.2,53332069
四川,2152,443214.9,44905849
福建,2152,673556.3,22294597
湖北,2152,574028.6,30994535
湖南,2152,479860.4,35658475
上海,2152,1158448.1,13347776
安徽,2152,483637.6,32754918
河北,2152,404714.2,40043329
北京,2152,1258529.1,11748405
陕西,2152,505407.6,21215826
江西,2152,433831.7,24253559
重庆,2152,595291.7,17201296
辽宁,2152,449978.0,22858134
云南,2152,396358.0,25337697
广西,2152,337271.0,26904867
山西,2152,385731.8,18741631
内蒙古,2152,550808.2,12907681
贵州,2152,352782.5,20695226
天津,2152,774845.8,7444055
黑龙江,2152,328205.0,17093956
新疆,2152,407277.0,13873744
吉林,2152,390286.0,12918415
甘肃,2152,275004.9,13428282
海南,2152,418781.4,5409955
宁夏,2152,415556.5,3864254
青海,2152,387465.5,3177275
西藏,2152,397842.9,1958962
广东,2153,659836.8,67479531
江苏,2153,727575.1,45384416
山东,2153,579846.9,54370263
浙江,2153,1050027.7,34577838
河南,2153,569988.4,53213563
四川,2153,446396.3,44806066
福建,2153,678391.1,22245058
湖北,2153,578149.0,30925664
湖南,2153,483304.9,35579240
上海,2153,1166763.4,13318117
安徽,2153,487109.2,32682135
河北,2153,407619.3,39954352
北京,2153,1267562.8,11722299
陕西,2153,509035.4,21168684
江西,2153,436945.8,24199667
重庆,2153,599564.7,17163074
辽宁,2153,453207.9,22807343
云南,2153,399203.1,25281396
广西,2153,339691.9,26845083
山西,2153,388500.6,18699986
内蒙古,2153,554761.9,12879000
贵州,2153,355314.7,20649240
天津,2153,780407.7,7427514
黑龙江,2153,330560.8,17055972
新疆,2153,410200.4,13842916
吉林,2153,393087.5,12889710
甘肃,2153,276978.9,13398444
海南,2153,421787.4,5397934
宁夏,2153,418539.4,3855667
青海,2153,390246.7,3170215
西藏,2153,400698.7,1954609
广东,2154,664559.8,67329589
江苏,2154,732783.0,45283570
山东,2154,583997.4,54249450
浙江,2154,1057543.7,34501005
河南,2154,574068.3,53095320
四川,2154,449591.6,44706505
福建,2154,683247.0,22195628
湖北,2154,582287.4,30856946
湖南,2154,486764.3,35500182
上海,2154,1175115.1,13288524
安徽,2154,490595.9,32609514
河北,2154,410537.0,39865571
北京,2154,1276636.0,11696252
陕西,2154,512679.0,21121646
江西,2154,440073.4,24145894
重庆,2154,603856.3,17124937
辽宁,2154,456452.0,22756664
云南,2154,402060.5,25225219
广西,2154,342123.4,26785432
山西,2154,391281.4,18658434
内蒙古,2154,558732.8,12850382
贵州,2154,357858.0,20603357
天津,2154,785993.8,7411010
黑龙江,2154,332927.0,17018073
新疆,2154,413136.6,13812157
吉林,2154,395901.2,12861068
甘肃,2154,278961.5,13368672
海南,2154,424806.5,5385940
宁夏,2154,421535.2,3847100
青海,2154,393040.1,3163171
西藏,2154,403566.8,1950266
广东,2155,669303.4,67179980
江苏,2155,738013.6,45182948
山东,2155,588165.9,54128906
浙江,2155,1065092.4,34424342
河南,2155,578166.0,52977340
四川,2155,452800.7,44607166
福建,2155,688123.9,22146309
湖北,2155,586443.7,30788381
湖南,2155,490238.8,35421299
上海,2155,1183502.9,13258996
安徽,2155,494097.7,32537054
河北,2155,413467.4,39776989
北京,2155,1285748.5,11670262
陕西,2155,516338.5,21074713
江西,2155,443214.6,24092241
重庆,2155,608166.6,17086885
辽宁,2155,459710.1,22706098
云南,2155,404930.4,25169168
广西,2155,344565.5,26725914
山西,2155,394074.4,18616974
内蒙古,2155,562721.0,12821828
贵州,2155,360412.4,20557575
天津,2155,791604.1,7394543
黑龙江,2155,335303.4,16980258
新疆,2155,416085.5,13781466
吉林,2155,398727.1,12832490
甘肃,2155,280952.7,13338966
海南,2155,427838.8,5373972
宁夏,2155,424544.1,3838551
青海,2155,395845.5,3156142
西藏,2155,406447.5,1945932
广东,2156,674067.4,67030704
江苏,2156,743266.6,45082550
山东,2156,592352.4,54008629
浙江,2156,1072673.5,34347850
河南,2156,582281.3,52859622
四川,2156,456023.7,44508047
福建,2156,693021.9,22097099
湖北,2156,590617.9,30719968
湖南,2156,493728.3,35342591
上海,2156,1191926.9,13229534
安徽,2156,497614.6,32464755
河北,2156,416410.4,39688602
北京,2156,1294900.3,11644331
陕西,2156,520013.7,21027884
江西,2156,446369.3,24038707
重庆,2156,612495.5,17048917
辽宁,2156,462982.2,22655644
云南,2156,407812.6,25113241
广西,2156,347018.0,26666528
山西,2156,396879.3,18575606
内蒙古,2156,566726.4,12793337
贵州,2156,362977.8,20511895
天津,2156,797238.6,7378112
黑龙江,2156,337690.0,16942528
新疆,2156,419047.2,13750843
吉林,2156,401565.2,12803976
甘肃,2156,282952.5,13309326
海南,2156,430884.1,5362031
宁夏,2156,427566.0,3830022
青海,2156,398663.1,3149129
西藏,2156,409340.5,1941608
广东,2157,678851.8,66881759
江苏,2157,748542.2,44982375
山东,2157,596556.8,53888620
浙江,2157,1080287.2,34271527
河南,2157,586414.2,52742166
四川,2157,459260.5,44409148
福建,2157,697940.8,22047998
湖北,2157,594810.0,30651707
湖南,2157,497232.7,35264059
上海,2157,1200387.0,13200138
安徽,2157,501146.6,32392617
河北,2157,419366.0,39600413
北京,2157,1304091.2,11618456
陕西,2157,523704.7,20981160
江西,2157,449537.6,23985292
重庆,2157,616842.8,17011034
辽宁,2157,466268.4,22605302
云南,2157,410707.2,25057438
广西,2157,349481.1,26607274
山西,2157,399696.3,18534331
内蒙古,2157,570748.9,12764910
贵州,2157,365554.1,20466317
天津,2157,802897.3,7361717
黑龙江,2157,340086.9,16904881
新疆,2157,422021.5,13720288
吉林,2157,404415.4,12775525
甘肃,2157,284960.9,13279752
海南,2157,433942.4,5350116
宁夏,2157,430600.8,3821511
青海,2157,401492.7,3142132
西藏,2157,412245.9,1937294
广东,2158,683656.6,66733145
江苏,2158,753840.2,44882422
山东,2158,600779.1,53768877
浙江,2158,1087933.2,34195375
河南,2158,590564.7,52624971
四川,2158,462511.0,44310469
福建,2158,702880.7,21999007
湖北,2158,599019.9,30583597
湖南,2158,500752.0,35185701
上海,2158,1208883.1,13170806
安徽,2158,504693.6,32320640
河北,2158,422334.1,39512419
北京,2158,1313321.3,11592640
陕西,2158,527411.3,20934539
江西,2158,452719.3,23931996
重庆,2158,621208.7,16973235
辽宁,2158,469568.5,22555072
云南,2158,413614.1,25001760
广西,2158,351954.6,26548151
山西,2158,402525.3,18493147
内蒙古,2158,574788.5,12736546
贵州,2158,368141.4,20420840
天津,2158,808580.0,7345359
黑龙江,2158,342493.9,16867317
新疆,2158,425008.4,13689801
吉林,2158,407277.8,12747137
甘肃,2158,286977.7,13250244
海南,2158,437013.7,5338228
宁夏,2158,433648.4,3813020
青海,2158,404334.4,3135150
西藏,2158,415163.7,1932989
广东,2159,688481.6,66584861
江苏,2159,759160.6,44782692
山东,2159,605019.2,53649400
浙江,2159,1095611.5,34119391
河南,2159,594732.7,52508036
四川,2159,465775.3,44212009
福建,2159,707841.4,21950124
湖北,2159,603247.6,30515639
湖南,2159,504286.1,35107517
上海,2159,1217415.0,13141540
安徽,2159,508255.6,32248822
河北,2159,425314.9,39424621
北京,2159,1322590.3,11566880
陕西,2159,531133.6,20888021
江西,2159,455914.5,23878818
重庆,2159,625593.0,16935519
辽宁,2159,472882.6,22504954
云南,2159,416533.3,24946205
广西,2159,354438.6,26489160
山西,2159,405366.2,18452054
内蒙古,2159,578845.2,12708245
贵州,2159,370739.7,20375464
天津,2159,814286.7,7329038
黑龙江,2159,344911.2,16829837
新疆,2159,428008.0,13659381
吉林,2159,410152.2,12718813
甘肃,2159,289003.1,13220802
海南,2159,440098.1,5326366
宁夏,2159,436709.0,3804547
青海,2159,407188.1,3128183
西藏,2159,418093.8,1928694
广东,2160,693326.9,66436907
江苏,2160,764503.3,44683183
山东,2160,609277.2,53530189
浙江,2160,1103322.1,34043576
河南,2160,598918.3,52391361
四川,2160,469053.3,44113769
福建,2160,712823.0,21901350
湖北,2160,607493.1,30447832
湖南,2160,507835.1,35029506
上海,2160,1225982.8,13112339
安徽,2160,511832.5,32177164
河北,2160,428308.1,39337018
北京,2160,1331898.3,11541178
陕西,2160,534871.6,20841607
江西,2160,459123.1,23825758
重庆,2160,629995.7,16897888
辽宁,2160,476210.6,22454947
云南,2160,419464.7,24890773
广西,2160,356933.1,26430300
山西,2160,408219.0,18411053
内蒙古,2160,582918.9,12680006
贵州,2160,373348.8,20330189
天津,2160,820017.4,7312752
黑龙江,2160,347338.5,16792441
新疆,2160,431020.2,13629030
吉林,2160,413038.7,12690551
甘肃,2160,291037.1,13191425
海南,2160,443195.3,5314531
宁夏,2160,439782.4,3796093
青海,2160,410053.8,3121232
西藏,2160,421036.2,1924408
广东,2161,698192.5,66289281
江苏,2161,769868.3,44583895
山东,2161,613552.8,53411243
浙江,2161,1111064.8,33967930
河南,2161,603121.3,52274945
四川,2161,472344.9,44015746
福建,2161,717825.3,21852684
湖北,2161,611756.3,30380176
湖南,2161,511398.9,34951669
上海,2161,1234586.3,13083203
安徽,2161,515424.3,32105665
河北,2161,431313.8,39249609
北京,2161,1341245.1,11515533
陕西,2161,538625.1,20795296
江西,2161,462345.0,23772817
重庆,2161,634416.8,16860340
辽宁,2161,479552.5,22405051
云南,2161,422408.3,24835465
广西,2161,359437.9,26371571
山西,2161,411083.7,18370143
内蒙古,2161,587009.7,12651831
贵州,2161,375968.8,20285015
天津,2161,825772.0,7296503
黑龙江,2161,349776.0,16755127
新疆,2161,434045.0,13598745
吉林,2161,415937.3,12662352
甘肃,2161,293079.5,13162113
海南,2161,446305.5,5302722
宁夏,2161,442868.7,3787658
青海,2161,412931.4,3114297
西藏,2161,423990.9,1920132
广东,2162,703078.1,66141984
江苏,2162,775255.6,44484828
山东,2162,617846.2,53292561
浙江,2162,1118839.6,33892452
河南,2162,607341.7,52158788
四川,2162,475650.2,43917941
福建,2162,722848.4,21804127
湖北,2162,616037.1,30312670
湖南,2162,514977.5,34874005
上海,2162,1243225.4,13054132
安徽,2162,519031.1,32034325
河北,2162,434332.0,39162395
北京,2162,1350630.5,11489945
陕西,2162,542394.2,20749088
江西,2162,465580.3,23719992
重庆,2162,638856.2,16822876
辽宁,2162,482908.2,22355266
云南,2162,425364.2,24780280
广西,2162,361953.1,26312972
山西,2162,413960.3,18329324
内蒙古,2162,591117.3,12623718
贵州,2162,378599.7,20239940
天津,2162,831550.4,7280290
黑龙江,2162,352223.6,16717897
新疆,2162,437082.2,13568529
吉林,2162,418847.8,12634216
甘肃,2162,295130.3,13132866
海南,2162,449428.6,5290939
宁夏,2162,445967.7,3779242
青海,2162,415820.9,3107377
西藏,2162,426957.8,1915866
广东,2163,707983.9,65995014
江苏,2163,780665.0,44385980
山东,2163,622157.3,53174143
浙江,2163,1126646.3,33817142
河南,2163,611579.4,52042889
四川,2163,478969.0,43820354
福建,2163,727892.1,21755677
湖北,2163,620335.5,30245314
湖南,2163,518570.8,34796514
上海,2163,1251900.1,13025125
安徽,2163,522652.6,31963143
河北,2163,437362.5,39075375
北京,2163,1360054.6,11464414
陕西,2163,546178.8,20702983
江西,2163,468828.9,23667286
重庆,2163,643313.9,16785495
辽宁,2163,486277.7,22305592
云南,2163,428332.2,24725217
广西,2163,364478.6,26254504
山西,2163,416848.8,18288595
内蒙古,2163,595241.9,12595668
贵州,2163,381241.4,20194966
天津,2163,837352.6,7264113
黑龙江,2163,354681.3,16680749
新疆,2163,440132.0,13538379
吉林,2163,421770.4,12606142
甘肃,2163,297189.6,13103684
海南,2163,452564.5,5279182
宁夏,2163,449079.4,3770844
青海,2163,418722.3,3100472
西藏,2163,429936.9,1911609
广东,2164,712909.7,65848370
江苏,2164,786096.4,44287353
山东,2164,626485.9,53055988
浙江,2164,1134485.0,33741999
河南,2164,615834.5,51927248
四川,2164,482301.5,43722983
福建,2164,732956.4,21707335
湖北,2164,624651.5,30178108
湖南,2164,522178.7,34719195
上海,2164,1260610.2,12996183
安徽,2164,526289.0,31892120
河北,2164,440405.5,38988548
北京,2164,1369517.2,11438940
陕西,2164,549978.8,20656980
江西,2164,472090.8,23614696
重庆,2164,647789.7,16748197
辽宁,2164,489661.0,22256028
云南,2164,431312.3,24670277
广西,2164,367014.5,26196165
山西,2164,419749.0,18247957
内蒙古,2164,599383.3,12567680
贵州,2164,383893.9,20150092
天津,2164,843178.5,7247972
黑龙江,2164,357149.0,16643684
新疆,2164,443194.2,13508296
吉林,2164,424704.8,12578131
甘肃,2164,299257.3,13074567
海南,2164,455713.2,5267452
宁夏,2164,452203.9,3762465
青海,2164,421635.6,3093583
西藏,2164,432928.2,1907361
广东,2165,717855.5,65702052
江苏,2165,791549.9,44188945
山东,2165,630832.2,52938095
浙江,2165,1142355.4,33667023
河南,2165,620106.8,51811864
四川,2165,485647.4,43625829
福建,2165,738041.2,21659100
湖北,2165,628985.0,30111051
湖南,2165,525801.3,34642047
上海,2165,1269355.6,12967305
安徽,2165,529940.1,31821254
河北,2165,443460.8,38901914
北京,2165,1379018.2,11413522
陕西,2165,553794.3,20611079
江西,2165,475365.9,23562223
重庆,2165,652283.7,16710981
辽宁,2165,493058.0,22206574
云南,2165,434304.5,24615458
广西,2165,369560.6,26137956
山西,2165,422661.0,18207409
内蒙古,2165,603541.4,12539754
贵州,2165,386557.1,20105318
天津,2165,849028.0,7231866
黑龙江,2165,359626.7,16606701
新疆,2165,446268.9,13478280
吉林,2165,427651.2,12550182
甘肃,2165,301333.4,13045515
海南,2165,458874.7,5255747
宁夏,2165,455341.1,3754105
青海,2165,424560.6,3086709
西藏,2165,435931.6,1903123
广东,2166,722821.2,65556060
江苏,2166,797025.4,44090755
山东,2166,635195.9,52820465
浙江,2166,1150257.5,33592213
河南,2166,624396.3,51696736
四川,2166,489006.8,43528891
福建,2166,743146.6,21610973
湖北,2166,633335.9,30044143
湖南,2166,529438.5,34565071
上海,2166,1278136.3,12938491
安徽,2166,533605.9,31750546
河北,2166,446528.4,38815472
北京,2166,1388557.4,11388161
陕西,2166,557625.1,20565281
江西,2166,478654.2,23509867
重庆,2166,656795.8,16673849
辽宁,2166,496468.7,22157230
云南,2166,437308.8,24560762
广西,2166,372117.0,26079877
山西,2166,425584.7,18166952
内蒙古,2166,607716.4,12511890
贵州,2166,389231.1,20060643
天津,2166,854901.1,7215797
黑龙江,2166,362114.4,16569800
新疆,2166,449355.9,13448331
吉林,2166,430609.4,12522295
甘肃,2166,303417.8,13016527
海南,2166,462048.9,5244069
宁夏,2166,458490.8,3745763
青海,2166,427497.5,3079850
西藏,2166,438947.2,1898894
广东,2167,727806.7,65410391
江苏,2167,802522.8,43992784
山东,2167,639577.1,52703095
浙江,2167,1158191.3,33517570
河南,2167,628703.0,51581863
四川,2167,492379.7,43432168
福建,2167,748272.3,21562953
湖北,2167,637704.3,29977384
湖南,2167,533090.2,34488266
上海,2167,1286952.0,12909741
安徽,2167,537286.4,31679995
河北,2167,449608.2,38729222
北京,2167,1398134.8,11362856
陕西,2167,561471.2,20519584
江西,2167,481955.7,23457627
重庆,2167,661326.0,16636799
辽宁,2167,499893.0,22107996
云南,2167,440325.1,24506187
广西,2167,374683.7,26021926
山西,2167,428520.1,18126584
内蒙古,2167,611908.0,12484088
贵州,2167,391915.8,20016068
天津,2167,860797.6,7199763
黑龙江,2167,364612.0,16532981
新疆,2167,452455.2,13418448
吉林,2167,433579.5,12494470
甘肃,2167,305510.6,12987604
海南,2167,465235.8,5232416
宁夏,2167,461653.2,3737440
青海,2167,430446.1,3073006
西藏,2167,441974.7,1894674
广东,2168,732812.1,65265047
江苏,2168,808042.0,43895030
山东,2168,643975.6,52585987
浙江,2168,1166156.5,33443092
河南,2168,633026.8,51467246
四川,2168,495766.0,43335660
福建,2168,753418.4,21515039
湖北,2168,642090.0,29910773
湖南,2168,536756.5,34411632
上海,2168,1295802.8,12881055
安徽,2168,540981.5,31609601
河北,2168,452700.3,38643164
北京,2168,1407750.2,11337607
陕西,2168,565332.7,20473989
江西,2168,485270.2,23405503
重庆,2168,665874.2,16599831
辽宁,2168,503330.9,22058871
云南,2168,443353.3,24451733
广西,2168,377260.5,25964104
山西,2168,431467.2,18086306
内蒙古,2168,616116.3,12456348
贵州,2168,394611.1,19971591
天津,2168,866717.6,7183765
黑龙江,2168,367119.5,16496244
新疆,2168,455566.9,13388632
吉林,2168,436561.4,12466706
甘肃,2168,307611.7,12958745
海南,2168,468435.4,5220789
宁夏,2168,464828.1,3729135
青海,2168,433406.4,3066178
西藏,2168,445014.3,1890464
广东,2169,737837.2,65120025
江苏,2169,813583.0,43797493
山东,2169,648391.6,52469139
浙江,2169,1174153.2,33368781
河南,2169,637367.7,51352884
四川,2169,499165.6,43239366
福建,2169,758584.8,21467232
湖北,2169,646493.0,29844310
湖南,2169,540437.1,34335168
上海,2169,1304688.5,12852433
安徽,2169,544691.1,31539363
河北,2169,455804.6,38557298
北京,2169,1417403.6,11312415
陕西,2169,569209.3,20428495
江西,2169,488597.9,23353495
重庆,2169,670440.2,16562946
辽宁,2169,506782.4,22009855
云南,2169,446393.5,24397400
广西,2169,379847.5,25906411
山西,2169,434425.9,18046118
内蒙古,2169,620341.2,12428669
贵州,2169,397317.1,19927214
天津,2169,872661.0,7167802
黑龙江,2169,369637.0,16459589
新疆,2169,458690.9,13358881
吉林,2169,439555.0,12439005
甘肃,2169,309721.1,12929950
海南,2169,471647.6,5209189
宁夏,2169,468015.6,3720849
青海,2169,436378.4,3059365
西藏,2169,448065.9,1886264
广东,2170,742881.9,64975326
江苏,2170,819145.6,43700174
山东,2170,652824.8,52352550
浙江,2170,1182181.2,33294634
河南,2170,641725.5,51238776
四川,2170,502578.5,43143286
福建,2170,763771.5,21419531
湖北,2170,650913.2,29777994
湖南,2170,544132.2,34258874
上海,2170,1313609.0,12823874
安徽,2170,548415.3,31469281
河北,2170,458921.1,38471622
北京,2170,1427094.7,11287278
陕西,2170,573101.1,20383102
江西,2170,491938.5,23301603
重庆,2170,675024.2,16526142
辽宁,2170,510247.4,21960949
云南,2170,449445.6,24343188
广西,2170,382444.6,25848846
山西,2170,437396.1,18006018
内蒙古,2170,624582.6,12401052
贵州,2170,400033.6,19882934
天津,2170,878627.5,7151875
黑龙江,2170,372164.3,16423015
新疆,2170,461827.1,13329198
吉林,2170,442560.3,12411365
甘肃,2170,311838.7,12901219
海南,2170,474872.4,5197614
宁夏,2170,471215.5,3712581
青海,2170,439362.0,3052567
西藏,2170,451129.4,1882072
广东,2171,747946.3,64830948
江苏,2171,824729.9,43603070
山东,2171,657275.2,52236221
浙江,2171,1190240.3,33220652
河南,2171,646100.3,51124921
四川,2171,506004.6,43047420
福建,2171,768978.2,21371935
湖北,2171,655350.6,29711827
湖南,2171,547841.7,34182749
上海,2171,1322564.1,12795379
安徽,2171,552154.0,31399355
河北,2171,462049.6,38386136
北京,2171,1436823.4,11262197
陕西,2171,577008.1,20337810
江西,2171,495292.2,23249826
重庆,2171,679626.0,16489421
辽宁,2171,513725.8,21912151
云南,2171,452509.6,24289097
广西,2171,385051.8,25791409
山西,2171,440377.9,17966008
内蒙古,2171,628840.5,12373497
贵州,2171,402760.7,19838754
天津,2171,884617.3,7135983
黑龙江,2171,374701.4,16386523
新疆,2171,464975.4,13299579
吉林,2171,445577.4,12383786
甘肃,2171,313964.6,12872552
海南,2171,478109.7,5186064
宁夏,2171,474427.9,3704332
青海,2171,442357.2,3045784
西藏,2171,454204.9,1877890
广东,2172,753030.2,64686891
江苏,2172,830335.7,43506182
山东,2172,661742.8,52120150
浙江,2172,1198330.6,33146834
河南,2172,650491.9,51011320
四川,2172,509444.0,42951767
福建,2172,774205.1,21324446
湖北,2172,659805.1,29645806
湖南,2172,551565.5,34106794
上海,2172,1331553.7,12766947
安徽,2172,555907.0,31329585
河北,2172,465190.2,38300841
北京,2172,1446589.7,11237172
陕西,2172,580930.1,20292618
江西,2172,498658.7,23198164
重庆,2172,684245.5,16452780
辽宁,2172,517217.7,21863461
云南,2172,455585.3,24235125
广西,2172,387669.0,25734099
山西,2172,443371.3,17926087
内蒙古,2172,633114.8,12346002
贵州,2172,405498.3,19794671
天津,2172,890630.2,7120127
黑龙江,2172,377248.3,16350111
新疆,2172,468135.9,13270027
吉林,2172,448606.0,12356269
甘肃,2172,316098.6,12843949
海南,2172,481359.4,5174541
宁夏,2172,477652.7,3696100
青海,2172,445364.0,3039016
西藏,2172,457292.2,1873718
广东,2173,758133.6,64543154
江苏,2173,835963.0,43409510
山东,2173,666227.5,52004337
浙江,2173,1206451.8,33073181
河南,2173,654900.3,50897970
四川,2173,512896.6,42856327
福建,2173,779452.0,21277062
湖北,2173,664276.7,29579931
湖南,2173,555303.5,34031007
上海,2173,1340577.8,12738578
安徽,2173,559674.5,31259969
河北,2173,468342.9,38215735
北京,2173,1456393.4,11212203
陕西,2173,584867.1,20247527
江西,2173,502038.2,23146617
重庆,2173,688882.7,16416222
辽宁,2173,520723.0,21814879
云南,2173,458672.9,24181274
广西,2173,390296.3,25676917
山西,2173,446376.0,17886255
内蒙古,2173,637405.5,12318569
贵州,2173,408246.5,19750687
天津,2173,896666.1,7104306
黑龙江,2173,379804.9,16313780
新疆,2173,471308.5,13240541
吉林,2173,451646.3,12328813
甘肃,2173,318240.9,12815409
海南,2173,484621.7,5163043
宁夏,2173,480889.8,3687888
青海,2173,448382.3,3032263
西藏,2173,460391.3,1869554
广东,2174,763256.3,64399737
江苏,2174,841611.6,43313052
山东,2174,670729.2,51888781
浙江,2174,1214603.8,32999691
河南,2174,659325.5,50784873
四川,2174,516362.3,42761098
福建,2174,784718.8,21229784
湖北,2174,668765.2,29514204
湖南,2174,559055.7,33955389
上海,2174,1349636.2,12710273
安徽,2174,563456.2,31190508
河北,2174,471507.5,38130818
北京,2174,1466234.4,11187289
陕西,2174,588819.1,20202536
江西,2174,505430.5,23095184
重庆,2174,693537.5,16379744
辽宁,2174,524241.5,21766406
云南,2174,461772.2,24127542
广西,2174,392933.6,25619862
山西,2174,449392.2,17846511
内蒙古,2174,641712.5,12291197
贵州,2174,411005.0,19706800
天津,2174,902724.9,7088520
黑龙江,2174,382371.3,16277531
新疆,2174,474493.2,13211120
吉林,2174,454698.1,12301418
甘肃,2174,320391.2,12786933
海南,2174,487896.3,5151570
宁夏,2174,484139.2,3679693
青海,2174,451412.0,3025525
西藏,2174,463502.2,1865400
广东,2175,768398.4,64256638
江苏,2175,847281.6,43216809
山东,2175,675247.9,51773482
浙江,2175,1222786.6,32926364
河南,2175,663767.4,50672027
四川,2175,519841.0,42666081
福建,2175,790005.4,21182610
湖北,2175,673270.7,29448622
湖南,2175,562822.0,33879938
上海,2175,1358728.7,12682030
安徽,2175,567252.2,31121202
河北,2175,474684.1,38046090
北京,2175,1476112.4,11162430
陕西,2175,592785.9,20157645
江西,2175,508835.6,23043865
重庆,2175,698209.9,16343348
辽宁,2175,527773.3,21718040
云南,2175,464883.1,24073930
广西,2175,395580.7,25562934
山西,2175,452419.8,17806855
内蒙古,2175,646035.7,12263885
贵州,2175,413773.9,19663011
天津,2175,908806.6,7072769
黑龙江,2175,384947.3,16241361
新疆,2175,477689.8,13181764
吉林,2175,457761.4,12274084
甘肃,2175,322549.7,12758520
海南,2175,491183.2,5140123
宁夏,2175,487400.8,3671517
青海,2175,454453.2,3018802
西藏,2175,466624.8,1861255
广东,2176,773559.7,64113857
江苏,2176,852972.7,43120779
山东,2176,679783.5,51658439
浙江,2176,1231000.0,32853200
河南,2176,668225.9,50559432
四川,2176,523332.7,42571276
福建,2176,795311.9,21135542
湖北,2176,677793.0,29383186
湖南,2176,566602.5,33804656
上海,2176,1367855.2,12653850
安徽,2176,571062.5,31052049
河北,2176,477872.5,37961550
北京,2176,1486027.4,11137627
陕西,2176,596767.7,20112854
江西,2176,512253.4,22992661
重庆,2176,702899.7,16307032
辽宁,2176,531318.4,21669782
云南,2176,468005.7,24020436
广西,2176,398237.9,25506132
山西,2176,455458.7,17767287
内蒙古,2176,650375.1,12236634
贵州,2176,416553.2,19619319
天津,2176,914911.0,7057053
黑龙江,2176,387533.0,16205272
新疆,2176,480898.5,13152474
吉林,2176,460836.1,12246810
甘肃,2176,324716.3,12730170
海南,2176,494482.5,5128702
宁夏,2176,490674.7,3663358
青海,2176,457505.7,3012095
西藏,2176,469759.1,1857119
广东,2177,778740.2,63971394
江苏,2177,858685.0,43024963
山东,2177,684336.0,51543652
浙江,2177,1239243.9,32780199
河南,2177,672701.0,50447087
四川,2177,526837.5,42476680
福建,2177,800638.0,21088578
湖北,2177,682332.2,29317895
湖南,2177,570397.0,33729540
上海,2177,1377015.6,12625733
安徽,2177,574886.8,30983050
河北,2177,481072.8,37877198
北京,2177,1495979.2,11112878
陕西,2177,600764.2,20068163
江西,2177,515683.9,22941570
重庆,2177,707607.0,16270797
辽宁,2177,534876.6,21621630
云南,2177,471139.9,23967062
广西,2177,400904.8,25449456
山西,2177,458508.8,17727808
内蒙古,2177,654730.6,12209444
贵州,2177,419342.9,19575724
天津,2177,921038.1,7041372
黑龙江,2177,390128.3,16169263
新疆,2177,484119.0,13123248
吉林,2177,463922.3,12219597
甘肃,2177,326890.9,12701883
海南,2177,497794.0,5117305
宁夏,2177,493960.7,3655218
青海,2177,460569.6,3005402
西藏,2177,472905.0,1852993
广东,2178,783939.7,63829247
江苏,2178,864418.3,42929360
山东,2178,688905.2,51429120
浙江,2178,1247518.2,32707360
河南,2178,677192.5,50334991
四川,2178,530355.1,42382296
福建,2178,805983.8,21041718
湖北,2178,686888.0,29252750
湖南,2178,574205.5,33654592
上海,2178,1386209.8,12597678
安徽,2178,578725.3,30914205
河北,2178,484284.8,37793033
北京,2178,1505967.7,11088185
陕西,2178,604775.4,20023571
江西,2178,519127.1,22890593
重庆,2178,712331.6,16234643
辽宁,2178,538447.9,21573586
云南,2178,474285.7,23913806
广西,2178,403581.6,25392906
山西,2178,461570.2,17688416
内蒙古,2178,659102.2,12182314
贵州,2178,422142.8,19532226
天津,2178,927187.7,7025725
黑龙江,2178,392733.1,16133335
新疆,2178,487351.4,13094088
吉林,2178,467019.9,12192445
甘肃,2178,329073.5,12673659
海南,2178,501117.7,5105935
宁夏,2178,497258.8,3647096
青海,2178,463644.8,2998723
西藏,2178,476062.6,1848875
广东,2179,789158.3,63687416
江苏,2179,870172.6,42833969
山东,2179,693491.2,51314842
浙江,2179,1255822.7,32634683
河南,2179,681700.5,50223145
四川,2179,533885.6,42288120
福建,2179,811349.1,20994963
湖北,2179,691460.5,29187749
湖南,2179,578027.9,33579810
上海,2179,1395437.6,12569685
安徽,2179,582577.7,30845512
河北,2179,487508.6,37709055
北京,2179,1515992.6,11063547
陕西,2179,608801.3,19979077
江西,2179,522582.8,22839729
重庆,2179,717073.5,16198569
辽宁,2179,542032.2,21525649
云南,2179,477442.9,23860669
广西,2179,406268.2,25336482
山西,2179,464642.8,17649112
内蒙古,2179,663489.7,12155244
贵州,2179,424952.9,19488824
天津,2179,933359.9,7010114
黑龙江,2179,395347.5,16097486
新疆,2179,490595.6,13064992
吉林,2179,470128.7,12165353
甘肃,2179,331264.1,12645497
海南,2179,504453.6,5094589
宁夏,2179,500569.0,3638992
青海,2179,466731.2,2992060
西藏,2179,479231.6,1844767
广东,2180,794395.7,63545900
江苏,2180,875947.8,42738790
山东,2180,698093.7,51200819
浙江,2180,1264157.4,32562168
河南,2180,686224.8,50111547
四川,2180,537428.9,42194155
福建,2180,816733.8,20948311
湖北,2180,696049.6,29122893
湖南,2180,581864.1,33505195
上海,2180,1404698.8,12541755
安徽,2180,586444.2,30776972
河北,2180,490744.1,37625264
北京,2180,1526054.0,11038963
陕西,2180,612841.8,19934683
江西,2180,526051.1,22788979
重庆,2180,721832.5,16162575
辽宁,2180,545629.6,21477818
云南,2180,480611.6,23807650
广西,2180,408964.5,25280184
山西,2180,467726.6,17609895
内蒙古,2180,667893.2,12128235
贵州,2180,427773.2,19445519
天津,2180,939554.4,6994537
黑龙江,2180,397971.3,16061717
新疆,2180,493851.6,13035961
吉林,2180,473248.9,12138321
甘肃,2180,333462.6,12617399
海南,2180,507801.5,5083269
宁夏,2180,503891.1,3630906
青海,2180,469828.8,2985412
西藏,2180,482412.2,1840668
广东,2181,799652.1,63404698
江苏,2181,881743.7,42643823
山东,2181,702712.8,51087049
浙江,2181,1272522.0,32489813
河南,2181,690765.4,50000197
四川,2181,540984.9,42100397
福建,2181,822137.9,20901763
湖北,2181,700655.2,29058180
湖南,2181,585714.1,33430745
上海,2181,1413993.3,12513887
安徽,2181,590324.5,30708584
河北,2181,493991.3,37541660
北京,2181,1536151.5,11014434
陕西,2181,616896.8,19890387
江西,2181,529531.8,22738341
重庆,2181,726608.7,16126661
辽宁,2181,549239.9,21430094
云南,2181,483791.7,23754748
广西,2181,411670.5,25224010
山西,2181,470821.4,17570765
内蒙古,2181,672312.4,12101285
贵州,2181,430603.7,19402311
天津,2181,945771.2,6978995
黑龙江,2181,400604.6,16026027
新疆,2181,497119.3,13006995
吉林,2181,476380.3,12111349
甘肃,2181,335669.0,12589362
海南,2181,511161.5,5071973
宁夏,2181,507225.2,3622838
青海,2181,472937.5,2978778
西藏,2181,485604.2,1836578
广东,2182,804927.1,63263810
江苏,2182,887560.3,42549067
山东,2182,707348.4,50973531
浙江,2182,1280916.4,32417619
河南,2182,695322.1,49889095
四川,2182,544553.6,42006849
福建,2182,827561.3,20855318
湖北,2182,705277.2,28993612
湖南,2182,589577.9,33356460
上海,2182,1423321.0,12486080
安徽,2182,594218.7,30640349
河北,2182,497250.0,37458240
北京,2182,1546285.0,10989960
陕西,2182,620966.3,19846190
江西,2182,533025.0,22687815
重庆,2182,731401.9,16090827
辽宁,2182,552863.0,21382475
云南,2182,486983.1,23701964
广西,2182,414386.2,25167961
山西,2182,473927.3,17531722
内蒙古,2182,676747.5,12074396
贵州,2182,433444.3,19359198
天津,2182,952010.1,6963487
黑龙江,2182,403247.3,15990416
新疆,2182,500398.6,12978093
吉林,2182,479522.8,12084437
甘肃,2182,337883.3,12561388
海南,2182,514533.5,5060703
宁夏,2182,510571.3,3614788
青海,2182,476057.4,2972159
西藏,2182,488807.6,1832497
广东,2183,810220.8,63123235
江苏,2183,893397.5,42454521
山东,2183,712000.4,50860266
浙江,2183,1289340.6,32345586
河南,2183,699895.0,49778239
四川,2183,548134.9,41913508
福建,2183,833003.9,20808977
湖北,2183,709915.5,28929187
湖南,2183,593455.4,33282341
上海,2183,1432681.7,12458336
安徽,2183,598126.7,30572265
河北,2183,500520.2,37375007
北京,2183,1556454.4,10965539
陕西,2183,625050.2,19802091
江西,2183,536530.5,22637402
重庆,2183,736212.1,16055073
辽宁,2183,556499.0,21334962
云南,2183,490185.8,23649297
广西,2183,417111.5,25112037
山西,2183,477044.1,17492766
内蒙古,2183,681198.2,12047566
贵州,2183,436294.9,19316181
天津,2183,958271.2,6948014
黑龙江,2183,405899.3,15954885
新疆,2183,503689.6,12949255
吉林,2183,482676.4,12057585
甘肃,2183,340105.5,12533476
海南,2183,517917.4,5049458
宁夏,2183,513929.1,3606756
青海,2183,479188.2,2965555
西藏,2183,492022.3,1828425
广东,2184,815533.1,62982973
江苏,2184,899255.1,42360185
山东,2184,716668.7,50747252
浙江,2184,1297794.3,32273713
河南,2184,704484.0,49667630
四川,2184,551728.9,41820374
福建,2184,838465.6,20762739
湖北,2184,714570.2,28864905
湖南,2184,597346.4,33208386
上海,2184,1442075.2,12430653
安徽,2184,602048.4,30504332
河北,2184,503801.9,37291958
北京,2184,1566659.4,10941174
陕西,2184,629148.4,19758090
江西,2184,540048.3,22587101
重庆,2184,741039.2,16019398
辽宁,2184,560147.8,21287555
云南,2184,493399.8,23596748
广西,2184,419846.3,25056237
山西,2184,480171.9,17453896
内蒙古,2184,685664.6,12020796
贵州,2184,439155.5,19273260
天津,2184,964554.2,6932575
黑龙江,2184,408560.6,15919433
新疆,2184,506992.1,12920481
吉林,2184,485841.2,12030792
甘肃,2184,342335.4,12505626
海南,2184,521313.2,5038238
宁夏,2184,517298.7,3598741
青海,2184,482330.1,2958965
西藏,2184,495248.3,1824362
广东,2185,820863.9,62843022
江苏,2185,905133.2,42266059
山东,2185,721353.2,50634490
浙江,2185,1306277.4,32201999
河南,2185,709088.9,49557266
四川,2185,555335.3,41727448
福建,2185,843946.3,20716603
湖北,2185,719241.0,28800766
湖南,2185,601251.0,33134596
上海,2185,1451501.4,12403031
安徽,2185,605983.7,30436550
河北,2185,507095.1,37209094
北京,2185,1576900.0,10916862
陕西,2185,633260.8,19714187
江西,2185,543578.4,22536911
重庆,2185,745883.0,15983802
辽宁,2185,563809.2,21240253
云南,2185,496624.9,23544315
广西,2185,422590.6,25000561
山西,2185,483310.6,17415113
内蒙古,2185,690146.5,11994085
贵州,2185,442026.1,19230434
天津,2185,970859.0,6917171
黑龙江,2185,411231.2,15884059
新疆,2185,510306.1,12891772
吉林,2185,489016.9,12004060
甘肃,2185,344573.1,12477838
海南,2185,524720.8,5027043
宁夏,2185,520680.1,3590745
青海,2185,485482.9,2952390
西藏,2185,498485.5,1820308
广东,2186,826213.1,62703383
江苏,2186,911031.5,42172143
山东,2186,726054.0,50521978
浙江,2186,1314789.8,32130445
河南,2186,713709.7,49447148
四川,2186,558954.1,41634728
福建,2186,849445.9,20670570
湖北,2186,723928.0,28736770
湖南,2186,605169.1,33060969
上海,2186,1460960.2,12375471
安徽,2186,609932.6,30368919
河北,2186,510399.6,37126414
北京,2186,1587175.9,10892604
陕西,2186,637387.5,19670381
江西,2186,547120.6,22486833
重庆,2186,750743.6,15948285
辽宁,2186,567483.3,21193057
云南,2186,499861.2,23491998
广西,2186,425344.5,24945009
山西,2186,486460.1,17376416
内蒙古,2186,694643.8,11967434
贵州,2186,444906.5,19187703
天津,2186,977185.7,6901801
黑龙江,2186,413911.0,15848764
新疆,2186,513631.5,12863125
吉林,2186,492203.6,11977386
甘肃,2186,346818.5,12450112
海南,2186,528140.1,5015873
宁夏,2186,524073.1,3582766
青海,2186,488646.5,2945830
西藏,2186,501733.9,1816263
广东,2187,831580.6,62564053
江苏,2187,916950.0,42078434
山东,2187,730770.7,50409716
浙江,2187,1323331.3,32059050
河南,2187,718346.3,49337275
四川,2187,562585.4,41542214
福建,2187,854964.3,20624639
湖北,2187,728630.9,28672915
湖南,2187,609100.6,32987506
上海,2187,1470451.3,12347972
安徽,2187,613895.0,30301438
河北,2187,513715.3,37043917
北京,2187,1597487.0,10868400
陕西,2187,641528.3,19626673
江西,2187,550675.0,22436867
重庆,2187,755620.8,15912847
辽宁,2187,571169.9,21145965
云南,2187,503108.5,23439798
广西,2187,428107.7,24889580
山西,2187,489620.4,17337804
内蒙古,2187,699156.6,11940842
贵州,2187,447796.8,19145067
天津,2187,983533.9,6886465
黑龙江,2187,416600.0,15813547
新疆,2187,516968.3,12834543
吉林,2187,495401.2,11950772
甘肃,2187,349071.6,12422448
海南,2187,531571.2,5004727
宁夏,2187,527477.7,3574805
青海,2187,491821.0,2939284
西藏,2187,504993.4,1812228
广东,2188,836966.3,62425033
江苏,2188,922888.6,41984934
山东,2188,735503.5,50297704
浙江,2188,1331901.7,31987814
河南,2188,722998.6,49227645
四川,2188,566228.9,41449905
福建,2188,860501.4,20578810
湖北,2188,733349.9,28609203
湖南,2188,613045.4,32914207
上海,2188,1479974.6,12320535
安徽,2188,617870.9,30234107
河北,2188,517042.4,36961604
北京,2188,1607833.0,10844250
陕西,2188,645683.1,19583061
江西,2188,554241.4,22387011
重庆,2188,760514.5,15877488
辽宁,2188,574869.1,21098978
云南,2188,506366.9,23387714
广西,2188,430880.3,24834274
山西,2188,492791.4,17299279
内蒙古,2188,703684.6,11914309
贵州,2188,450697.0,19102526
天津,2188,989903.7,6871163
黑龙江,2188,419298.0,15778409
新疆,2188,520316.4,12806024
吉林,2188,498609.6,11924217
甘肃,2188,351332.4,12394844
海南,2188,535013.9,4993606
宁夏,2188,530893.9,3566862
青海,2188,495006.2,2932753
西藏,2188,508264.0,1808201
广东,2189,842370.0,62286322
江苏,2189,928847.1,41891642
山东,2189,740252.2,50185940
浙江,2189,1340501.0,31916735
河南,2189,727666.5,49118259
四川,2189,569884.7,41357802
福建,2189,866057.1,20533083
湖北,2189,738084.7,28545632
湖南,2189,617003.4,32841070
上海,2189,1489529.8,12293158
安徽,2189,621860.1,30166925
河北,2189,520380.6,36879474
北京,2189,1618213.8,10820154
陕西,2189,649851.9,19539547
江西,2189,557819.8,22337266
重庆,2189,765424.7,15842208
辽宁,2189,578580.6,21052095
云南,2189,509636.2,23335745
广西,2189,433662.2,24779092
山西,2189,495973.0,17260839
内蒙古,2189,708227.9,11887835
贵州,2189,453606.8,19060079
天津,2189,996294.9,6855895
黑龙江,2189,422005.2,15743349
新疆,2189,523675.8,12777569
吉林,2189,501828.8,11897721
甘肃,2189,353600.7,12367302
海南,2189,538468.1,4982510
宁夏,2189,534321.6,3558936
青海,2189,498202.2,2926236
西藏,2189,511545.5,1804183
广东,2190,847791.8,62147920
江苏,2190,934825.5,41798557
山东,2190,745016.7,50074425
浙江,2190,1349128.9,31845815
河南,2190,732350.0,49009117
四川,2190,573552.7,41265903
福建,2190,871631.4,20487458
湖北,2190,742835.2,28482203
湖南,2190,620974.7,32768096
上海,2190,1499117.0,12265842
安徽,2190,625862.6,30099893
河北,2190,523730.0,36797526
北京,2190,1628629.1,10796111
陕西,2190,654034.5,19496129
江西,2190,561410.1,22287632
重庆,2190,770351.2,15807006
辽宁,2190,582304.6,21005316
云南,2190,512916.4,23283892
广西,2190,436453.4,24724032
山西,2190,499165.3,17222485
内蒙古,2190,712786.2,11861419
贵州,2190,456526.4,19017727
天津,2190,1002707.4,6840661
黑龙江,2190,424721.4,15708366
新疆,2190,527046.3,12749176
吉林,2190,505058.8,11871283
甘肃,2190,355876.6,12339822
海南,2190,541933.9,4971439
宁夏,2190,537760.6,3551028
青海,2190,501408.8,2919734
西藏,2190,514838.0,1800174
广东,2191,853231.5,62009824
江苏,2191,940823.6,41705679
山东,2191,749797.0,49963158
浙江,2191,1357785.3,31775053
河南,2191,737049.0,48900216
四川,2191,577232.7,41174209
福建,2191,877224.0,20441934
湖北,2191,747601.5,28418914
湖南,2191,624959.0,32695284
上海,2191,1508735.7,12238587
安徽,2191,629878.3,30033010
河北,2191,527090.4,36715761
北京,2191,1639078.9,10772122
陕西,2191,658231.0,19452808
江西,2191,565012.3,22238108
重庆,2191,775294.0,15771882
辽宁,2191,586040.8,20958642
云南,2191,516207.4,23232155
广西,2191,439253.9,24669094
山西,2191,502368.1,17184216
内蒙古,2191,717359.7,11835063
贵州,2191,459455.6,18975469
天津,2191,1009141.1,6825460
黑龙江,2191,427446.5,15673462
新疆,2191,530428.0,12720847
吉林,2191,508299.4,11844905
甘肃,2191,358160.0,12312402
海南,2191,545411.1,4960392
宁夏,2191,541211.1,3543137
青海,2191,504626.0,2913246
西藏,2191,518141.4,1796174
广东,2192,858689.0,61872036
江苏,2192,946841.3,41613007
山东,2192,754592.9,49852137
浙江,2192,1366470.1,31704447
河南,2192,741763.4,48791558
四川,2192,580924.9,41082718
福建,2192,882835.0,20396511
湖北,2192,752383.3,28355766
湖南,2192,628956.4,32622634
上海,2192,1518386.0,12211392
安徽,2192,633907.2,29966275
河北,2192,530461.8,36634177
北京,2192,1649562.9,10748186
陕西,2192,662441.2,19409583
江西,2192,568626.3,22188694
重庆,2192,780253.0,15736836
辽宁,2192,589789.3,20912071
云南,2192,519509.2,23180532
广西,2192,442063.4,24614278
山西,2192,505581.3,17146032
内蒙古,2192,721948.1,11808765
贵州,2192,462394.4,18933305
天津,2192,1015595.8,6810294
黑龙江,2192,430180.6,15638635
新疆,2192,533820.8,12692581
吉林,2192,511550.6,11818585
甘肃,2192,360450.9,12285044
海南,2192,548899.7,4949370
宁夏,2192,544672.8,3535264
青海,2192,507853.7,2906773
西藏,2192,521455.5,1792183
广东,2193,864164.2,61734554
江苏,2193,952878.6,41520542
山东,2193,759404.3,49741364
浙江,2193,1375183.0,31633999
河南,2193,746493.0,48683141
四川,2193,584629.0,40991430
福建,2193,888464.1,20351189
湖北,2193,757180.7,28292758
湖南,2193,632966.8,32550145
上海,2193,1528067.5,12184258
安徽,2193,637949.1,29899689
河北,2193,533844.1,36552774
北京,2193,1660080.8,10724303
陕西,2193,666665.1,19366454
江西,2193,572251.9,22139390
重庆,2193,785228.0,15701869
辽宁,2193,593549.9,20865603
云南,2193,522821.7,23129024
广西,2193,444882.1,24559584
山西,2193,508805.0,17107933
内蒙古,2193,726551.4,11782525
贵州,2193,465342.7,18891234
天津,2193,1022071.5,6795161
黑龙江,2193,432923.5,15603885
新疆,2193,537224.5,12664378
吉林,2193,514812.3,11792324
甘肃,2193,362749.2,12257746
海南,2193,552399.6,4938372
宁夏,2193,548145.7,3527409
青海,2193,511091.9,2900314
西藏,2193,524780.4,1788200
广东,2194,869656.9,61597377
江苏,2194,958935.2,41428281
山东,2194,764231.2,49630837
浙江,2194,1383923.9,31563706
河南,2194,751237.8,48574965
四川,2194,588345.0,40900346
福建,2194,894111.3,20305968
湖北,2194,761993.4,28229891
湖南,2194,636990.0,32477817
上海,2194,1537780.2,12157184
安徽,2194,642004.0,29833251
河北,2194,537237.3,36471552
北京,2194,1670632.6,10700473
陕西,2194,670902.5,19323421
江西,2194,575889.3,22090195
重庆,2194,790219.1,15666978
辽宁,2194,597322.6,20819239
云南,2194,526144.8,23077630
广西,2194,447709.9,24505012
山西,2194,512039.1,17069918
内蒙古,2194,731169.5,11756344
贵州,2194,468300.5,18849257
天津,2194,1028567.9,6780062
黑龙江,2194,435675.2,15569213
新疆,2194,540639.2,12636237
吉林,2194,518084.6,11766121
甘肃,2194,365054.9,12230509
海南,2194,555910.7,4927399
宁夏,2194,551629.9,3519571
青海,2194,514340.5,2893869
西藏,2194,528116.0,1784227
广东,2195,875167.2,61460505
江苏,2195,965011.2,41336226
山东,2195,769073.5,49520555
浙江,2195,1392692.6,31493571
河南,2195,755997.8,48467030
四川,2195,592072.8,40809463
福建,2195,899776.5,20260848
湖北,2195,766821.5,28167163
湖南,2195,641026.1,32405650
上海,2195,1547523.8,12130170
安徽,2195,646071.8,29766960
河北,2195,540641.3,36390511
北京,2195,1681217.9,10676696
陕西,2195,675153.4,19280484
江西,2195,579538.2,22041110
重庆,2195,795226.0,15632166
辽宁,2195,601107.3,20772978
云南,2195,529478.5,23026351
广西,2195,450546.6,24450561
山西,2195,515283.4,17031988
内蒙古,2195,735802.3,11730221
贵州,2195,471267.7,18807373
天津,2195,1035085.0,6764997
黑龙江,2195,438435.7,15534617
新疆,2195,544064.8,12608159
吉林,2195,521367.2,11739976
甘肃,2195,367367.9,12203332
海南,2195,559433.0,4916450
宁夏,2195,555125.0,3511750
青海,2195,517599.4,2887439
西藏,2195,531462.2,1780262
广东,2196,880694.8,61323938
江苏,2196,971106.2,41244375
山东,2196,773931.0,49410518
浙江,2196,1401488.9,31423591
河南,2196,760772.7,48359334
四川,2196,595812.4,40718783
福建,2196,905459.6,20215827
湖北,2196,771664.8,28104574
湖南,2196,645074.8,32333644
上海,2196,1557298.0,12103217
安徽,2196,650152.5,29700817
河北,2196,544056.0,36309650
北京,2196,1691836.6,10652972
陕西,2196,679417.8,19237642
江西,2196,583198.6,21992134
重庆,2196,800248.7,15597430
辽宁,2196,604904.0,20726819
云南,2196,532822.8,22975185
广西,2196,453392.3,24396230
山西,2196,518538.0,16994143
内蒙古,2196,740449.6,11704156
贵州,2196,474244.3,18765582
天津,2196,1041622.7,6749964
黑龙江,2196,441204.9,15500099
新疆,2196,547501.1,12580143
吉林,2196,524660.2,11713889
甘肃,2196,369688.3,12176216
海南,2196,562966.5,4905526
宁夏,2196,558631.3,3503947
青海,2196,520868.6,2881023
西藏,2196,534819.0,1776306
广东,2197,886239.7,61187673
江苏,2197,977220.4,41152729
山东,2197,778803.7,49300726
浙江,2197,1410312.7,31353766
河南,2197,765562.6,48251878
四川,2197,599563.6,40628304
福建,2197,911160.4,20170907
湖北,2197,776523.3,28042125
湖南,2197,649136.2,32261797
上海,2197,1567102.8,12076323
安徽,2197,654245.8,29634820
河北,2197,547481.4,36228968
北京,2197,1702488.5,10629301
陕西,2197,683695.4,19194895
江西,2197,586870.4,21943266
重庆,2197,805287.1,15562772
辽宁,2197,608712.5,20680764
云南,2197,536177.4,22924134
广西,2197,456246.9,24342021
山西,2197,521802.7,16956381
内蒙古,2197,745111.5,11678149
贵州,2197,477230.2,18723885
天津,2197,1048180.8,6734966
黑龙江,2197,443982.7,15465657
新疆,2197,550948.2,12552189
吉林,2197,527963.5,11687860
甘肃,2197,372015.8,12149160
海南,2197,566510.9,4894625
宁夏,2197,562148.4,3496161
青海,2197,524148.0,2874621
西藏,2197,538186.2,1772359
广东,2198,891801.7,61051712
江苏,2198,983353.4,41061286
山东,2198,783691.5,49191178
浙江,2198,1419163.8,31284097
河南,2198,770367.2,48144660
四川,2198,603326.5,40538027
福建,2198,916878.8,20126086
湖北,2198,781396.7,27979814
湖南,2198,653210.2,32190110
上海,2198,1576937.9,12049489
安徽,2198,658351.9,29568971
河北,2198,550917.4,36148466
北京,2198,1713173.3,10605682
陕西,2198,687986.3,19152243
江西,2198,590553.6,21894507
重庆,2198,810341.1,15528191
辽宁,2198,612532.7,20634810
云南,2198,539542.5,22873195
广西,2198,459110.3,24287932
山西,2198,525077.5,16918703
内蒙古,2198,749787.8,11652200
贵州,2198,480225.3,18682279
天津,2198,1054759.2,6720000
黑龙江,2198,446769.2,15431291
新疆,2198,554405.9,12524298
吉林,2198,531277.0,11661890
甘肃,2198,374350.6,12122164
海南,2198,570066.3,4883749
宁夏,2198,565676.5,3488392
青海,2198,527437.5,2868234
西藏,2198,541563.9,1768421
广东,2199,897380.8,60916053
江苏,2199,989505.2,40970046
山东,2199,788594.2,49081873
浙江,2199,1428042.0,31214582
河南,2199,775186.6,48037681
四川,2199,607100.8,40447950
福建,2199,922614.7,20081365
湖北,2199,786285.1,27917642
湖南,2199,657296.7,32118582
上海,2199,1586803.2,12022714
安徽,2199,662470.5,29503267
河北,2199,554363.9,36068143
北京,2199,1723890.8,10582116
陕西,2199,692290.3,19109686
江西,2199,594248.1,21845857
重庆,2199,815410.5,15493687
辽宁,2199,616364.7,20588959
云南,2199,542917.8,22822370
广西,2199,461982.4,24233963
山西,2199,528362.4,16881109
内蒙古,2199,754478.5,11626308
贵州,2199,483229.5,18640767
天津,2199,1061357.7,6705068
黑龙江,2199,449564.1,15397002
新疆,2199,557874.3,12496468
吉林,2199,534600.6,11635976
甘肃,2199,376692.5,12095228
海南,2199,573632.6,4872897
宁夏,2199,569215.3,3480641
青海,2199,530737.1,2861860
西藏,2199,544951.9,1764492
广东,2200,902976.7,60780695
江苏,2200,995675.6,40879009
山东,2200,793511.8,48972811
浙江,2200,1436947.2,31145222
河南,2200,780020.6,47930939
四川,2200,610886.7,40358073
福建,2200,928368.1,20036744
湖北,2200,791188.3,27855608
湖南,2200,661395.5,32047213
上海,2200,1596698.3,11995999
安徽,2200,666601.6,29437710
河北,2200,557820.9,35987998
北京,2200,1734640.8,10558602
陕西,2200,696607.3,19067224
江西,2200,597953.7,21797314
重庆,2200,820495.3,15459259
辽宁,2200,620208.3,20543209
云南,2200,546303.4,22771658
广西,2200,464863.3,24180114
山西,2200,531657.2,16843599
内蒙古,2200,759183.3,11600474
贵州,2200,486242.9,18599346
天津,2200,1067976.2,6690169
黑龙江,2200,452367.6,15362790
新疆,2200,561353.1,12468701
吉林,2200,537934.3,11610121
甘肃,2200,379041.5,12068352
海南,2200,577209.7,4862070
宁夏,2200,572764.9,3472907
青海,2200,534046.8,2855501
西藏,2200,548350.1,1760571
