gcm,FAO,Country,C Model,0.5,1.5,2.5,3.5,4.5,5.5,6.5,7.5,8.5,9.5,10.5,11.5,12.5,13.5,14.5,15.5,16.5,17.5,18.5,19.5,20.5,21.5,22.5,23.5,24.5,25.5,26.5,27.5,28.5,29.5,30.5,31.5,32.5,33.5,34.5,35.5,36.5,37.5,38.5,39.5,40.5,41.5,42.5,43.5,44.5,45.5,46.5,47.5,48.5,49.5,50.5,51.5,52.5,53.5,54.5,55.5,56.5,57.5,58.5,59.5,60.5,61.5,62.5,63.5,64.5,65.5,66.5,67.5,68.5,69.5,70.5,71.5,72.5,73.5,74.5,75.5,76.5,77.5,78.5,79.5,80.5,81.5,82.5,83.5,84.5,85.5,86.5,87.5,88.5,89.5,90.5,91.5,92.5,93.5,94.5,95.5,96.5,97.5,98.5,99.5,100.5
CCSM4,351,China,NCARCSM1.4,1.1102718678122212,2.1340649869750346,2.4478690969565338,2.508977523631559,2.484156100346704,2.433550660792561,2.378297348062249,2.3253574879111913,2.2766227991964674,2.2322393941184826,2.1918094631396974,2.154815901864172,2.1207641310993846,2.0892224043397647,2.059826858083902,2.0322753158212743,2.006318378397165,1.9817506913489764,1.9584032472025052,1.9361368685611213,1.9148367852909107,1.894408157935646,1.874772397156963,1.8558641448151563,1.8376288019214306,1.8200205073168505,1.8030004872169838,1.7865357095485026,1.770597788520084,1.7551620944303563,1.7402070316309781,1.7257134541066073,1.7116641935390222,1.6980436791858393,1.6848376325871215,1.6720328231515131,1.6596168731784637,1.6475781029376613,1.6359054081272213,1.6245881634321995,1.6136161470566432,1.6029794820493073,1.592668591021064,1.5826741614903272,1.5729871196166552,1.563598610511294,1.554499983664459,1.5456827823158268,1.5371387358286788,1.5288597543186315,1.5208379249428525,1.5130655093813947,1.5055349421438147,1.4982388294167006,1.4911699482334517,1.4843212458008295,1.4776858388590477,1.4712570129857225,1.4650282217805948,1.458993085888708,1.453145391835974,1.4474790906633541,1.4419882963556265,1.436667284067495,1.431510488155119,1.4265125000247443,1.4216680658125664,1.4169720839115068,1.4124196023613724,1.40800581611913,1.4037260642259135,1.3995758268868448,1.3955507224791788,1.3916465045033333,1.3878590584906674,1.3841843988804057,1.3806186658778634,1.3771581223043818,1.373799150448833,1.3705382489294973,1.3673720295741676,1.3642972143255403,1.3613106321780806,1.3584092161518644,1.3555900003081252,1.3528501168106541,1.3501867930365492,1.3475973487393234,1.3450791932668162,1.342629822835977,1.340246817866123,1.3379278403719015,1.335670631417027,1.3334730086290913,1.3313328637762352,1.3292481604054915,1.3272169315428528,1.3252372774547736,1.3233073634706907,1.321425417865982,1.3195897298046904
CCSM4,351,China,HadGEM2-ES,1.111187345715264,2.1415696817045027,2.4665635073293255,2.5415706874316704,2.531892213955943,2.4966329651180748,2.4562351999130425,2.4172290563004544,2.3812654225461447,2.348383140798912,2.318167920680402,2.2901455384743805,2.263900983851282,2.2391026894066868,2.215496398852933,2.192891382427201,2.171146548867648,2.15015860893869,2.129852602226283,2.11017453014917,2.0910857135076517,2.072558512525175,2.0545731052207485,2.037115080427099,2.020173654314124,2.0037403620234167,1.987808109835697,1.9723704997018596,1.9574213584630682,1.9429544199371263,1.9289631202843174,1.9154404764965294,1.9023790251124981,1.889770803841672,1.8776073630615928,1.8658797974345522,1.8545787903976885,1.8436946661937113,1.8332174455639973,1.8231369023279544,1.813442618903765,1.8041240394493414,1.7951705197671017,1.7865713734595707,1.7783159140738547,1.7703934931539416,1.7627935342476022,1.7555055630026755,1.7485192335456612,1.7418243513715823,1.735410892993786,1.729269022610394,1.7233891060435662,1.7177617222014567,1.7123776723024358,1.7072279870883023,1.7023039322389344,1.6975970121857646,1.6930989725063106,1.6888018010670227,1.6846977280672661,1.6807792251234601,1.6770390035194302,1.6734700117368595,1.6700654323684492,1.6668186785059775,1.6637233896858716,1.6607734274661312,1.657962870700431,1.655286010567971,1.6527373454109877,1.650311575425903,1.6480035972486236,1.6458084984696677,1.6437215521103488,1.6417382110873369,1.6398541026893407,1.6380650230864657,1.6363669318899794,1.6347559467776378,1.6332283381974806,1.6317805241609553,1.6304090651344418,1.6291106590366395,1.627882136347887,1.6267204553361667,1.625622697403526,1.6245860625555988,1.6236078649960815,1.6226855288472788,1.621816583997166,1.6209986620728312,1.6202294925397018,1.619506898925507,1.618828795167566,1.6181931820817053,1.6175981439508083,1.617041845230818,1.616522527371805,1.616038505751594,1.6155881667192797
CCSM4,351,China,MPI-ESM,1.1149052697046473,2.1621181414577455,2.5020823606230445,2.5850702066623663,2.576483221275077,2.5369419465898884,2.4885362587963082,2.4391965503483193,2.3916584632048865,2.3467599396490284,2.3046532852214305,2.265250245132413,2.2283849607574484,2.1938731790957537,2.161533334859466,2.131193644891308,2.102694094676416,2.075886582659271,2.0506344225977875,2.026811644201632,2.004302252621124,1.9829995043980806,1.9628052195767132,1.9436291357085977,1.9253883043506743,1.9080065287825678,1.8914138410092378,1.875546015909608,1.8603441203609228,1.845754095207423,1.8317263680101676,1.8182154945959632,1.8051798275116324,1.7925812095803642,1.7803846908491148,1.768558267307255,1.7570726398474232,1.7459009920278625,1.73501878528161,1.7244035703013956,1.7140348134087753,1.7038937367933047,1.6939631715805985,1.684227422757978,1.6746721450525626,1.6652842289196308,1.6560516958576934,1.646963602323039,1.6380099515685695,1.6291816127810879,1.620470246937223,1.6118682388412802,1.6033686348488003,1.5949650858167892,1.5866517948570078,1.5784234695010577,1.5702752779164322,1.5622028088406872,1.5542020349273293,1.5462692792207644,1.5384011845005479,1.5305946852556351,1.5228469820686714,1.5151555182081076,1.5075179582421863,1.4999321685043199,1.4923961992528294,1.4849082683814196,1.47746674654822,1.4700701436024268,1.4627170961974654,1.4554063564888928,1.4481367818238522,1.4409073253366258,1.4337170273718989,1.4265650076644996,1.41945045820955,1.412372636763357,1.4053308609200696,1.398324502713842,1.3913529837006549,1.3844157704777866,1.3775123706025514,1.3706423288752825,1.3638052239545075,1.3570006652750202,1.3502282902422003,1.3434877616780156,1.3367787654967325,1.3301010085896026,1.3234542169002734,1.3168381336738222,1.3102525178640532,1.3036971426848767,1.297171794292982,1.2906762705900543,1.2842103801338176,1.2777739411482087,1.271366780623769,1.2649887335001424,1.258639641923355
CCSM4,351,China,Bern3D-LPJ(ensemblemedian),1.1129128757843507,2.1519777990377356,2.4868820956239124,2.570865049944314,2.569066213858505,2.5409462566412726,2.5073380585288256,2.4750663902029264,2.445966708124289,2.4201718454541292,2.3972957978746687,2.3768486340322634,2.358372413529177,2.341477613427813,2.3258455134944938,2.3112201415063707,2.297398072709345,2.284218818172098,2.2715565502350934,2.2593132302518915,2.247412991542836,2.2357975841745823,2.224422697057135,2.2132549972383124,2.202269752461774,2.1914489267148323,2.1807796586234094,2.170253049264292,2.1598631996918516,2.1496064496951948,2.139480778449648,2.129485335175554,2.119620073979135,2.1098854719794575,2.100282313832131,2.090811529015122,2.08147407088436,2.0722708286508826,2.063202565169387,2.0542698748363564,2.0454731570356386,2.0368126014911176,2.028288182630281,2.019899660663169,2.0116465875645053,2.003528316535916,1.9955440138370406,1.9876926721243797,1.9799731246362469,1.9723840597213078,1.9649240353342698,1.9575914932221956,1.950384772603235,1.943302123201291,1.9363417175475854,1.9295016624970973,1.9227800099358212,1.9161747666759885,1.9096839035519937,1.90330536374113,1.8970370703411075,1.8908769332416768,1.8848228553307755,1.8788727380774786,1.8730244865342884,1.8672760138010143,1.8616252449914936,1.8560701207426724,1.8506086003039215,1.8452386642425418,1.8399583167988198,1.8347655879224838,1.8296585350195393,1.8246352444370038,1.8196938327103325,1.8148324475970254,1.8100492689174463,1.8053425092224475,1.8007104143057873,1.7961512635773853,1.7916633703126084,1.7872450817908037,1.7828947793357015,1.7786108782685615,1.774391827784496,1.770236110760892,1.7661422435063394,1.7621087754576845,1.7581342888316873,1.7542173982377403,1.750356750256807,1.7465510229918262,1.7427989255937515,1.73909919776748,1.73545060926096,1.7318519593409745,1.7283020762581993,1.7247998167042033,1.7213440652627519,1.7179337338571843,1.7145677611959667
CCSM4,351,China,Bern2.5D-LPJ,1.0965785442320166,2.0603707330007395,2.3231849855346063,2.3582123037263734,2.3294876000950637,2.290576055423134,2.256615638196774,2.2301070235050355,2.2099170937773827,2.1942625839251155,2.181584776079263,2.17072009208256,2.1608603740106607,2.1514688676420066,2.142202358500215,2.1328508040018934,2.123293734119661,2.113469825026931,2.103356063519515,2.0929536506323148,2.0822785545771643,2.0713552381236875,2.0602125391343487,2.048881004195416,2.037391198249919,2.025772666280421,2.014053327675282,2.002259155103943,1.990414038088064,1.9785397642582212,1.9666560735058563,1.9547807552702592,1.942929769349162,1.931117377459428,1.9193562773676835,1.907657734484231,1.8960317078586304,1.8844869688661754,1.8730312117568175,1.8616711558060812,1.850412639164301,1.839260704717166,1.8282196783940545,1.8172932404232107,1.806484490056195,1.7957960042822636,1.7852298910365765,1.7747878373802144,1.7644711530996742,1.7542808101411043,1.7442174782619086,1.7342815572507666,1.72447320603676,1.7147923689800944,1.7052387996104115,1.6958120820544267,1.6865116503723143,1.6773368060017386,1.6682867334899272,1.6593605146770873,1.6505571414791682,1.6418755274038863,1.6333145179212836,1.6248728997985944,1.6165494094986996,1.6083427407320787,1.6002515512436173,1.5922744689077215,1.5844100971985258,1.5766570200952175,1.5690138064771015,1.561479014057619,1.554051192901995,1.5467288885687465,1.5395106449116347,1.5323950065749756,1.5253805212122866,1.5184657414550777,1.5116492266564219,1.504929544431202,1.4983052720131675,1.4917749974466767,1.4853373206296685,1.4789908542224481,1.4727342244357473,1.466566071710067,1.4604850512972871,1.4544898337543175,1.4485791053577834,1.4427515684477399,1.4370059417077963,1.431340960388067,1.425755376477092,1.4202479588279195,1.4148174932433533,1.409462782524587,1.404182646487354,1.3989759219490239,1.39384146268994,1.3887781393918814,1.383784839556306
CCSM4,351,China,CLIMBER2-LPJ,1.1074479754450577,2.1153728722909597,2.408304261181006,2.448210126106936,2.403710217263458,2.3356861855841653,2.2655394818044856,2.2002810949673894,2.1417434713365027,2.0899537767316816,2.0443613656325574,2.0042776937943856,1.9690280901378914,1.9379988956994179,1.9106472912123724,1.8864984180913422,1.8651387051330373,1.8462085594350666,1.8293954798099057,1.8144278925580317,1.8010697427187425,1.7891157863594513,1.7783875063722134,1.7687295736163053,1.7600067817984124,1.7521013927456106,1.7449108368157165,1.7383457205225525,1.7323280999108233,1.726789983835186,1.7216720361658147,1.7169224501505207,1.7124959717979151,1.7083530522846164,1.7044591120996386,1.7007839019791366,1.6973009477059575,1.6939870675939694,1.690821952985184,1.687787803390465,1.68486900903044,1.6820518745061108,1.6793243781696878,1.6766759624931187,1.6740973513606034,1.671580390754855,1.6691179097773443,1.666703599349563,1.6643319062944661,1.661997940802038,1.659697395546749,1.6574264749532042,1.6551818333041428,1.6529605205564468,1.650759934879467,1.648577781058627,1.646412034019171,1.6442609068216527,1.642122822564886,1.6399963897050311,1.6378803803628115,1.6357737112458854,1.6336754268611782,1.6315846847335171,1.6295007423830912,1.627422945845503,1.6253507195457557,1.6232835573610138,1.6212210147280934,1.6191627016691572,1.6171082766253984,1.6150574410018101,1.6130099343381392,1.610965530031956,1.6089240315482238,1.6068852690585105,1.6048490964591529,1.6028153887245418,1.6007840395563213,1.5987549592945645,1.5967280730607167,1.5947033191056659,1.5926806473398272,1.5906600180242831,1.5886414006051433,1.586624772674656,1.5846101190452755,1.582597430923734,1.580586705174372,1.578577943661551,1.5765711526627273,1.5745663423443153,1.5725635262934308,1.570562721099673,1.5685639459812377,1.5665672224509046,1.5645725740172904,1.5625800259179357,1.5605896048804995,1.5586013389094084,1.5566152570949454
CCSM4,351,China,DCESS,1.1058932618705013,2.1117049175247864,2.413357282625721,2.473521243326048,2.4576791363820507,2.4232176504282834,2.3886736924473158,2.3589722288874495,2.334534976572621,2.3145005605007185,2.2978119437550686,2.283544241577369,2.2709716749533615,2.2595523905748505,2.248893355949112,2.2387155780264245,2.22882513090293,2.219090548936657,2.209425701953555,2.1997770179252965,2.190114033333279,2.180422448030924,2.17069904866832,2.160948019190236,2.1511782774233326,2.141401568495007,2.1316311148333607,2.12188067411147,2.1121638949871913,2.1024938891404936,2.0928829594143954,2.0833424396922497,2.0738826138919375,2.0645126901690367,2.0552408128744153,2.0460740995853404,2.037018694055602,2.028079828528934,2.0192618907713675,2.0105684925792513,2.002002537542746,1.9935662865882602,1.98526142036031,1.9770890978881026,1.9690500112549427,1.961144436179296,1.95337227854705,1.9457331170216472,1.9382262419143717,1.9308506905300968,1.9236052792208211,1.9164886323849857,1.9094992086488252,1.9026353244587761,1.8958951753036608,1.8892768547730296,1.8827783716447033,1.8763976651807743,1.8701326187977554,1.8639810722632364,1.857940832558827,1.8520096835371225,1.8461853944892863,1.8404657277294165,1.8348484452922167,1.8293313148317232,1.8239121148004562,1.81858863898144,1.8133587004379632,1.8082201349406979,1.8031708039251835,1.7982085970284922,1.7933314342483921,1.7885372677648916,1.7838240834594326,1.779189902164332,1.7746327806712292,1.7701508125248313,1.765742128625778,1.7614048976635817,1.7571373263992474,1.7529376598144657,1.7488041811433352,1.7447352118002524,1.7407291112169487,1.7367842765996058,1.7328991426166562,1.7290721810259781,1.7253019002501095,1.7215868449064198,1.7179255952992558,1.7143167668795887,1.7107590096776306,1.7072510077132184,1.703791478387877,1.7003791718627088,1.6970128704250238,1.6936913878471163,1.6904135687393855,1.687178287900555,1.683984449666646
CCSM4,351,China,GENIE(ensemblemedian),1.1044409661669137,2.0999102207633786,2.38435344908331,2.4236831763482654,2.3857800507909106,2.3296277813209114,2.274736652334947,2.2265599977757353,2.185747006120685,2.1514695391213254,2.122584980205683,2.0980157388452714,2.0768506665337205,2.0583521589210356,2.0419348880906516,2.0271391068701208,2.0136059211764095,2.0010564242917326,1.9892747347502673,1.978094434342854,1.9673878101296682,1.957057355808129,1.9470290744791974,1.9372472104374103,1.9276701116254829,1.9182669853134264,1.9090153586567735,1.8998990949815802,1.8909068477949933,1.8820308592275765,1.8732660291890402,1.8646091970190257,1.8560585896825752,1.8476134002665285,1.839273468210676,1.8310390387777773,1.8229105840647029,1.8148886716475483,1.8069738699465392,1.7991666817591832,1.7914674992727617,1.7838765753357835,1.7763940069240782,1.7690197276464072,1.761753506849299,1.7545949534410945,1.7475435229946792,1.7405985270315316,1.733759143657813,1.727024428931808,1.7203933285035766,1.7138646891931384,1.7074372702694072,1.701109754266235,1.694880757227672,1.6887488383171103,1.6827125087566734,1.6767702400863056,1.6709204717493051,1.6651616180227458,1.6594920743196317,1.6539102228950202,1.6484144379913184,1.6430030904599058,1.6376745518961984,1.6324271983252692,1.6272594134735179,1.6221695916610779,1.6171561403471337,1.6122174823590656,1.6073520578338671,1.6025583258987104,1.5978347661150683,1.593179879709376,1.5885921906110414,1.5840702463170164,1.5796126186005983,1.5752179040803154,1.570884724663656,1.5666117278788965,1.5623975871070426,1.5582410017250383,1.554140697169922,1.5500954249331225,1.5461039624929815,1.5421651131927558,1.5382777060709578,1.5344405956497578,1.5306526616870193,1.5269128088967665,1.523219966642411,1.519573088606772,1.5159711524422719,1.5124131594045582,1.5088981339723149,1.5054251234559168,1.5019931975970084,1.4986014481611545,1.4952489885253413,1.4919349532618362,1.4886584977200064
CCSM4,351,China,LOVECLIM,1.099817391818742,2.078977897679926,2.3563314141716374,2.399583821046291,2.3720326870381423,2.328152671945351,2.284418358186489,2.2446309077807225,2.208766479770281,2.1759295672707295,2.145245277889052,2.1160627671548067,2.087949964548472,2.060640317461739,2.03398042282554,2.0078899112172395,1.982333501528874,1.9573024492130335,1.9328025972675928,1.9088468643847327,1.8854506411043854,1.862629060875879,1.8403954642023592,1.8187606119701334,1.7977323615586656,1.777315622258271,1.7575124732848775,1.7383223707679165,1.7197423977848303,1.7017675292540468,1.6843908948088462,1.667604029945892,1.651397110253752,1.6357591663321798,1.6206782787283844,1.6061417532373272,1.5921362774943562,1.5786480600934305,1.565662953598224,1.55316656284239,1.5411443398830056,1.5295816669035982,1.518463928278102,1.5077765729140058,1.4975051678988685,1.4876354443833173,1.4781533365465074,1.4690450144093565,1.46029691118578,1.451895745793892,1.4438285410862797,1.4360826383015683,1.4286457081881707,1.4215057592041118,1.4146511431548985,1.4080705585930744,1.401753052269112,1.3956880188920635,1.389865199430583,1.3842746781600808,1.3789068786389156,1.3737525587764943,1.368802805137684,1.3640490266119014,1.3594829475602097,1.355096600540776,1.350882318701206,1.3468327279155565,1.3429407387343872,1.3391995382080042,1.3356025816348327,1.3321435842806038,1.3288165131079868,1.3256155785503687,1.3225352263591823,1.3195701295499147,1.3167151804674644,1.3139654829891423,1.311316344879616,1.3087632703100531,1.3063019525513981,1.3039282668491023,1.3016382634853434,1.2994281610331415,1.2972943398049182,1.2952333354972627,1.293241833032693,1.2913166605975863,1.2894547838756827,1.287653300474888,1.2859094345451503,1.284220531584666,1.2825840534307946,1.2809975734321748,1.2794587717982897,1.277965431121985,1.276515432070771,1.2751067492426096,1.2737374471812861,1.2724056765469038,1.2711096704370184
CCSM4,351,China,MESMO,1.101057392061717,2.0918192159796782,2.391385590691705,2.4630744149448014,2.4664787486192306,2.453769897284814,2.440218759378905,2.4291084979913444,2.42027269445078,2.4128554710913512,2.4060955570206617,2.399474384502309,2.3926855567505707,2.3855722395672734,2.3780731904370516,2.3701843721215226,2.3619338217215615,2.3533659481683475,2.3445320449755687,2.335484739717118,2.326274876713515,2.316949876764768,2.307552978559095,2.298122995989575,2.2886943688920405,2.2792973730925623,2.269958409751187,2.260700326920496,2.2515427461849127,2.242502379263247,2.233593326644695,2.224827354584097,2.2162141492628407,2.207761548331844,2.199475750820682,2.191361506782279,2.1834222882028356,2.1756604427372985,2.1680773317886315,2.1606734543684256,2.1534485580782046,2.146401738445483,2.139531527744554,2.13283597433172,2.1263127134302606,2.119959030213645,2.1137719159546537,2.1077481179353303,2.1018841837454065,2.096176500536472,2.090621329744109,2.0852148377401334,2.079953122832332,2.074832238987938,2.0698482166203385,2.064997080745197,2.0602748667817674,2.055677634248276,2.051201478575205,2.046842541238527,2.0425970183944044,2.0384611681790044,2.03443131682068,2.030503863696735,2.026675285453985,2.0229421392999423,2.0193010655607644,2.01574878959228,2.0122821231214987,2.008897965087885,2.0055933020468637,2.00236520819115,1.9992108450396777,1.9961274608389659,1.993112389716542,1.9901630506221757,1.9872769460883914,1.9844516608387623,1.9816848602689912,1.9789742888229582,1.9763177682837896,1.9737131959972452,1.9711585430430714,1.968651852367757,1.9661912368909804,1.9637748775961288,1.9614010216140414,1.95906798030825,1.9567741273684836,1.954517896918662,1.952297781644363,1.9501123309444341,1.9479601491104552,1.9458398935370644,1.9437502729660754,1.9416900457663486,1.9396580182513146,1.9376530430353474,1.935674017430292,1.9337198818827916,1.9317896184528291
CCSM4,351,China,UVic2.9,1.103136676102826,2.0931331871795553,2.3735004376889464,2.411630483328693,2.374980725062922,2.321725841420838,2.2706480839462566,2.226659118145571,2.1900436205889577,2.1597482450132777,2.1345059655529264,2.1131840411902028,2.09486168066583,2.0788200286856404,2.0645089243319705,2.051512043358417,2.039516762856638,2.0282898419218234,2.0176583697195487,2.0074950489318524,1.9977069110863064,1.9882267010491597,1.9790063198365702,1.9700118476466468,1.9612197768958723,1.9526141700741766,1.9441845233294748,1.9359241677353556,1.9278290794865982,1.9198970004616858,1.9121267937734538,1.9045179767153833,1.897070387150717,1.8897839498455375,1.8826585172551003,1.8756937654033357,1.8688891301848833,1.8622437730035843,1.855756567397884,1.8494261003905486,1.8432506838891345,1.8372283726714485,1.831356986406393,1.8256341338535886,1.8200572379078694,1.8146235605474887,1.809330227038405,1.804174248965436,1.799152545822051,1.7942619650084901,1.7894993001727957,1.78486130788991,1.780344722715937,1.775946270682909,1.7716626813174638,1.7674906982774383,1.763427088705559,1.7594686514006712,1.7556122239055363,1.7518546886069228,1.748192977939216,1.7446240787774663,1.7411450361002736,1.7377529559969322,1.734445008087658,1.7312184274199902,1.7280705158991423,1.724998643304943,1.7220002479432082,1.7190728369749673,1.7162139864627766,1.7134213411695696,1.7106926141419918,1.7080255861069404,1.7054181047071075,1.702868083598675,1.7003735014318575,1.697932400732788,1.695542886703283,1.6932031259531621,1.6909113451782274,1.6886658297954424,1.6864649225456956,1.6843070220730798,1.6821905814888014,1.6801141069266847,1.6780761560964592,1.6760753368402046,1.6741103056966147,1.6721797664771507,1.670282468857578,1.6684172069878387,1.6665828181228528,1.6647781812763376,1.663002215899465,1.6612538805858146,1.659532171803795,1.6578361226574965,1.656164801676674,1.6545173116363872,1.6528927884066527
CCSM4,351,China,ACC2,1.10469461172154,2.1025180635519325,2.3914535859902695,2.43640603449979,2.4042787977385194,2.3533425352176423,2.3026629494461877,2.2574608351783767,2.2183033757408657,2.184380027830834,2.154627257076128,2.128081010784215,2.103959676927114,2.0816590304746967,2.0607233016689177,2.0408139462268746,2.0216825179621765,2.0031488234521273,1.9850838954073378,1.9673969291684816,1.9500253445855733,1.9329272659600791,1.9160758553351256,1.8994550591583355,1.8830564294304957,1.8668767597920934,1.8509163383652774,1.8351776663039676,1.8196645270846732,1.8043813191371842,1.789332585453625,1.774522689859072,1.7599556018547897,1.7456347612571035,1.7315630009416294,1.717742511390277,1.704174834830812,1.6908608798628555,1.677800949815445,1.6649947798590248,1.6524415792357303,1.6401400759810882,1.6280885622667969,1.616284939059816,1.6047267592130336,1.5934112684133463,1.5823354436403263,1.5714960289539706,1.5608895685479727,1.5505124370883094,1.5403608674137286,1.5304309757125125,1.5207187843131869,1.5112202422400682,1.5019312436898973,1.4928476445863539,1.4839652773657608,1.4752799641415153,1.4667875283874605,1.4584838052720202,1.4503646507662924,1.4424259496404035,1.434663622453678,1.4270736316357568,1.4196519867477733,1.4123947490050175,1.4052980351353752,1.3983580206413289,1.3915709425270348,1.3849331015462547,1.3784408640220218,1.3720906632837069,1.36587900076322,1.3598024467878245,1.353857641103414,1.348041293159067,1.3423501821803108,1.3367811570561394,1.331331136062189,1.3259971064401688,1.320776123851915,1.3156653117241577,1.3106618604989195,1.305763026802459,1.3009661325447992,1.2962685639602847,1.2916677705986104,1.2871612642749588,1.282746617986579,1.2784214648027543,1.2741834967340926,1.2700304635863897,1.2659601718040479,1.2619704833069783,1.2580593143249397,1.2542246342325027,1.250464464387468,1.2467768769754533,1.243159993862651,1.2396119854589074,1.2361310695926022
CCSM4,351,China,Bern-SAR,1.1069612046361703,2.1157176414571732,2.416042073654302,2.4698256136685393,2.443806102052176,2.396847362193757,2.348680735738691,2.3050726227386003,2.266988365385199,2.233889334883175,2.2048878953092994,2.1791269734996335,2.155884282207455,2.1345830032281037,2.114774128530949,2.0961131243732734,2.0783382223006037,2.0612522140410623,2.0447078065024384,2.028596060888281,2.012837352020358,1.9973743361115273,1.9821665006236064,1.967185953117319,1.9524141772531929,1.9378395421220347,1.9234553973320947,1.9092586227887194,1.8952485307896072,1.8814260405488985,1.8677930628725397,1.8543520464843648,1.8411056482744217,1.82805649815899,1.8152070358161838,1.802559401692284,1.7901153686761824,1.7778763039577075,1.765843153013885,1.7540164395546292,1.742396276725888,1.7309823860045201,1.7197741210989765,1.708770494849074,1.6979702076409433,1.6873716762549953,1.6769730623715533,1.6667723001927404,1.656767122815845,1.646955087126603,1.637333597079711,1.6278999253068722,1.6186512330457423,1.6095845884205915,1.600696983131861,1.5919853476287595,1.5834465648500264,1.5750774826236174,1.5668749248183984,1.5588357013405914,1.5509566170654352,1.5432344797912343,1.5356661072985531,1.5282483335927763,1.5209780144029923,1.5138520320054056,1.506867299434161,1.5000207641378678,1.493309411135139,1.4867302657183594,1.4802803957504314,1.47395691359551,1.4677569777210022,1.461677794004894,1.4557166167792281,1.4498707496376726,1.4441375460327468,1.4385144096855391,1.4329987948288931,1.427588206302704,1.4222801995185095,1.4170723803086007,1.41196240467356,1.4069479784406185,1.4020268568441951,1.3971968440386546,1.3924557925523233,1.3878016026910867,1.3832322218987376,1.3787456440808101,1.3743399088976291,1.3700131010320011,1.365763349436233,1.361588826562562,1.3574877475809735,1.3534583695875788,1.3494989908066461,1.3456079497888012,1.341783624607896,1.3380244320584787,1.3343288268557985
CCSM4,351,China,MAGICC6(ensemblemedian),1.1047540362005746,2.105070075087146,2.4005915709243655,2.454945203306203,2.4333677284610826,2.392870331328283,2.351753179190078,2.314861580322748,2.282650711877329,2.254358497848357,2.2290572558826636,2.205958083112393,2.1844640130411093,2.1641476778565294,2.144713296974541,2.125961543239926,2.1077616389714042,2.0900305141346602,2.072717699915041,2.055794565189075,2.0392467372927707,2.0230688192306117,2.0072607472213537,1.9918253122638785,1.9767665031452026,1.962088425834879,1.9477946246122393,1.9338876808258565,1.9203690013724313,1.9072387348334958,1.8944957716448045,1.8821377978002491,1.8701613809216893,1.8585620741419917,1.8473345279271955,1.836472603260573,1.8259694819237045,1.8158177712218297,1.8060096016156042,1.7965367164838906,1.7873905537560557,1.7785623194908888,1.77004305369552,1.7618236888086676,1.753895101344945,1.7462481572293238,1.7388737513565802,1.7317628418988043,1.7249064798614924,1.7182958343595909,1.71192221405255,1.705777085143719,1.69985208631596,1.6941390409428143,1.6886299668836697,1.6833170841423482,1.6781928206414651,1.6732498163401472,1.6684809258996516,1.6638792200806405,1.659437986036788,1.6551507266521077,1.6510111590537178,1.6470132124176058,1.6431510251721293,1.6394189416924652,1.635811508568754,1.6323234705215162,1.6289497660291594,1.6256855227251392,1.6225260526155507,1.6194668471614124,1.6165035722651695,1.61363206319524,1.6108483194788605,1.6081484997888036,1.6055289168468336,1.6029860323628475,1.6005164520267083,1.5981169205664612,1.595784316885284,1.5935156492867342,1.5913080507969417,1.5891587745900813,1.5870651895228987,1.5850247757820677,1.5830351206479294,1.5810939143764375,1.5791989462011131,1.577348100455358,1.575539352815618,1.573770766664585,1.5720404895739808,1.5703467499052588,1.5686878535270259,1.5670621806470164,1.5654681827566301,1.5639043796858825,1.562369356766005,1.5608617620975007,1.5593803039205938
CCSM4,351,China,TOTEM2,1.020497421444125,2.027242423408515,2.4156085203959643,2.573755877097958,2.6447481332076688,2.681457444773863,2.7035532923030234,2.7184696886294084,2.7291205715482305,2.7367399368875898,2.741928292642648,2.7450391006191874,2.7463222729048526,2.745978166996859,2.744178540483454,2.7410752470018656,2.7368043285210635,2.731488329024295,2.7252378769673924,2.718152929140203,2.7103238269935575,2.7018322269971367,2.692751933098968,2.683149646519634,2.6730856429244474,2.6626143846852908,2.6517850747037817,2.6406421574650514,2.629225772384077,2.6175721639989264,2.60571405312294,2.5936809726731394,2.581499571537106,2.569193889520025,2.556785606124293,2.544294265651792,2.531737480881857,2.5191311173641386,2.506489460170828,2.4938253647775097,2.4811503935830825,2.468474939435276,2.4558083373985005,2.443158965882873,2.4305343381466047,2.417941185088349,2.4053855301579494,2.392872757135847,2.380407671459695,2.3679945557123707,2.3556372198269604,2.3433390465112915,2.3311030323472837,2.3189318249764943,2.3068277567443523,2.2947928751400823,2.2828289703373827,2.2709376001115498,2.259120112383004,2.2473776656126936,2.2357112472543634,2.2241216904480874,2.2126096891227327,2.201175811658762,2.1898205132482262,2.178544147076212,2.167346974435445,2.156229173876249,2.145190849482971,2.1342320383605338,2.1233527174060836,2.11255280943365,2.10183218871368,2.0911906859829963,2.080628092975446,2.07014416651914,2.0597386322413707,2.0494111879186008,2.039161506505184,2.028989238871605,2.0188940162798374,2.008875452620735,1.9989331464361564,1.9890666827464294,1.9792756347016167,1.969559565073227,1.9599180276018182,1.9503505682140958,1.9408567261218037,1.9314360348139166,1.9220880229521897,1.912812215179082,1.9036081328469419,1.8944752946751044,1.885413217342684,1.876421416022622,1.8674994048627138,1.858646697418703,1.849862807044117,1.841147247240718,1.8324995319735755
CSIRO-Mk3-6-0,351,China,NCARCSM1.4,0.9211684491923334,1.813988830778679,2.1372621227732305,2.2515248614308434,2.2891521031381505,2.2986511737870283,2.297730147621441,2.2928091142019333,2.28618864130556,2.2786793784242603,2.270563382484762,2.2619429229121204,2.252864934688899,2.2433637357219145,2.2334743239427266,2.2232353767478403,2.2126888866932792,2.201878901727094,2.1908502105239163,2.1796472270976737,2.1683131233549844,2.1568891910307055,2.145414396596989,2.133925091810556,2.1224548468401423,2.111034378267215,2.0996915493069137,2.0884514239712937,2.0773363605552015,2.0663661328346663,2.0555580698243503,2.0449272069351014,2.0344864429858394,2.0242466988244243,2.0142170743558223,2.004405001610755,1.9948163921520428,1.9854557776413397,1.9763264428018006,1.9674305503340295,1.9587692575908986,1.9503428250058386,1.9421507164109655,1.9341916914848007,1.9264638906435294,1.9189649127392086,1.9116918859598673,1.9046415323432757,1.8978102263219085,1.8911940477139533,1.8847888295662967,1.878590201242065,1.8725936271283474,1.8667944413215118,1.8611878786269547,1.8557691021898444,1.8505332280525546,1.8454753469139376,1.840590543345679,1.8358739127016541,1.831320575937923,1.8269256925432815,1.8226844717642825,1.818592182292791,1.8146441605699772,1.8108358178471773,1.8071626461316403,1.8036202231337024,1.8002042163212961,1.796910386177995,1.793734588751842,1.7906727775739022,1.7877210050181431,1.7848754231671626,1.782132284242316,1.7794879406504776,1.7769388446954217,1.7744815479960763,1.772112700650243,1.769829050178214,1.7676274402772194,1.7655048094144463,1.7634581892833792,1.7614847031456982,1.7595815640784673,1.7577460731442434,1.755975617499806,1.7542676684574292,1.7526197795109817,1.7510295843378365,1.7494947947861679,1.7480131988560537,1.7465826586820248,1.7452011085230759,1.7438665527663797,1.742577063949155,1.7413307808030762,1.7401259063248196,1.7389607058758183,1.737833505313788,1.7367426891582223
CSIRO-Mk3-6-0,351,China,HadGEM2-ES,0.9219249919677684,1.820271899752035,2.1531181284270375,2.2795315924974853,2.3307087347082045,2.3542857287944092,2.3673599974494537,2.375944050617104,2.382082732284919,2.3864415340226572,2.3892360707831837,2.3905568829736543,2.3904760690314353,2.389076931623347,2.386457801875811,2.382728267778059,2.3780040530064337,2.3724024914408077,2.366039042405517,2.3590248030539547,2.351464843384282,2.3434571788314598,2.3350922204714806,2.3264525743838362,2.317613090422015,2.308641084323215,2.2995966758434876,2.290533200173234,2.2814976610881557,2.272531202843972,2.2636695843214354,2.2549436438396437,2.2463797467477344,2.23800021066181,2.229823705255938,2.221865625012763,2.214138434421882,2.2066519858829405,2.1994138111029833,2.192429387133046,2.1857023784126635,2.1792348563175823,2.173027497761803,2.1670797644100586,2.161390064026226,2.155955895428246,2.1507739784492053,2.1458403702239695,2.1411505690353585,2.136699606866979,2.1324821317235627,2.1284924806959866,2.124724744667793,2.121172825484045,2.117830486331823,2.1146913960149987,2.1117491677441262,2.1089973930049735,2.1064296710167425,2.104039634242658,2.101820970371485,2.0997674411481033,2.09787289839457,2.0961312975295905,2.0945367088638807,2.093083326921324,2.0917654780107546,2.0905776262505733,2.0895143782277343,2.088570486454257,2.087740851767459,2.087020524805005,2.0864047066721976,2.0858887489065556,2.085468152833512,2.085138568397171,2.0848957925408724,2.0847357672042017,2.0846545769958063,2.0846484465946813,2.0847137379267373,2.0848469471580904,2.0850447015417073,2.0853037561497967,2.0856209905204444,2.085993405243484,2.0864181185076274,2.0868923626279794,2.0874134805706115,2.087978922488721,2.088586242282848,2.0892330941958415,2.089917229451809,2.0906364929467287,2.0913888199972797,2.092172233153299,2.09298483907825,2.0938248255013128,2.094690458243871,2.095580078322502,2.0964920991300238
CSIRO-Mk3-6-0,351,China,MPI-ESM,0.9249985528852361,1.8375299721602023,2.1835132625682783,2.317596191915196,2.3708099026064255,2.3918432501011195,2.3990247822400237,2.3994546653064277,2.3960506665213908,2.390147010923684,2.3824563906274197,2.373429070614051,2.3633895467755184,2.352590796567915,2.3412377095635346,2.329498736977116,2.317512818216126,2.3053942285551274,2.293236362594057,2.281114863736303,2.269090283160769,2.257210364446427,2.2455120144464558,2.2340230048889733,2.22276344056916,2.211747024462743,2.200982145966988,2.1904728151171984,2.18021946276823,2.170219624249038,2.160468521826224,2.1509595594037063,2.14168474120886,2.132635024739142,2.1238006169468497,2.1151712214984792,2.1067362439443933,2.098484960754549,2.0904066574045763,2.082490740019892,2.0747268244919903,2.0671048064622446,2.059614915113792,2.0522477533144334,2.0449943263063015,2.037846060835368,2.030794816348285,2.0238328896548765,2.0169530142532275,2.0101483553403883,2.003412501379933,1.996739452966462,1.9901236096135888,1.983559754993026,1.9770430410679414,1.9705689714903034,1.9641333845691074,1.9577324360619344,1.9513625819966876,1.9450205616898215,1.9387033810946392,1.9324082965838825,1.9261327992469777,1.919874599761895,1.9136316138840315,1.9074019485810172,1.9011838888294272,1.8949758850806997,1.88877654139459,1.8825846042328747,1.8763989519003248,1.8702185846159782,1.864042615195015,1.8578702603188797,1.8517008323693462,1.8455337318023886,1.8393684400352361,1.8332045128211913,1.8270415740864179,1.8208793102027696,1.8147174646719189,1.808555833196216,1.8023942591125282,1.7962326291664883,1.79007086960518,1.7839089425672523,1.777746842750827,1.7715845943399582,1.7654222481722064,1.7592598791298912,1.7530975837395353,1.7469354779641646,1.7407736951747388,1.734612384287145,1.7284517080527173,1.722291841490622,1.7161329704512436,1.7099752903007284,1.7038190047172586,1.697664324590256,1.6915114670146851
CSIRO-Mk3-6-0,351,China,Bern3D-LPJ(ensemblemedian),0.9233513779436607,1.8290061084406886,2.1704482101176703,2.304937209641972,2.363478435611776,2.3939529879841297,2.41374894818608,2.4291045491905376,2.442209080651265,2.4538031276897976,2.4641255416770202,2.4732541738459046,2.4812251724509182,2.488072095045292,2.4938365490832926,2.4985691822136453,2.5023277820169176,2.5051748391165254,2.50717533229415,2.5083949280837556,2.5088985958606913,2.5087495826524138,2.508008682064745,2.506733737057404,2.504979325514319,2.5027965868015545,2.5002331556370057,2.4973331764007156,2.494137376587974,2.490683182624288,2.4870048649020684,2.4831337018209503,2.47909815495263,2.474924049316544,2.470634754236204,2.466251361420823,2.461792857843365,2.457276291712962,2.4527169304062166,2.4481284096601645,2.443522873665653,2.4389111059543542,2.4343026511622483,2.4297059278913506,2.425128332989743,2.4205763376374283,2.4160555756680955,2.411570924581181,2.4071265797083083,2.4027261219974525,2.3983725798692577,2.3940684855857057,2.3898159265526653,2.385616591957313,2.3814718151184917,2.377382611905053,2.3733497155538346,2.3693736081957026,2.3654545493757486,2.3615926018320423,2.3577876547767773,2.354039444904171,2.3503475753309933,2.346711532658772,2.3431307023303427,2.3396043824387944,2.3361317961332095,2.3327121027525872,2.3293444078078758,2.326027771921564,2.322761218823661,2.3195437424948495,2.316374313538403,2.313251884855826,2.3101753966932845,2.3071437811207227,2.3041559659988553,2.3012108784845413,2.29830744812048,2.295444609550075,2.2926213048955035,2.289836485832344,2.287089115391894,2.284378169518491,2.2817026384073773,2.279061527645347,2.2764538591749,2.2738786721005524,2.2713350233535663,2.2688219882307865,2.266338660820662,2.2638841543291943,2.2614576013165366,2.2590581538545838,2.256684983614202,2.2543372818906384,2.2520142595740107,2.249715147071686,2.2474391941885763,2.245185669970282,2.242953862514378
CSIRO-Mk3-6-0,351,China,Bern2.5D-LPJ,0.909848064041289,1.7520802340872677,2.030496033928925,2.1194637240892793,2.1499517247509434,2.165649733355333,2.1796675775603482,2.19489516092603,2.211154664489873,2.227602920545629,2.2434604276078556,2.2581749872499484,2.2714114099067166,2.2830003238782894,2.2928875792448165,2.3010944543311687,2.307688988662476,2.312766234028832,2.316435033185725,2.3188093776241474,2.320002903872935,2.320125509138454,2.319281381143213,2.317567960411029,2.315075508510239,2.3118870623669068,2.3080786274393903,2.3037195118773703,2.298872737160407,2.293595483216203,2.2879395411429306,2.2819517567806273,2.2756744551102726,2.269145839904998,2.2624003659609686,2.255469083101969,2.248379952323426,2.241158135151123,2.23382625769281,2.226404651063975,2.218911569942136,2.21136339099574,2.2037747928752953,2.196158919366795,2.1885275272051437,2.1808911199362973,2.1732590691078615,2.165639723961456,2.1580405106992533,2.150468022302174,2.142928099789013,2.1354259057246177,2.1279659907103863,2.120552353522281,2.1131884954991613,2.1058774697276,2.0986219255179246,2.0914241486193053,2.0842860975794992,2.0772094366162106,2.0701955653323805,2.063245645576008,2.056360625716627,2.049541262584692,2.0427881412966165,2.036101693167138,2.0294822118914624,2.022929868162102,2.0164447228700038,2.010026739024928,2.003675792517386,1.9973916818328383,1.9911741368182039,1.985022826591246,1.978937366674786,1.972917325429892,1.9669622298551583,1.96107157081264,1.9552448077355182,1.949481372867038,1.9437806750757727,1.9381421032877157,1.9325650295721999,1.9270488119147584,1.921592796707071,1.9161963209812853,1.9108587144133082,1.9055793011173638,1.9003574012519697,1.8951923324555962,1.8900834111285303,1.885029953575754,1.8800312770244985,1.875086700528549,1.8701955457704493,1.8653571377714537,1.8605708055184402,1.8558358825158208,1.8511517072698433,1.8465176237120535,1.8419329815678667
CSIRO-Mk3-6-0,351,China,CLIMBER2-LPJ,0.9188343136414282,1.7983150029980788,2.103584229078015,2.199002389999454,2.2185468532397947,2.2114377609796683,2.195712559041669,2.177936388490669,2.1604542539162557,2.14405981626314,2.1289778488194595,2.115226154314845,2.1027490593689486,2.091466763855534,2.0812936437341563,2.0721450594098263,2.0639398775654656,2.0566013706877517,2.0500574847897934,2.0442408482760492,2.0390886661675816,2.0345425584684804,2.030548368940395,2.027055957685572,2.0240189854502253,2.0213946949136776,2.0191436927344792,2.0172297351457447,2.0156195191783977,2.014282481039171,2.0131906027319593,2.012318227659352,2.011641885658969,2.0111401277038348,2.0107933703178555,2.010583749617461,2.010494984783261,2.0105122506840836,2.010622059316285,2.0108121496790545,2.0110713856788642,2.011389661639844,2.0117578149899678,2.0121675456928565,2.0126113420011844,2.01308241211746,2.013574621361546,2.0140824344599344,2.0146008625890928,2.0151254148236357,2.0156520536588647,2.0161771542964773,2.016697467401132,2.0172100850542733,2.017712409649856,2.0182021254938722,2.018677172886775,2.0191357244835353,2.0195761637414957,2.0199970652804073,2.020397176992609,2.020775403753872,2.021130792597351,2.021462519224092,2.0217698757338707,2.0220522594695205,2.022309162877011,2.022540164291407,2.0227449195668386,2.0229231544749653,2.0230746578036003,2.0231992750924475,2.023296902948529,2.023367483889341,2.023411001665328,2.0234274770188225,2.0234169638390727,2.0233795456777006,2.023315332591213,2.023224458280822,2.023107077502217,2.022963363720205,2.0227935069859813,2.0225977120160334,2.0223761964545033,2.0221291893013627,2.0218569294916793,2.021559664611288,2.0212376497366544,2.020891146386913,2.0205204215779724,2.020125746968894,2.0197073980918807,2.0192656536582696,2.0188007949330156,2.0183131051716825,2.017802869113487,2.017270372525729,2.016715901794166,2.016139743555481,2.0155421843674306
CSIRO-Mk3-6-0,351,China,DCESS,0.9175485006897285,1.7951943703084463,2.1076261796900737,2.220135126193776,2.264387286281798,2.286864410480137,2.303271399083489,2.318402695916674,2.3333402932427876,2.348019974893525,2.3621149463266855,2.3753163030345052,2.387403366851512,2.398245442869636,2.407784813722479,2.4160176189677522,2.422977495980349,2.4287228491064763,2.4333273774960342,2.4368732148590055,2.439446064582073,2.441131823028536,2.4420142971435115,2.442173718448639,2.4416858311197953,2.4406213895637228,2.4390459443157226,2.4370198274663677,2.4345982728802307,2.4318316242816036,2.428765597438084,2.4254415723642033,2.421896898586577,2.418165201722833,2.4142766834252223,2.4102584094926685,2.406134582938044,2.4019268002111023,2.3976542897749273,2.393334132925163,2.3889814672102205,2.3846096731179545,2.380230544885379,2.3758544463958002,2.371490453177168,2.367146481524031,2.3628294057463606,2.3585451645113733,2.354298857195818,2.3500948311112144,2.3459367604064094,2.3418277173930107,2.337770236981777,2.3337663748622197,2.3298177600047896,2.325925642015377,2.322090933825383,2.3183142501575085,2.314595942167768,2.3109361286275947,2.307334723976521,2.303791463545165,2.3003059262203904,2.296877554799045,2.2935056742534,2.290189508110549,2.286928193128497,2.2837207924350573,2.2805663072787605,2.2774636875281224,2.274411841041232,2.2714096420171863,2.268455938429169,2.2655495586304233,2.262689317214485,2.259874020204449,2.257102469637775,2.2543734676072655,2.251685819813268,2.2490383386758817,2.2464298460525063,2.2438591756004205,2.241325174821336,2.2388267068202934,2.2363626518091384,2.233931908380687,2.231533394578482,2.2291660487832488,2.226828830436308,2.2245207206171425,2.2222407224916543,2.2199878616449915,2.2177611863122295,2.215559767518653,2.213382699139787,2.2112290978911977,2.2090981032559283,2.2069888773579196,2.204900604787633,2.2028324923866456,2.2007837689962098
CSIRO-Mk3-6-0,351,China,GENIE(ensemblemedian),0.9163483309253906,1.7853188912182834,2.0830196958022356,2.177286249810917,2.201735277092912,2.204203796457411,2.201274010770343,2.198266554282143,2.1965440691784552,2.1961574353727076,2.1967872934141544,2.1980652652654022,2.199672369730846,2.2013597289154823,2.20294404596251,2.204296450298836,2.2053309899190863,2.205994636798881,2.206259141039431,2.2061145800288657,2.2055643272401406,2.204621166693254,2.2033043161466908,2.201637164589043,2.1996455680697173,2.197356580101416,2.194797518960883,2.1919952950643284,2.188975938140207,2.185764277007301,2.182383735093115,2.178856212965739,2.1752020355578345,2.1714399467966254,2.1675871383067955,2.1636593019512107,2.1596706983989717,2.1556342358032192,2.151561554145291,2.1474631119475553,2.14334827294325,2.1392253909753687,2.1351018919209506,2.13098435183649,2.126878570823335,2.1227896423383292,2.11872201784356,2.114679566811358,2.1106656321886508,2.106683081485599,2.102734353693417,2.0988215022617704,2.0949462343787544,2.091109946801877,2.087313758486288,2.083558540250947,2.079844941714397,2.076173415720315,2.0725442404613172,2.0689575394960085,2.0654132998414596,2.061911388310211,2.0584515662479492,2.0550335028162987,2.05165678695293,2.0483209381309457,2.0450254160283894,2.041769629210249,2.0385529429151914,2.035374686032162,2.0322341573436367,2.029130631105922,2.026063362029959,2.023031589720778,2.0200345426279815,2.0170714415549806,2.0141415027703733,2.0112439407602913,2.00837797065754,2.0055428103794712,2.0027376825036747,1.9999618159080528,1.9972144471986764,1.9944948219473049,1.9918021957579324,1.9891358351797799,1.9864950184830255,1.9838790363112087,1.9812871922235233,1.9787188031386822,1.9761731996908234,1.9736497265071615,1.9711477424158144,1.968666620591642,1.9662057486470494,1.9637645286742207,1.9613423772441483,1.958938725367837,1.9565530184241935,1.9541847160586125,1.9518332920562673
CSIRO-Mk3-6-0,351,China,LOVECLIM,0.9125254765569797,1.7677025720888364,2.05883618432737,2.155614758740008,2.18816034442976,2.2007009206891195,2.2072931422123037,2.211800589999854,2.214908718637595,2.2164909454953143,2.2163418500261622,2.2143594344824633,2.210556705837748,2.2050310172192584,2.1979310407428696,2.1894312887118685,2.179714774034542,2.168962061670935,2.1573448061008063,2.145022265448068,2.132139720353694,2.1188280744465615,2.1052041622953994,2.0913714598334887,2.077421004097755,2.0634324019760166,2.0494748546215082,2.03560815422126,2.0218836288411377,2.0083450230164686,1.9950293091489577,1.981967429250125,1.9691849691991223,1.9567027691391985,1.9445374743618657,1.932702031300156,1.921206133252214,1.9100566202968114,1.8992578376161409,1.8888119561514392,1.878719259213298,1.8689783983656125,1.8595866216114902,1.8505399766344324,1.8418334915925447,1.8334613357282854,1.8254169618396194,1.8176932324617145,1.8102825314284545,1.803176862320602,1.796367935159327,1.7898472425700975,1.7836061265212324,1.7776358366315737,1.7719275809431354,1.7664725699649164,1.7612620547138207,1.7562873594053614,1.751539909381099,1.7470112548007501,1.742693090572906,1.7385772729503133,1.7346558331717754,1.7309209884939056,1.7273651509200278,1.723980933901934,1.7207611572613655,1.7176988505520623,1.7147872550598702,1.7120198246178724,1.7093902253936575,1.706892334789569,1.7045202395815349,1.7022682334075192,1.7001308137049822,1.6981026781857136,1.6961787209254315,1.694354028138009,1.6926238736948145,1.690983714443213,1.689429185371917,1.6879560946643204,1.6865604186764624,1.6852382968716961,1.683986026739274,1.6828000587210084,1.6816769911670186,1.6806135653376315,1.6796066604673399,1.6786532889030192,1.6777505913274091,1.6768958320769793,1.6760863945611002,1.675319776788552,1.6745935870062867,1.6739055394534692,1.6732534502335543,1.6726352333063506,1.6720488966005453,1.671492538247196,1.6709643429342251
CSIRO-Mk3-6-0,351,China,MESMO,0.9135498589518514,1.7784397200695998,2.0885144257795005,2.210067878712847,2.2702384587515594,2.311323381568795,2.346303374935322,2.378513202236473,2.4084193796923805,2.435835650427815,2.460569998133573,2.4825614344142406,2.5018696299238385,2.5186349985202368,2.533042796975048,2.545297688946334,2.5556075625874373,2.5641739819719276,2.571186990785002,2.5768226320457384,2.5812421015550053,2.584591848754891,2.587004200947517,2.588598253897471,2.58948087594375,2.589747736697682,2.5894843102735674,2.5887668263940102,2.5876631566337944,2.586233631223295,2.5845317865006208,2.5826050456700917,2.580495336840207,2.5782396528899576,2.5758705578591448,2.5734166444634243,2.5709029471102105,2.5683513145041346,2.5657807456194974,2.5632076925036205,2.560646333073578,2.558108816783149,2.555605485772584,2.5531450738697896,2.550734885588151,2.548380957063437,2.546088200686389,2.5438605350206083,2.5417010014423873,2.5396118688017593,2.5375947272790498,2.5356505724980147,2.5337798808548895,2.5319826769297307,2.5302585937630337,2.528606926705021,2.5270266814763,2.5255166170171237,2.5240752836460816,2.5227010569990167,2.5213921681727367,2.5201467304570233,2.5189627630011695,2.517838211727114,2.5167709677712145,2.5157588837086378,2.5147997877897073,2.5138914963950167,2.513031824895572,2.5122185970858144,2.511449653341191,2.510722857636348,2.5100361035466703,2.5093873193440035,2.5087744722856553,2.5081955721864997,2.507648674354273,2.5071318819607176,2.5066433479135055,2.5061812762869624,2.505743923364472,2.5053295983391743,2.50493666371527,2.504563535447426,2.5042086828524126,2.5038706283229297,2.5035479468705777,2.503239265522383,2.5029432625920447,2.5026586668453787,2.502384256576681,2.50211885861145,2.501861347248907,2.5016106431558884,2.501365712223142,2.501125564392989,2.5008892524667083,2.500655870898646,2.500424554583661,2.500194477643204,2.4999648522147377
CSIRO-Mk3-6-0,351,China,UVic2.9,0.9152700381279212,1.7796236325131176,2.0737108570399947,2.1666712689209544,2.191863751393939,2.1965203983813537,2.1966547154145535,2.197149164934324,2.1990592533616606,2.2022350559433814,2.206235620153675,2.210627232629238,2.215064122454362,2.2192960950529277,2.2231546166471587,2.22653504688714,2.2293805673109675,2.2316691082826816,2.2334031879314415,2.2346021980311566,2.2352966341381237,2.2355238314619608,2.235324851376182,2.2347422400436345,2.2338184439616557,2.232594717465943,2.2311103963342447,2.2294024417931126,2.227505182387012,2.22545019889685,2.2232663110408524,2.2209796350231135,2.218613688863607,2.2161895284233926,2.2137259015741346,2.211239411391276,2.2087446818362473,2.2062545213355875,2.2037800811163817,2.2013310062358937,2.198915578038578,2.1965408473542642,2.194212758170218,2.1919362618064757,2.1897154218296375,2.187553510077936,2.185453094257547,2.18341611762072,2.1814439712597453,2.17953755955552,2.177697359310251,2.1759234730761183,2.174215677167594,2.172573464817655,2.170996084908606,2.1694825766781896,2.168031800771803,2.1666424669824407,2.1653131589922383,2.16404235640299,2.162828454318282,2.1616697807165712,2.160564611833302,2.1595111857500724,2.1585077143707294,2.157552393947507,2.156643414304933,2.155778966895314,2.154957251806662,2.1541764838325355,2.1534348977024877,2.1527307525622743,2.1520623357843207,2.1514279661809748,2.1508259966858474,2.150254816562242,2.1497128531916316,2.149198573489843,2.148710484993967,2.148247136658417,2.147807119394889,2.1473890663872135,2.1469916532091076,2.1466135977696856,2.1462536601092763,2.1459106420654526,2.1455833868273135,2.145270778393998,2.1449717409516618,2.14468523818176,2.144410272511945,2.1441458843195957,2.1438911510970797,2.14364518658654,2.1434071398913357,2.143176194570311,2.1429515677203117,2.1427325090518305,2.1425182999619494,2.142308252608233,2.142101708986822
CSIRO-Mk3-6-0,351,China,ACC2,0.9165578756839515,1.7874994671514215,2.089031308576977,2.1882018817267443,2.217830033583828,2.2251452797538986,2.226327412138359,2.2264624191437896,2.2268017352065894,2.227370441364215,2.2278795298744534,2.2280257649413953,2.227575005562835,2.2263725278244095,2.2243315536261563,2.2214176054220127,2.2176342399230977,2.2130114957113314,2.207597006768075,2.201449353992925,2.1946331853251593,2.1872156948181343,2.179264130176306,2.1708440709696393,2.162018279686489,2.1528459751127857,2.143382414159582,2.1336786963467027,2.1237817265713117,2.1137342880759236,2.1035751898828465,2.0933394623104604,2.0830585812460263,2.072760707165723,2.0624709288844056,2.0522115050026724,2.0420020982417033,2.0318599995012168,2.0218003396848094,2.0118362882168226,2.001979237807438,1.992238975470417,1.982623840106926,1.9731408671760748,1.9637959211039782,1.9545938161594818,1.9455384265608249,1.936632786585709,1.9278791814450391,1.9192792296555932,1.9108339576125635,1.9025438670237773,1.894408995825163,1.8864289731542063,1.8786030689150575,1.8709302384276725,1.8634091626133642,1.856038284131392,1.8488158398458683,1.8417398899690336,1.8348083441964376,1.8280189851211435,1.8213694891880237,1.8148574454252682,1.8084803721684095,1.8022357319720417,1.7961209448861484,1.790133400257541,1.784270467201525,1.7785295038751547,1.7729078656713266,1.7674029124409736,1.76201201484102,1.7567325598959855,1.751561955852661,1.746497636400067,1.7415370643193393,1.7366777346224354,1.731917177232635,1.7272529592544974,1.722682686876799,1.7182040069470688,1.713814608253233,1.7095122225437556,1.7052946253151857,1.7011596363927133,1.6971051203269265,1.6931289866279515,1.6892291898554652,1.685403729581873,1.6816506502437687,1.6779680408952802,1.6743540348759776,1.6708068094040085,1.6673245851047613,1.663905625483833,1.6605482363521962,1.6572507652110293,1.654011600602273,1.6508291714309846,1.6477019462643163
CSIRO-Mk3-6-0,351,China,Bern-SAR,0.9184315711303602,1.798579817323473,2.110029050429407,2.2172740560840976,2.252886949428226,2.2644946479811847,2.268763449873087,2.2711923213372947,2.273342674742016,2.275457827090879,2.27739542824321,2.2789462998026893,2.279933034389713,2.2802318502249825,2.2797695433165246,2.278513869023246,2.2764635187116298,2.273639508228373,2.270078294133041,2.26582645909356,2.2609366939477846,2.255464809477488,2.2494675500647596,2.243001024765927,2.236119609913345,2.228875209198622,2.221316782669,2.2134900761636676,2.2054374984533522,2.197198105621485,2.1888076617745673,2.1802987525829534,2.171700933896775,2.163040902121684,2.154342676462712,2.1456277857764863,2.136915454788731,2.128222785971799,2.11956493454487,2.1109552749391036,2.1024055577291327,2.0939260565194373,2.0855257046308355,2.0772122216883218,2.0689922303907333,2.0608713638646363,2.0528543640823473,2.044945171869764,2.0371470090506856,2.029462453278485,2.0218935060972507,2.0144416547572,2.0071079282863367,1.9998929482932604,1.992796974947733,1.9858199485555648,1.978961527115249,1.9722211202144144,1.965597919596497,1.959090926701329,1.9526989774580645,1.946420764585509,1.9402548576326188,1.9341997209718969,1.9282537299390754,1.9224151852956037,1.916682326173984,1.9110533416518314,1.905526381086593,1.9000995633312208,1.8947709849394043,1.8895387274590947,1.8844008639035932,1.879355464481315,1.87440060165741,1.8695343546135055,1.864754813165812,1.8600600811956505,1.855448279641735,1.8509175490983432,1.8464660520597813,1.8420919748472375,1.8377935292508634,1.8335689539165831,1.8294165155045345,1.825334509643154,1.8213212617006271,1.8173751273935683,1.81349449325043,1.809677776945851,1.8059234275201257,1.8022299254970031,1.7985957829114707,1.7950195432578882,1.7914997813682594,1.7880351032289543,1.7846241457436982,1.7812655764495802,1.7779580931925032,1.7747004237674335,1.7714913255286329
CSIRO-Mk3-6-0,351,China,MAGICC6(ensemblemedian),0.9166067384245586,1.7896250378354057,2.096733782047458,2.204027587440126,2.242993548496048,2.2598143611056085,2.2699990750230783,2.278270512772916,2.285731879221312,2.292396920075064,2.2980453352897747,2.302484152051409,2.3056062982912358,2.307385780741971,2.3078575161880774,2.307097180280145,2.305205075249097,2.302294310437953,2.29848256388023,2.293886557654999,2.288618502757059,2.282783937965389,2.276480537439689,2.2697975799469736,2.262815860918183,2.2556078929210077,2.248238286489244,2.240764236372922,2.233236061822027,2.225697766184345,2.218187592842708,2.210738562748653,2.2033789845410405,2.1961329321938003,2.18902068783507,2.1820591491901733,2.175262202286945,2.168641060811459,2.1622045739489972,2.15595950478323,2.1499107814237366,2.1440617230346457,2.1384142428791413,2.132969030398258,2.1277257142245354,2.122683007902048,2.117838839951746,2.1131904697898696,2.108734590880395,2.104467422382066,2.100384790437505,2.096482200146833,2.092754899171073,2.089197933821376,2.085806198408294,2.082574478550784,2.079497489076554,2.0765699070837425,2.07378640067769,2.071141653845828,2.0686303878876786,2.066247379775244,2.0639874777814473,2.0618456146802697,2.0598168187913766,2.057896223114388,2.056079072772719,2.054360730964653,2.0527366835983245,2.0512025427694733,2.0497540492241884,2.04838707393326,2.0470976188924994,2.0458818172499456,2.044735932851182,2.043656359283099,2.0426396184886917,2.041682359016338,2.040781353961216,2.0399334986486943,2.0391358081051787,2.038385414355417,2.0376795635818037,2.0370156131760164,2.036391028710641,2.035803380853966,2.035250342249383,2.034729684376928,2.0342392744132476,2.033777072103123,2.033341126654813,2.03292957366864,2.0325406321080424,2.0321726013196018,2.0318238581086985,2.0314928538753034,2.031178111814077,2.0308782241822296,2.0305918496371835,2.0303177106463974,2.03005459097016
CSIRO-Mk3-6-0,351,China,TOTEM2,0.8466663470099347,1.7221335991721407,2.104799270334193,2.2998452829082723,2.4201429331724458,2.5077592551608565,2.578662149955567,2.6391714024219555,2.692015122741184,2.7385618139032646,2.7796451473961206,2.8158706784210032,2.847731663556223,2.8756543672401658,2.9000171717598158,2.9211598176528564,2.9393888029752224,2.9549811791923886,2.9681875850287587,2.9792348441708434,2.988328261541363,2.99565368112021,3.00137934061809,3.0056575469758924,3.0086261914470867,3.0104101201569633,3.0111223741227224,3.010865311240753,3.0097316215058156,3.0078052456324973,3.005162206276003,3.001871360170593,2.9979950787121,2.9935898637930833,2.988706905053118,2.9833925841182953,2.9776889308741628,2.971634036337282,2.96526242625508,2.95860539917044,2.951691332333138,2.9445459585170415,2.9371926165123123,2.9296524777969646,2.9219447516539203,2.914086870786139,2.9060946592837413,2.8979824846233617,2.889763395218512,2.8814492448963946,2.8730508055445374,2.8645778690526553,2.856039339568927,2.847443316991922,2.8387971725316907,2.8301076170947335,2.8213807631760597,2.81262218087508,2.803836948595406,2.7950296989329204,2.7862046602116113,2.777365694079497,2.768516329540197,2.759659793759411,2.7507990399522293,2.7419367726299093,2.733075470455822,2.724217406940003,2.7153646691753965,2.7065191748039923,2.697682687380376,2.6888568302843376,2.6800430993218263,2.6712428741382412,2.662457428556289,2.6536879399418627,2.6449354976895973,2.6362011109115597,2.6274857154051237,2.6187901799682236,2.610115312124401,2.601461863313299,2.592830533596951,2.58422197592876,2.5756368000261864,2.5670755758840724,2.558538836963876,2.5500270830889256,2.5415407830729877,2.533080377108518,2.5246462789367956,2.516238877819864,2.50785854033504,2.499505612005728,2.4911804187870987,2.4828832684185183,2.4746144516553548,2.466374243392236,2.4581629036877697,2.4499806786992866,2.441827801537097
GFDL-CM3,351,China,NCARCSM1.4,0.9370714315744911,1.8415635821726943,2.165165885811039,2.27632620675938,2.3102153097958085,2.3162722789790515,2.3124663122755025,2.3052445593618582,2.296859164678411,2.2880535171274787,2.2790429999395347,2.2698697576836198,2.26052835133816,2.251008087114811,2.2413054737992493,2.2314263282173705,2.2213845903708678,2.2112003481451166,2.2008979110171834,2.190504175884526,2.180047320743262,2.1695557955054428,2.1590575629066144,2.148579543103298,2.138147221264341,2.1277843840420707,2.1175129569036093,2.107352919550458,2.097322281042047,2.087437099857364,2.0777115370936903,2.0681579334202436,2.058786902372192,2.0496074341671076,2.040627005517379,2.0318516919543415,2.023286280017614,2.014934377334281,2.006798519147596,1.9988802702793875,1.991180321844905,1.9836985823005369,1.9764342626078717,1.9693859554526207,1.962551708574828,1.9559290923531916,1.949515261849185,1.9433070135600548,1.9373008371581353,1.9314929625104564,1.9258794022800985,1.92045599041141,1.9152184167962236,1.9101622584102778,1.9052830071972926,1.900576094965455,1.8960369155467642,1.8916608444547707,1.8874432562612418,1.8833795398971822,1.8794651120690733,1.8756954289666194,1.8720659964251343,1.868572378692267,1.8652102059367184,1.8619751806250366,1.8588630828817683,1.8558697749382465,1.852991204765879,1.8502234089812875,1.8475625151026125,1.8450047432289132,1.8425464072080007,1.8401839153516772,1.8379137707519633,1.83573257124612,1.833637009074556,1.8316238702703218,1.829690033815701,1.8278324705975089,1.8260482421895843,1.8243344994879922,1.8226884812217137,1.8211075123593248,1.8195890024298318,1.8181304437739059,1.8167294097399982,1.8153835528381568,1.8140906028628676,1.8128483649950526,1.8116547178920335,1.8105076117732135,1.8094050665085546,1.8083451697153006,1.8073260748687796,1.8063459994313262,1.8054032230033414,1.8044960854998273,1.803622985355174,1.8027823777585577,1.801972772921945
GFDL-CM3,351,China,HadGEM2-ES,0.9378413000232753,1.8479502209355094,2.1812660153014805,2.3047347755445067,2.35232636000416,2.372595624757883,2.3828948383452424,2.389261918077098,2.3936945648024466,2.3967939908846065,2.398712962188241,2.3994859874668446,2.3991367852135896,2.397707320781692,2.3952606726293015,2.3918763178151727,2.387644186726977,2.382659446893246,2.3770184478172007,2.3708157639648895,2.3641421429366964,2.3570831580354095,2.3497183924273015,2.3421210161430652,2.334357647958167,2.3264884195463913,2.31856717938019,2.3106417894651936,2.3027544800201474,2.2949422364165737,2.2872371997043905,2.2796670673681585,2.2722554849742784,2.26502242238407,2.257984530456252,2.2511554758248735,2.244546252555382,2.2381654703589833,2.232019619666638,2.2261133142921095,2.2204495126970727,2.215029719047564,2.2098541653482786,2.204921975980978,2.200231315971986,2.195779524283737,2.191563233375659,2.1875784762176766,2.183820781869966,2.180285260669368,2.176966679988474,2.173859531460163,2.1709580904890844,2.1682564688037007,2.16574866073803,2.163428583871888,2.161290114602202,2.159327119165654,2.1575334805848527,2.1559031219658564,2.154430026534277,2.1531082547599536,2.151931958886337,2.1508953951497802,2.1499929339457653,2.149219068173622,2.1485684199680555,2.148035746004838,2.1476159415488927,2.1473040433959194,2.1470952318430236,2.1469848318097564,2.146968313218349,2.147041290730382,2.1471995229267584,2.1474389110086656,2.1477554970886628,2.148145462133525,2.148605123613718,2.1491309329081387,2.149719472507375,2.150367453053707,2.1510717102516312,2.1518292016787695,2.1526370035233953,2.1534923072715504,2.1543924163640122,2.1553347428406417,2.156316803987402,2.157336218999333,2.1583907056708815,2.159478077123301,2.160596238577555,2.1617431841796253,2.1629169938842,2.1641158304015504,2.165337936211524,2.1665816306478693,2.1678453070552868,2.1691274300210406,2.170426532682426
GFDL-CM3,351,China,MPI-ESM,0.940968900836904,1.8654880986875564,2.2121068073199686,2.343290666003803,2.392863943193468,2.4104701747670774,2.414725134811157,2.4127784988977523,2.4075169924036643,2.40022024688191,2.3915430545708265,2.381881282387147,2.3715104694357505,2.3606402919852165,2.349437632102358,2.338037704976895,2.326550450062556,2.3150648789693355,2.303652408058438,2.292369586722843,2.281260401431267,2.2703582471917265,2.259687622494007,2.2492655879867605,2.239103020941497,2.229205692430632,2.219575190403663,2.210209708831394,2.201104720537039,2.192253549124814,2.1836478534872827,2.1752780366788387,2.167133589456632,2.1592033774827133,2.1514758800343703,2.143939387060793,2.136582160540707,2.129392565319313,2.122359173923185,2.115470849256345,2.108716808558902,2.1020866715543236,2.0955704953126983,2.0891587980091977,2.082842573453551,2.076613298002307,2.070462931234068,2.0643839115689175,2.058369147838284,2.052412007661063,2.0465063033505446,2.0406462759637614,2.034826578007309,2.0290422552288,2.023288727851071,2.0175617715436918,2.011857498373085,2.006172337926447,2.0005030187665622,1.9948465503403807,1.9892002054373423,1.9835615032688696,1.9779281932210897,1.9722982393161705,1.9666698054034428,1.9610412410909228,1.955411068417395,1.9497779692588517,1.9441407734558978,1.9384984476449636,1.932850084771792,1.9271948942629755,1.9215321928297688,1.9158613958765893,1.9101820094855093,1.9044936229490255,1.8987959018213543,1.893088581460329,1.8873714610320713,1.8816443979507538,1.8759073027274087,1.8701601342021161,1.8644028951349478,1.8586356281325074,1.8528584118875921,1.8470713577106235,1.8412746063330365,1.8354683249632393,1.8296527045776891,1.8238279574296627,1.817994314760344,1.8121520246969727,1.8063013503245484,1.8004425679176428,1.7945759653205267,1.788701840464159,1.7828205000093547,1.7769322581065827,1.771037435263141,1.7651363573091474,1.7592293544547544
GFDL-CM3,351,China,Bern3D-LPJ(ensemblemedian),0.9392927727578637,1.856826659631834,2.1988549194064198,2.33048626756427,2.3855019847240855,2.4127110849363818,2.4297648661716122,2.4429328195607987,2.454360599265242,2.464726285360844,2.4742065151449393,2.4828230681795644,2.4905633259998736,2.497418992399978,2.503395910359179,2.5085141852896475,2.512805496904141,2.5163099820526558,2.5190734439339924,2.521145067733129,2.522575629894296,2.5234161325800697,2.523716786793645,2.523526274730316,2.5228912326832282,2.5218559063869552,2.5204619399053465,2.5187482668770462,2.516751079249061,2.5145038537579625,2.5120374205634333,2.5093800617763495,2.5065576303052137,2.503593681592864,2.5005096125324964,2.497324803219988,2.4940567582859687,2.4907212454105143,2.4873324293000207,2.483902999935626,2.4804442943147875,2.476966411225703,2.4734783188370604,2.4699879550690556,2.466502320847282,2.463027566439975,2.4595690711481195,2.45613151666463,2.4527189544474126,2.449334867466491,2.4459822266901092,2.4426635426721877,2.439380912594799,2.4361360631074,2.432930389288908,2.429764990042138,2.4266407002121264,2.4235581197014473,2.42051763983739,2.417519467227802,2.4145636453249635,2.4116500739001263,2.4087785266152935,2.405948666864108,2.4031600620391815,2.40041219637026,2.3977044824654037,2.3950362716756657,2.392406863393382,2.389815513384815,2.3872614412480986,2.3847438370802294,2.3822618674283773,2.379814680594812,2.3774014113573676,2.375021185162804,2.3726731218441,2.370356338908462,2.3680699544386967,2.365813089645721,2.363584871107601,2.3613844327260063,2.3592109174290026,2.3570634786455607,2.3549412815755124,2.3528435042755866,2.3507693385808297,2.3487179908787454,2.3466886827512323,2.3446806514989937,2.34269315056051,2.34072544983747,2.338776835936641,2.3368466123378004,2.334934099495763,2.3330386348845047,2.3311595729897503,2.3292962852564063,2.327448159996471,2.325614602261949,2.323795033687797
GFDL-CM3,351,China,Bern2.5D-LPJ,0.9255520347927638,1.7786525305174832,2.0568399511249797,2.142570886319343,2.169507418742768,2.1821320506794595,2.1937056579427017,2.207072771422334,2.221965417848828,2.2374529458002574,2.2526827905728575,2.2670445151583927,2.2801569652626865,2.2918142721756665,2.301932924888233,2.310510208250555,2.3175942418310633,2.32326329505817,2.327611888737111,2.33074165903738,2.3327554891795774,2.3337538514910228,2.3338326281559763,2.333081910511918,2.3315854376452645,2.3294204455225733,2.326657773239889,2.3233621241373843,2.319592414159923,2.315402163220285,2.310839901050095,2.3059495695655365,2.300770910804846,2.2953398341506457,2.2896887596042297,2.2838469358553293,2.2778407331438593,2.2716939116809574,2.2654278668465926,2.2590618526209987,2.252613184809758,2.246097425638202,2.2395285512522953,2.232919103592543,2.2262803280195085,2.2196222979730966,2.2129540278497317,2.206283575184749,2.1996181331350115,2.1929641141694196,2.1863272257936366,2.1797125390602603,2.1731245505463552,2.166567238417111,2.1600441131364505,2.1535582633328247,2.1471123972805994,2.1407088804138272,2.1343497692499405,2.128036842064931,2.1217716266293563,2.1155554252849913,2.109389337615453,2.103274280940055,2.0972110088382223,2.0912001278922543,2.0852421128182725,2.079337320138893,2.0734860005368962,2.067688310015559,2.0619443199794962,2.056254026339108,2.050617357731764,2.0450341829440704,2.0395043176114975,2.034027530264435,2.028603547783151,2.0232320603180596,2.017912725726571,2.0126451735726807,2.0074290087312248,2.002263814634542,1.9971491561959889,1.992084582441162,1.9870696288748722,1.982103819609336,1.977186669276445,1.9723176847449273,1.9674963666611305,1.9627222108304847,1.9579947094550065,1.9533133522406614,1.9486776273873052,1.9440870224724676,1.9395410252393621,1.9350391242982947,1.9305808097500823,1.9261655737389556,1.921792910941836,1.9174623190003282,1.9131732989009411
GFDL-CM3,351,China,CLIMBER2-LPJ,0.9346962266903808,1.8256334841225006,2.1309794462324314,2.2230746179109744,2.2387121558938405,2.22804569829953,2.209368761344468,2.189266213643966,2.170026853965088,2.152369623821963,2.1364458223371448,2.122207122383826,2.10954030618756,2.0983162123193653,2.0884071547783902,2.0796927762661968,2.072061679419056,2.065411537278825,2.0596486760545787,2.054687494538715,2.0504498530649182,2.0468644796034114,2.043866409122365,2.0413964607172197,2.039400752710838,2.0378302543491014,2.0366403721567727,2.0357905688482822,2.0352440126714595,2.0349672551096374,2.0349299349441363,2.0351045067693576,2.0354659921499656,2.0359917517097825,2.0366612765432675,2.037455997439955,2.038359110510583,2.0393554178982423,2.040431182349482,2.0415739945074614,2.0427726518725646,2.0440170484544375,2.045298074213807,2.0466075234619154,2.0479380114510954,2.049282898450735,2.0506362206599356,2.051992627361052,2.053347323767338,2.0546960190634946,2.0560348791798155,2.0573604838796506,2.0586697877755653,2.0599600849226816,2.061228976668019,2.0624743424623793,2.063694313367263,2.0648872480124445,2.066051710781615,2.0671864520230914,2.068290390100727,2.0693625951165586,2.0704022741519026,2.0714087578873603,2.0723814884748344,2.073320008545942,2.074223951252,2.075093031239944,2.075927036477676,2.07672582084968,2.077489297451666,2.078217432518962,2.0789102399295403,2.079567776228457,2.0801901361243793,2.080777448414778,2.0813298722990052,2.0818475940434356,2.0823308239652594,2.0827797937052606,2.083194753762426,2.0835759712655033,2.0839237279596032,2.0842383183871402,2.0845200482453357,2.0847692329029375,2.0849861960618647,2.0851712685494244,2.0853247872292573,2.085447094019357,2.0855385350073923,2.085599459653868,2.085630220074773,2.0856311703964185,2.08560266617521,2.085545063876683,2.085458720407531,2.0853439926962607,2.0852012373171966,2.085030810154223,2.084833066100013
GFDL-CM3,351,China,DCESS,0.9333878550856293,1.8224656778275972,2.1351038431323364,2.244559850171804,2.285251923102951,2.3045365705260807,2.3183336507734182,2.3314332435751552,2.3448501082882247,2.3584432822970745,2.371816176848902,2.384600716971138,2.3965272239945885,2.407424636850225,2.417201899745931,2.42582745455149,2.433311760459516,2.4396936792092356,2.445030311797993,2.4493895980628677,2.4528450280384466,2.455471930837347,2.4573449263958866,2.458536226365206,2.459114549858336,2.4591444803835043,2.4586861358850967,2.4577950578440775,2.4565222506824913,2.4549143214610565,2.453013683718594,2.4508587995255366,2.448484441346906,2.4459219608281533,2.4431995556508,2.44034252853781,2.437373534610805,2.434312814822773,2.4311784142717374,2.4279863849585914,2.424750973073959,2.4214847912483446,2.4181989764249545,2.4149033341501065,2.411606470148348,2.4083159100769866,2.405038208351405,2.401779046908878,2.3985433247413535,2.3953352389824976,2.39215835828471,2.389015689170359,2.3859097359905532,2.3828425550745633,2.379815803605234,2.376830783710483,2.373888482218561,2.3709896064851024,2.3681346166636015,2.365323754757097,2.3625570707580574,2.3598344461549576,2.357155615058276,2.3545201831750138,2.351927644839231,2.349377398286755,2.3468687593440127,2.3444009736856426,2.3419732277995875,2.3395846587867175,2.3372343631083417,2.334921404385528,2.3326448203430457,2.330403628982928,2.328196834063343,2.3260234299524423,2.323882405919049,2.321772749916651,2.3196934519119914,2.3176435068035897,2.315621916972509,2.313627694502228,2.311659863102091,2.309717459764415,2.3077995361834787,2.305905159960622,2.304033415618737,2.302183405445724,2.30035425018585,2.2985450895949553,2.296755082874999,2.2949834090007704,2.2932292669512133,2.2914918758562863,2.28977047506879,2.288064324170542,2.2863727029201675,2.2846949111503543,2.283030268620299,2.2813781148297116,2.279737808798974
GFDL-CM3,351,China,GENIE(ensemblemedian),0.9321665461349309,1.8124274755365906,2.110119039301271,2.201098107097138,2.221768743516693,2.220861571549152,2.2151811150222134,2.210043691677583,2.2067405284784107,2.205239465343944,2.205144320459918,2.2060206276940044,2.20749407840051,2.2092699301684116,2.211126960652718,2.212904913492354,2.2144918026885985,2.2158129399476496,2.2168219933464157,2.2174938923837075,2.217819275682179,2.2178001835104553,2.217446738718893,2.2167746059734967,2.2158030607583936,2.21455353432977,2.2130485289155564,2.2113108199152833,2.2093628796842566,2.2072264715939363,2.204922374202412,2.2024702041566817,2.1998883133722984,2.1971937414850746,2.1944022088533646,2.19152813875208,2.1885847000362566,2.185583863614903,2.1825364676866883,2.1794522879446463,2.1763401099317226,2.173207801484245,2.1700623837827386,2.166910099975796,2.1637564806842478,2.1606064059504217,2.1574641633914973,2.154333502459249,2.1512176848136986,2.148119530893429,2.1450414628170935,2.141985543786127,2.1389535141795704,2.1359468245443267,2.132966665687886,2.1300139960800224,2.127089566765238,2.124193943979802,2.121327529658802,2.118490580007726,2.1156832223027244,2.1129054700726124,2.1101572368044916,2.107438348304797,2.1047485538365933,2.1020875361450293,2.0994549204726924,2.0968502826592084,2.0942731564099883,2.091723039812797,2.0891994011730413,2.0867016842329376,2.0842293128332723,2.0817816950716503,2.0793582270057764,2.076958295946037,2.074581283377695,2.0722265675486646,2.0698935257562328,2.0675815363623395,2.065289980564482,2.063018243946948,2.060765717834105,2.0585318004661346,2.0563158980152085,2.05411742545831,2.0519358073218914,2.0497704783113133,2.0476208838373684,2.0454864804507946,2.0433667361944994,2.041261130882553,2.039169156313791,2.0370903164273386,2.0350241274065115,2.0329701177371717,2.030927828225469,2.028896811980036,2.0268766343628304,2.0248668729123334,2.022867117242908
GFDL-CM3,351,China,LOVECLIM,0.9282765310752698,1.7945286059391308,2.085597658559822,2.179192508894256,2.2081356194689246,2.217475940535507,2.221450922691458,2.2239035089663126,2.225447315919634,2.2258806942736364,2.2249327869159883,2.2224473565337766,2.2183928361722134,2.2128296870382624,2.2058756707141898,2.1976790690518695,2.1884003854215384,2.178200693140391,2.1672346521262797,2.155646629534267,2.1435688140860916,2.1311205747766713,2.1184085721653414,2.1055273052954573,2.0925598929471527,2.0795789633033754,2.066647574746049,2.053820121638723,2.041143198734463,2.0286564103003495,2.0163931177910563,2.0043811246291043,1.9926432994537968,1.9811981407878207,1.9700602868944788,1.9592409749483837,1.9487484537045383,1.9385883537422939,1.9287640191574746,1.9192768043229897,1.9101263390664636,1.9013107653385068,1.8928269481793765,1.8846706635387507,1.8768367652674465,1.8693193333823082,1.862111805504649,1.8552070931901712,1.8485976847012466,1.8422757356216048,1.836233148575763,1.8304616431912828,1.824952817329732,1.8196982005100957,1.8146893003567066,1.809917642820376,1.8053748068468396,1.8010524540984691,1.7969423542740894,1.7930364065169275,1.7893266573504578,1.785805315537362,1.7824647642159481,1.7792975706323764,1.7762964937535723,1.7734544900163793,1.7707647174417143,1.768220538318306,1.7658155206388637,1.7635434384525706,1.761398271279201,1.7593742027151744,1.7574656183476958,1.75566710307953,1.7539734379562295,1.7523795965774147,1.7508807411634073,1.7494722183417046,1.7481495547089354,1.7469084522180414,1.7457447834345734,1.7446545866998031,1.7436340612342818,1.7426795622112696,1.7417875958248445,1.7409548143747577,1.74017801138723,1.739454116787093,1.7387801921357722,1.7381534259460658,1.737571129083615,1.7370307302632646,1.7365297716463917,1.7360659045445241,1.7356368852335842,1.7352405708812308,1.7348749155896293,1.7345379665552498,1.7342278603458356,1.733942819294808,1.7336811480129566
GFDL-CM3,351,China,MESMO,0.9293189871825428,1.805443930691584,2.115737266622877,2.234435108021023,2.291319485443824,2.3294796925861454,2.362067921443828,2.3923999331008825,2.42087710667457,2.447246456529044,2.4712587477834385,2.4928060802427727,2.511909747353827,2.5286783533084067,2.543270336142733,2.555867385047368,2.5666574483037103,2.5758246119709645,2.58354349048678,2.589976439520318,2.5952724735839463,2.5995671793976762,2.6029831864103694,2.6056309281416636,2.607609535370554,2.6090077681907973,2.6099049341079645,2.6103717635616244,2.6104712287000496,2.6102592997334493,2.609785638088897,2.6090942283170633,2.6082239521301163,2.6072091086106006,2.6060798848437026,2.604862781183021,2.6035809951791022,2.602254767949481,2.600901696489768,2.599537015139668,2.5981738491412725,2.5968234429633084,2.595495365820571,2.5941976965915314,2.5929371901296467,2.5917194267756,2.5905489467048053,2.5894293705892686,2.588363507910585,2.587353454133009,2.5864006778292756,2.5855060987464484,2.584670157704424,2.5838928791332085,2.5831739269774214,2.582512654626235,2.5819081494629073,2.581359272570958,2.580864694081481,2.580422924599565,2.580032343104758,2.579691221682282,2.579397747407045,2.5791500416707014,2.578946177214047,2.578784193100952,2.578662107847078,2.5785779308957117,2.578529672613855,2.5785153529646387,2.5785330089970695,2.5785807012795683,2.578656519391372,2.5787585865748266,2.578885063640602,2.5790341522093696,2.5792040973642463,2.5793931897815785,2.5795997674003326,2.5798222166839544,2.5800589735238315,2.5803085238276093,2.5805694038316203,2.580840200172217,2.5811195497477053,2.581406139398611,2.581698705431296,2.581996033007558,2.582296955419803,2.58260035326986,2.5829051535668697,2.5832103287585935,2.5835148957085585,2.5838179146296807,2.584118487984653,2.584415759361311,2.5847089123307,2.5849971692942972,2.585279790326494,2.5855560720171993,2.5858253463188743
GFDL-CM3,351,China,UVic2.9,0.9310692992584395,1.8066401717373255,2.100675470729409,2.190351462106025,2.2118016214390503,2.2131355861857056,2.210576655430838,2.208994895734762,2.2093699826002817,2.211467136900958,2.2147684539920354,2.2187749998757473,2.223087061118278,2.227410163216999,2.2315394313718686,2.235340306633463,2.238731225331365,2.241669543592291,2.244140579635731,2.2461492681611297,2.2477138894228723,2.2488614064067893,2.2496240328606176,2.2500367363383296,2.25013544758339,2.249955800807209,2.249532270848479,2.2488976051638354,2.2480824731515314,2.2471152741176916,2.2460220595774194,2.244826536564408,2.2435501269953226,2.242212064507305,2.2408295150280355,2.2394177110068614,2.237990092008535,2.236558446460559,2.2351330509124288,2.233722804335076,2.232335355856895,2.230977224971279,2.229653913716037,2.2283700106592024,2.22712928676188,2.225934783351172,2.2247888925436485,2.2236934305272245,2.222649704146649,2.2216585712542183,2.220720495287911,2.2198355945297386,2.2190036864800646,2.218224327762299,2.2174968499480463,2.2168203916673592,2.2161939273428155,2.2156162928604246,2.2150862084656824,2.214602299149266,2.2141631127645307,2.2137671360977533,2.2134128090927323,2.2130985374129204,2.2128227035076695,2.212583676333699,2.212379819868745,2.212209500541511,2.212071093690009,2.2119629891499426,2.211883596064726,2.2118313469998827,2.211804701436638,2.211802148712004,2.211822210466031,2.2118634426510217,2.2119244371519033,2.212003823061992,2.212100267654155,2.2122124770829923,2.2123391968503703,2.212479212063025,2.212631347508292,2.2127944675709936,2.212967476012444,2.2131493156300133,2.213338967814024,2.2135354520167696,2.2137378251468607,2.2139451809008244,2.214156649042406,2.2143713946388734,2.2145886172627582,2.2148075501662157,2.2150274594346375,2.2152476431252066,2.215467430395393,2.2156861806259283,2.2159032825420772,2.216118153336588,2.216330237797314
GFDL-CM3,351,China,ACC2,0.9323797876074564,1.8146442323769227,2.1162240763606746,2.2121716884553466,2.2380788700777834,2.242060155949479,2.2405140591059953,2.2385221130701964,2.2372662915039605,2.236691661165346,2.2364357949401747,2.2361327113499767,2.2354959703143766,2.234327570414912,2.232504909034285,2.2299637446500373,2.2266827795449937,2.222671181772345,2.21795896163192,2.2125897375246697,2.2066153898854264,2.2000921677685445,2.193077897289846,2.1856300183097743,2.1778042392276946,2.1696536498394687,2.161228170976265,2.152574249372941,2.143734728903813,2.134748846587966,2.12565231487453,2.1164774616515407,2.1072534069343827,2.0980062608578867,2.0887593318620046,2.079533337160232,2.070346609970601,2.0612152997659576,2.052153563113443,2.043173743635722,2.0342865403251458,2.0255011639426765,2.016825481585226,2.0082661497469596,1.9998287363597256,1.9915178323974627,1.983337153684982,1.9752896335759142,1.967377507166018,1.959602387694581,1.95196533576216,1.9444669219622188,1.9371072834892356,1.9298861752493774,1.9228030159622342,1.9158569297056796,1.9090467833201468,1.9023712200546168,1.8958286898045913,1.8894174762620382,1.8831357212694215,1.8769814466438512,1.870952573713432,1.865046940785838,1.8592623187490003,1.8535964249851793,1.848046935762802,1.8426114972552632,1.8372877353215937,1.832073264171145,1.8269656940232373,1.8219626378615155,1.8170617173739187,1.8122605681600232,1.8075568442796666,1.8029482222101034,1.7984324042718092,1.7940071215778066,1.789670136555809,1.7854192450875466,1.7812522783058324,1.7771671040852912,1.773161628259851,1.7692337955962014,1.7653815905501657,1.7616030378298213,1.7578962027869656,1.754259191656679,1.7506901516621827,1.74718727100112,1.7437487787273536,1.7403729445409182,1.7370580784979912,1.7338025306507738,1.7306046906269188,1.727462987156673,1.7243758875550808,1.7213418971662364,1.7183595587752125,1.715427451993351,1.7125441926213911
GFDL-CM3,351,China,Bern-SAR,0.9342864327501319,1.8259047075563954,2.1375332889122203,2.241632598335048,2.2735538533611113,2.281824562467433,2.2833439976556793,2.2836171645227386,2.2841429229674097,2.285088712010005,2.286240946939134,2.2873285961999987,2.288122037396662,2.288453824509811,2.2882142985457987,2.287340723882541,2.2858062052633774,2.2836102037366857,2.280770943450371,2.277319522462956,2.2732954293844907,2.268743177364091,2.2637098101290816,2.2582430816349746,2.2523901523139163,2.246196679038607,2.23970620321254,2.232959762929373,2.225995672016655,2.218849421951836,2.2115536728979666,2.204138308082267,2.196630531930041,2.189054997160116,2.1814339497531625,2.173787383560357,2.166133198515693,2.158487358096378,2.150864042958778,2.1432757986495994,2.1357336760259664,2.128247363565813,2.1208253111560627,2.1134748452423477,2.106202275436326,2.0990129928258505,2.091911560333263,2.084901795531708,2.07798684636599,2.0711692602419234,2.0644510469505453,2.0578337358856653,2.0513184279985444,2.044905842913316,2.038596361604471,2.032390065012823,2.0262867689517754,2.0202860556302347,2.0143873020943124,2.008589705866266,2.002892308036522,1.9972940140436126,1.9917936123566642,1.9863897912568929,1.9810811538968547,1.9758662318008402,1.9707434969546045,1.965711372619689,1.9607682429946434,1.9559124618348236,1.9511423601315845,1.9464562529425549,1.941852445455953,1.9373292383643372,1.9328849326158208,1.9285178336043542,1.9242262548551483,1.9200085212554805,1.9158629718768427,1.9117879624294332,1.9077818673866729,1.9038430818132905,1.8999700229275873,1.8961611314253144,1.8924148725902548,1.888729737213844,1.8851042423440705,1.8815369318821642,1.8780263770433734,1.8745711766969342,1.8711699575984442,1.8678213745269499,1.864524110337635,1.861276875939724,1.8580784102087728,1.8549274798410824,1.8518228791575124,1.8487634298630102,1.8457479807678407,1.8427754074755187,1.83984461204228
GFDL-CM3,351,China,MAGICC6(ensemblemedian),0.9324295327082474,1.8168057856720834,2.1240491197186726,2.228232795356135,2.2635902684471394,2.277172296511359,2.2846990541577434,2.2908878457861275,2.2967751670320773,2.3022993222029866,2.3071716982936943,2.311141464070603,2.314053528492684,2.3158421376687,2.3165091198448646,2.316102400187007,2.314698812257288,2.3123914597151973,2.3092808456941754,2.3054688579436773,2.3010548302479945,2.2961330779851856,2.2907914628052466,2.2851106647742045,2.2791639324660844,2.2730171486757,2.2667290978210413,2.2603518557136457,2.253931247006564,2.247507333088692,2.241114905519961,2.234783968762426,2.22854020201238,2.222405394132726,2.2163978485631177,2.2105327570330404,2.2048225421951724,2.1992771701288594,2.1939044341759586,2.1887102118620936,2.1836986967964065,2.1788726074808173,2.1742333749312777,2.169781310942049,2.1655157587274627,2.161435227564859,2.157537512945745,2.153819803624953,2.1502787768430585,2.1469106828877265,2.143711420056255,2.1406766009850986,2.137801611222666,2.135081660839352,2.1325118297930907,2.1300871076997345,2.1278024285944745,2.1256527012133937,2.123632835272047,2.121737764170873,2.119962464514529,2.1183019727934354,2.116751399540938,2.115305941247838,2.113960890287415,2.1127116430783497,2.1115537066895382,2.1104827040701104,2.109494378068405,2.108584594387184,2.107749343606873,2.1069847423940584,2.106287034001228,2.105652588151097,2.1050779003899853,2.1045595909845165,2.10409440342879,2.1036792026205835,2.1033109727599375,2.1029868150160036,2.1027039450042104,2.102459690109616,2.1022514866892412,2.102076877181227,2.1019335071463208,2.1018191222628686,2.101731565295081,2.1016687730505343,2.101628773341858,2.1016096819645322,2.101609699702031,2.1016271093667696,2.1016602728853138,2.1017076284336027,2.101767687628273,2.101839032778015,2.1019203141986806,2.102010247595218,2.1021076115121056,2.1022112448543733,2.102320044479768
GFDL-CM3,351,China,TOTEM2,0.8612847399165282,1.7484005252199841,2.1326205693874947,2.3259138685824157,2.443607450598506,2.528634612505806,2.597248353272341,2.6558429846629235,2.7071465991938077,2.752502900670395,2.7927140348840966,2.8283537190665182,2.8598852130773356,2.887707231603661,2.9121731082123015,2.9335999029385813,2.9522736145281168,2.9684527825111657,2.9823713366375246,2.9942410243924287,3.00425355206069,3.012582501663829,3.019385057997259,3.0248035685847072,3.028966954194924,3.03199198478381,3.033984433904445,3.0350401232358726,3.035245867720564,3.0346803307788663,3.0334147981625086,3.031513878190592,3.02903613537451,3.026034663769562,3.0225576057901455,3.0186486216771287,3.014347314312983,3.009689613634503,3.0047081244873084,2.999432441400207,2.993889433427927,2.988103501909591,2.982096813720956,2.9758895123515394,2.9694999089160534,2.962944655011247,2.9562388991435222,2.9493964282917,2.9424297960185943,2.935350438411958,2.928168779012094,2.9208943237737217,2.913535747011016,2.9061009691833375,2.8985972272974547,2.8910311386288967,2.8834087583985366,2.875735631978295,2.8680168421476107,2.860257051869843,2.8524605430168037,2.844631251424817,2.836772798632135,2.8288885206135763,2.820981493796977,2.813054558621078,2.8051103408669764,2.7971512709772135,2.789179601550958,2.7811974231910073,2.7732066788583354,2.7652091768751843,2.757206602706739,2.7492005296366027,2.741192428440411,2.7331836761542285,2.7251755640228508,2.717169304705675,2.709166038811056,2.7011668408225256,2.693172724475126,2.6851846476335854,2.6772035167190658,2.6692301907284395,2.661265484884131,2.653310173948752,2.6453649952376788,2.637430651357449,2.62950781269525,2.621597119684341,2.6136991848659346,2.6058145947659206,2.5979439116062486,2.5900876748630437,2.5822464026894725,2.5744205932140147,2.566610725725854,2.558817261758907,2.551040646083663,2.543281307614698,2.5355396602429336
GFDL-ESM2M,351,China,NCARCSM1.4,0.8126677215937179,1.581781923310969,1.8400542775995545,1.913603502145513,1.9217721762180096,1.907956072580373,1.887711136644884,1.8664326154996274,1.8458437078635024,1.8263701886342683,1.808003810893426,1.7906116073779133,1.774042870181968,1.758162951106545,1.7428611688642819,1.7280500350930408,1.7136619796363146,1.6996457239038967,1.6859629899567976,1.6725857135898545,1.6594937536183705,1.6466730371851679,1.6341140718481704,1.6218107603051786,1.6097594624363136,1.5979582583178644,1.586406373879824,1.575103737712723,1.5640506432386472,1.5532474951881552,1.542694623222008,1.5323921487414303,1.5223398935620474,1.5125373212846034,1.5029835039625903,1.4936771081125149,1.4846163952930462,1.4757992334421095,1.4672231159447218,1.4588851860411998,1.4507822647015598,1.4429108805093336,1.4352673004346217,1.4278475606464025,1.4206474967308707,1.413662772854711,1.406888909549034,1.400321309897223,1.3939552839940714,1.3877860716085653,1.3818088630324559,1.3760188181342912,1.370411083666004,1.3649808088893582,1.3597231596028632,1.3546333306588154,1.3497065570651128,1.3449381237686084,1.3403233742167564,1.3358577177925233,1.3315366362147059,1.3273556889918132,1.323310518013618,1.3193968513594612,1.3156105063976837,1.3119473922454943,1.3084035116537174,1.3049749623760174,1.3016579380775497,1.2984487288335602,1.2953437212642325,1.292339398348068,1.2894323389524251,1.286619217116267,1.2838968011171015,1.2812619523506983,1.2787116240500616,1.27624285986689,1.2738527923368677,1.2715386412477987,1.2692977119276694,1.2671273934679548,1.2650251568957769,1.2629885533071386,1.2610152119720068,1.25910283842085,1.2572492125211023,1.2554521865510417,1.2537096832776038,1.252019694043921,1.2503802768715635,1.2487895545817873,1.2472457129396766,1.2457469988240588,1.2442917184263216,1.2428782354801118,1.241504969523944,1.2401703941982514,1.2388730355781457,1.237611470542834,1.2363843251824596
GFDL-ESM2M,351,China,HadGEM2-ES,0.8133364387996694,1.5873007618545303,1.8538949311244048,1.93789879622263,1.9575991613403163,1.9556261455825965,1.9470116055255307,1.9368122497329772,1.9265493558918716,1.9165444802844052,1.9067532062582622,1.8970523802883628,1.8873309407023273,1.8775120650871504,1.8675527970787598,1.857437495392815,1.8471706243381374,1.836770536026819,1.8262645583666612,1.8156852788107223,1.8050678099235906,1.7944478248467701,1.78386018256522,1.773337998559518,1.7629120480401845,1.7526104148289503,1.7424583194246872,1.7324780757434346,1.7226891383518843,1.713108211499243,1.7037493985257948,1.6946243757871962,1.6857425794725616,1.6771113969149287,1.6687363564300728,1.6606213115554325,1.65276861693571,1.645179294123766,1.6378531863182784,1.6307891016077278,1.623984944682927,1.6174378372557559,1.6111442276090768,1.605099989824297,1.5993005133059264,1.5937407832596655,1.5884154527919023,1.5833189072916554,1.5784453217363967,1.5737887115352427,1.569342977489664,1.5651019454156752,1.5610594009338745,1.5572091198961104,1.5535448948806823,1.5500605581524722,1.5467500014506637,1.543607192934802,1.5406261915902306,1.5378011593662555,1.5351263712947896,1.5325962238136592,1.5302052414971379,1.527948082376455,1.5258195420149483,1.5238145564860708,1.5219282043874611,1.5201557080107146,1.5184924337740955,1.5169338920143407,1.515475736223514,1.5141137618077825,1.5128439044367172,1.5116622380442928,1.5105649725359942,1.5095484512504829,1.5086091482187416,1.5077436652587717,1.5069487289395058,1.5062211874436362,1.5055580073555166,1.5049562703971207,1.5044131701321604,1.5039260086559507,1.5034921932863075,1.5031092332686844,1.5027747365070132,1.5024864063300114,1.5022420383012858,1.5020395170803156,1.5018768133402005,1.5017519807470459,1.5016631530050115,1.5016085409701654,1.5015864298356658,1.5015951763901183,1.5016332063504232,1.5016990117699767,1.5017911485226318,1.5019082338624987,1.5020489440593143
GFDL-ESM2M,351,China,MPI-ESM,0.8160527239630819,1.6024365956636752,1.8803141460312947,1.970635447979746,1.9916474833805506,1.9869965425486646,1.972858790339835,1.9552823969207498,1.936570622452381,1.917632861978222,1.898852007518188,1.8804056628632417,1.8623861527523093,1.8448462600022126,1.8278174190193983,1.8113175843828746,1.7953551337071187,1.7799311659686101,1.7650410830051912,1.7506757974723635,1.736822708176946,1.723466507431049,1.7105898553974117,1.698173944064839,1.686198967710708,1.6746445134872134,1.6634898836236929,1.6527143591066704,1.6422974133610992,1.6322188833175448,1.6224591042651508,1.6129990140321906,1.6038202312881076,1.5949051121070386,1.5862367883629898,1.5777991910288336,1.5695770610182502,1.5615559498320255,1.5537222119419392,1.5460629905605225,1.5385661981971768,1.5312204931872744,1.5240152531952325,1.516940546532349,1.5099871019921276,1.5031462777872564,1.49641003006967,1.4897708814283397,1.4832218896841927,1.476756617238043,1.470369101173078,1.4640538242675891,1.457805687035126,1.4516199808762986,1.4454923623996763,1.439418828946413,1.4333956953347444,1.4274195718249971,1.4214873432938446,1.415596149596035,1.4097433670846278,1.403926591254325,1.398143620468158,1.3923924407245343,1.3866712114192175,1.3809782520559146,1.375312029857914,1.369671148233817,1.3640543360503243,1.3584604376662832,1.3528884036830675,1.3473372823677696,1.3418062117073775,1.3362944120536422,1.3308011793198935,1.3253258786936064,1.3198679388292434,1.314426846488651,1.309002141597761,1.3035934126899689,1.2982002927086151,1.2928224551424548,1.2874596104696399,1.2821115028874532,1.276777907306362,1.2714586265883838,1.266153489011287,1.2608623459411097,1.2555850696971687,1.2503215515942314,1.245071700148237,1.2398354394324667,1.2346127075723998,1.2294034553679967,1.224207645033324,1.2190252490439972,1.2138562490836438,1.2087006350814113,1.2035584043330152,1.1984295606984163,1.1933141138698995
GFDL-ESM2M,351,China,Bern3D-LPJ(ensemblemedian),0.8145970570256146,1.5949639885646603,1.8689819336656301,1.9598411589939986,1.985684077488614,1.9893782039522232,1.9862259907774023,1.981491203687285,1.9768262009586164,1.97261996742002,1.9688486341929474,1.9653776570155645,1.9620643515716987,1.9587886718562435,1.9554589584707123,1.9520095866230869,1.9483965304715165,1.9445928853379206,1.9405849592128686,1.9363690451345124,1.931948823527814,1.9273333012134584,1.9225351923639138,1.9175696576705068,1.9124533313857575,1.907203578438822,1.9018379346072438,1.8963736917068377,1.890827597128604,1.8852156430547637,1.8795529255612966,1.873853557764447,1.8681306243649767,1.8623961675260756,1.8566611961043775,1.850935711932002,1.8452287481974528,1.8395484160569695,1.833901956475936,1.828295794993601,1.822735597656958,1.817226326808583,1.8117722957601798,1.806377221657094,1.8010442760528458,1.7957761328793804,1.7905750136270087,1.785442729646209,1.7803807215573773,1.7753900958095337,1.7704716584687228,1.7656259463448967,1.7608532555846503,1.7561536678690381,1.7515270743615383,1.7469731975533742,1.74249161115223,1.7380817581569574,1.7337429672558897,1.7294744676802296,1.725275402637141,1.7211448414399624,1.7170817904454339,1.7130852029006325,1.7091539877947848,1.705287017804212,1.701483136411964,1.6977411642770344,1.6940599049221494,1.6904381498035637,1.6868746828204633,1.6833682843172988,1.6799177346270961,1.6765218172001934,1.6731793213582336,1.6698890447103814,1.6666497952647543,1.6634603932653869,1.6603196727823364,1.6572264830795387,1.6541796897833614,1.6511781758719892,1.648220842504487,1.645306609706049,1.6424344169249088,1.639603223474384,1.6368120088725924,1.6340597730911606,1.6313455367227527,1.6286683410769365,1.6260272482122688,1.6234213409123388,1.6208497226122052,1.6183115172815064,1.6158058692694026,1.6133319431165314,1.6108889233380848,1.608476014182094,1.6060924393665326,1.6037374417981556,1.6014102832762414
GFDL-ESM2M,351,China,Bern2.5D-LPJ,0.8026633595227223,1.5274925502129886,1.7472822593658723,1.8000810676102668,1.803624382030438,1.796783499006369,1.790895626694012,1.7881679208020875,1.7881228672711174,1.7897489974573104,1.7921427564211194,1.7946435453184868,1.7968150571835806,1.7983922816473201,1.7992309435248028,1.799268044792876,1.7984934029381465,1.7969299090163222,1.7946201499135581,1.791617498800941,1.7879802785298538,1.7837680121425286,1.7790390781542846,1.77384930363347,1.7682511776879768,1.7622934706867752,1.7560211146384799,1.7494752477957933,1.7426933588565066,1.7357094879806696,1.728554456587506,1.7212561078175894,1.713839546198735,1.7063273694941097,1.6987398886547762,1.6910953337331518,1.6834100448680933,1.6756986482508054,1.6679742174740566,1.6602484209585027,1.6525316563074963,1.6448331725129155,1.637161180950005,1.629522956080086,1.6219249267403313,1.6143727588483725,1.6068714302928992,1.599425298722801,1.5920381628898614,1.5847133181445365,1.5774536066319218,1.5702614626862348,1.5631389538767324,1.5560878181164823,1.5491094972071258,1.542205167157991,1.5353757655861835,1.528622016475319,1.521944452544464,1.51534343545492,1.5088191740610208,1.502371740891472,1.496001087030081,1.489707055548703,1.4834893936306215,1.4773477635095185,1.4712817523372617,1.4652908810828371,1.4593746125552758,1.4535323586342896,1.4477634867845484,1.4420673259222332,1.4364431716959927,1.4308902912384387,1.4254079274390605,1.4199953027845118,1.41465162280794,1.40937607918487,1.4041678525098493,1.3990261147845164,1.3939500316450837,1.388938764354281,1.3839914715807486,1.379107310986353,1.3742854406401435,1.3695250202758147,1.364825212407953,1.3601851833208285,1.355604103942244,1.351081150613722,1.346615505767273,1.3422063585178776,1.3378529051801689,1.3335543497167313,1.3293099041249605,1.3251187887685059,1.320980232659045,1.3168934736932905,1.3128577588498438,1.3088723443500163,1.3049364957863285
GFDL-ESM2M,351,China,CLIMBER2-LPJ,0.8106047638447044,1.5680249035229912,1.8107072617790376,1.8681678120793739,1.861135789436976,1.833592517040613,1.801338149554929,1.7698517390477064,1.7408558016486542,1.7147262457215782,1.6913745398826947,1.6705684108579875,1.652046476109352,1.6355574938364397,1.6208722506621598,1.6077857048417818,1.5961158247072527,1.5857014553236888,1.5764000402899285,1.568085475677777,1.5606461743529794,1.5539833488900285,1.5480094982063273,1.5426470768700447,1.5378273257806347,1.5334892445765316,1.529578688252434,1.5260475725712614,1.522853174776173,1.519957517811435,1.517326827754747,1.5149310554675188,1.5127434546058713,1.5107402091248856,1.5089001042709096,1.5072042358077486,1.5056357528776148,1.5041796304685717,1.5028224679585025,1.5015523106403552,1.500358491513245,1.4992314909556694,1.4981628121872033,1.4971448706785393,1.496170895891905,1.4952348439279892,1.4943313198259167,1.4934555084119538,1.4926031127234918,1.4917702991497148,1.4909536485311305,1.490150112548767,1.4893569748116675,1.4885718161198005,1.4877924834398497,1.487017062184229,1.4862438514307088,1.4854713417610352,1.4846981954334513,1.4839232286360802,1.4831453955965261,1.4823637743480949,1.4815775539752325,1.480786023180386,1.4799885600319265,1.479184622768016,1.4783737415451685,1.4775555110320935,1.4767295837605117,1.475895664153691,1.475053503162471,1.4742028934456646,1.4733436650385126,1.4724756814591848,1.4715988362079424,1.4707130496191752,1.4698182660298773,1.4689144512326726,1.4680015901842027,1.4670796849431937,1.4661487528149557,1.4652088246813417,1.4642599434977723,1.4633021629402494,1.4623355461876675,1.4613601648255061,1.4603760978592009,1.4593834308258833,1.4583822549950338,1.457372666648931,1.4563547664352328,1.4553286587844145,1.4542944513856089,1.453252254715273,1.4522021816132071,1.451144346901572,1.4500788670423135,1.4490058598296067,1.4479254441135085,1.4468377395520822,1.44574286638891
GFDL-ESM2M,351,China,DCESS,0.8094686518477079,1.5653049068704135,1.8143374752010335,1.8867549432016175,1.9011224974250904,1.8989361119558261,1.8939185893950683,1.8900032057363645,1.8878371144125567,1.8870903885325283,1.8872436065073472,1.8878317626212928,1.8885000942630954,1.8889995779297486,1.88916681162132,1.8889030377444902,1.8881564720038435,1.8869085318392604,1.8851634847456311,1.8829408212761782,1.8802697116885556,1.877185024429696,1.8737245024106741,1.8699267913020934,1.865830091098713,1.8614712609043051,1.85688525104059,1.8521047695706554,1.847160114880888,1.8420791241990717,1.8368872014431519,1.8316073977983927,1.8262605258112365,1.8208652932366687,1.8154384468834273,1.809994919639275,1.8045479760051817,1.799109353027073,1.7936893946412098,1.7882971782572346,1.782940632976132,1.7776266492413464,1.7723611799965568,1.767149333607207,1.761995458920543,1.7569032229089847,1.7518756813780998,1.746915343233314,1.7420242287961172,1.7372039226463185,1.7324556214457558,1.7277801771733803,1.7231781361742855,1.7186497743966866,1.7141951291626736,1.709814027791129,1.7055061133649196,1.701270867909609,1.6971076332277537,1.6930156296111558,1.688993972633514,1.6850416882074213,1.681157726072802,1.6773409718684011,1.6735902579237472,1.6699043728962422,1.6662820703660282,1.6627220764911388,1.6592230968149357,1.6557838223100152,1.652402934733775,1.6490791113645231,1.6458110291796264,1.6425973685320234,1.6394368163752477,1.63632806908306,1.6332698349046488,1.6302608360927584,1.6272998107386099,1.624385514343633,1.6215167211558759,1.6186922252954594,1.615910841691781,1.6131714068522844,1.610472779481352,1.607813840965273,1.60519349573854,1.60261067154433,1.6000643196015716,1.5975534146890085,1.5950769551563821,1.5926339628711068,1.5902234831084998,1.5878445843927027,1.5854963582943582,1.5831779191911346,1.5808884039957734,1.5786269718567012,1.5763928038348707,1.5741851025609126,1.572003091875506
GFDL-ESM2M,351,China,GENIE(ensemblemedian),0.8084078098176402,1.5566309286825804,1.7928612157199264,1.8495942542148243,1.8471333017589644,1.8281575032875605,1.8071342646072557,1.7884239009690113,1.7728821450200147,1.7602433884751822,1.7499613476409577,1.741489848155394,1.7343636550645463,1.728210500486875,1.722741561510856,1.7177369833067297,1.7130319283336264,1.708504673979872,1.7040669277731528,1.6996561131202268,1.6952292900902113,1.6907583944209577,1.6862265253358577,1.6816250622939546,1.676951434422351,1.6722074025314668,1.6673977428164972,1.6625292446697737,1.6576099535528421,1.652648604551457,1.6476542038442996,1.6426357244891119,1.63760189017346,1.6325610262932158,1.6275209622290632,1.622488972242207,1.6174717452059042,1.612475375587372,1.6075053698205604,1.6025666635643443,1.5976636464001512,1.592800191351444,1.5879796872531147,1.583205072500577,1.5784788690977674,1.5738032162232565,1.5691799027648146,1.5646103984488986,1.5600958833255736,1.555637275470155,1.5512352568375738,1.546890297260884,1.542602676624539,1.5383725052712938,1.5341997427199652,1.530084214783455,1.5260256291832446,1.5220235897592447,1.5180776093744286,1.5141871216114613,1.510351491355496,1.5065700243530666,1.5028419758320375,1.4991665582627518,1.4955429483348515,1.4919702932194314,1.4884477161804819,1.4849743215953222,1.4815491994381529,1.4781714292771024,1.4748400838303917,1.471554232123727,1.4683129422869488,1.465115284024973,1.4619603307946463,1.458847161716399,1.4557748632470218,1.4527425306371615,1.4497492691953129,1.446794195377795,1.4438764377224067,1.4409951376419972,1.4381494500922136,1.4353385441267799,1.4325616033521353,1.4298178262920571,1.4271064266722142,1.4244266336331313,1.421777691879643,1.4191588617739292,1.4165694193785097,1.414008656455105,1.4114758804244558,1.4089704142918738,1.4064915965427092,1.4040387810116661,1.4016113367291678,1.3992086477480332,1.3968301129531542,1.3944751458565776,1.3921431743803927
GFDL-ESM2M,351,China,LOVECLIM,0.8050295889056256,1.541196031977305,1.7719255778264424,1.831192887697858,1.8360866631748256,1.8260454439101477,1.8133111545778837,1.8009952127422761,1.7894064388388988,1.778174475842034,1.7668997622103892,1.7553086659319945,1.7432569684003312,1.7306971057548304,1.717644633988113,1.7041524613164942,1.6902930900893731,1.6761470903472455,1.6617959503572555,1.6473178507198858,1.6327853329964417,1.6182641681401007,1.6038129677073767,1.58948324201889,1.5753197160936678,1.5613607837700838,1.5476390254283867,1.5341817436408072,1.5210114895359454,1.5081465643725473,1.495601488178375,1.4833874318801419,1.4715126121368998,1.4599826497391633,1.4488008933676313,1.437968710985619,1.4274857513403945,1.4173501780797197,1.4075588789214677,1.3981076521891256,1.388991372873237,1.3802041402142124,1.3717394086370227,1.3635901037078584,1.3557487246311548,1.348207434664179,1.3409581406952507,1.3339925631120344,1.3273022969765107,1.3208788654238897,1.3147137661119426,1.3087985114651997,1.3031246633844484,1.2976838630245102,1.292467856182783,1.2874685147860265,1.2826778549136564,1.2780880517508932,1.2736914518248548,1.2694805828405635,1.2654481614007844,1.261587098864314,1.2578905055704954,1.2543516936340808,1.2509641784926526,1.247721679369565,1.244618118797872,1.241647621334853,1.238804511582623,1.236083311617889,1.2334787379218575,1.230985697891533,1.22859928600446,1.2263147797001417,1.224127635034445,1.2220334821566874,1.2200281206524701,1.2181075147909763,1.2162677887097104,1.2145052215659742,1.2128162426805724,1.211197426695331,1.2096454887634516,1.2081572797890439,1.206729781729281,1.2053601029709229,1.2040454737911555,1.2027832419103126,1.2015708681435653,1.2004059221563885,1.199286078328067,1.1982091117264317,1.1971728941957294,1.1961753905591237,1.195214654936741,1.1942888271790384,1.1933961294152584,1.1925348627163144,1.191703403870574,1.1909002022711557,1.1901237769131385
GFDL-ESM2M,351,China,MESMO,0.8059351996259694,1.550633044903207,1.7978540374094967,1.878472592267233,1.9069061789888873,1.9208977658473088,1.931772476088975,1.9422169878319262,1.952389545696717,1.9619063633849585,1.9704140154364622,1.977704254157534,1.9836985407186767,1.9884077483677212,1.9918967427136858,1.9942592386149103,1.9956015596018541,1.9960327529366142,1.9956588844034169,1.9945799614741357,1.9928884600063992,1.9906688036673097,1.9879973923894687,1.984942933503351,1.9815669272984069,1.977924219156616,1.9740635672412357,1.9700281970244002,1.9658563273291212,1.9615816605215957,1.9572338341527777,1.9528388340178737,1.9484193700738592,1.9439952174112711,1.9395835248104927,1.9351990935017152,1.9308546286984472,1.92656096635097,1.9223272774064164,1.9181612516880222,1.9140692633315253,1.9100565195471002,1.9061271943159133,1.9022845484819737,1.8985310375630822,1.8948684084800933,1.891297786289105,1.8878197518981037,1.884434411655034,1.8811414596092806,1.877940233171233,1.874829762824502,1.8718088164824,1.868875939022741,1.8660294874834085,1.8632676623543682,1.8605885353592475,1.8579900740816462,1.855470163756366,1.8530266265149018,1.850657238345845,1.8483597440055672,1.8461318700914584,1.8439713364688928,1.8418758662245893,1.839843194301655,1.8378710749564389,1.8359572881633883,1.8340996450814742,1.8322959926843334,1.8305442176463789,1.8288422495674952,1.8271880636106848,1.8255796826197876,1.8240151787771202,1.8224926748552248,1.8210103451108868,1.8195664158651135,1.8181591658079121,1.816786926062574,1.815448080040971,1.814141063117549,1.8128643621470972,1.8116165148483847,1.8103961090737695,1.8092017819823005,1.8080322191320042,1.806886153505542,1.8057623644814234,1.8046596767619592,1.8035769592674373,1.8025131240053014,1.8014671249218401,1.800437956742795,1.7994246538090088,1.7984262889119285,1.797441972133505,1.7964708496941248,1.795512102812071,1.7945649465772011,1.7936286288411314
GFDL-ESM2M,351,China,UVic2.9,0.8074548820873539,1.5516374633224232,1.7847789231635742,1.8404927395246777,1.8388148863538558,1.8218624789428874,1.8035860321381523,1.787954389934897,1.7755542229696302,1.7659486259640398,1.7584918030803762,1.7525882324641349,1.7477570190945044,1.7436319063966086,1.7399432338761813,1.7364975559027498,1.7331596950137247,1.729838212251993,1.7264740625119082,1.7230318943472467,1.7194934463901312,1.7158525713827486,1.712111510429611,1.7082781218239536,1.7043638357415893,1.700382159002563,1.6963475952511438,1.6922748776664427,1.6881784357361846,1.6840720363612882,1.679968553912766,1.675879834847152,1.6718166308847493,1.6677885811679858,1.6638042287085362,1.6598710601569941,1.655995560760679,1.6521832785237907,1.648438893209819,1.6447662870526094,1.6411686149643456,1.637648372718223,1.6342074620966192,1.6308472523742448,1.62756863778295,1.6243720908052635,1.6212577112861888,1.6182252714521135,1.6152742569924994,1.6124039044031,1.6096132348146504,1.6069010845437088,1.604266132605653,1.6017069254268432,1.5992218989854665,1.5968093986002858,1.5944676965743705,1.5921950078877538,1.5899895041195196,1.5878493257663548,1.5857725931114914,1.5837574157853027,1.5818019011469713,1.5799041616052376,1.5780623209858575,1.5762745200435784,1.5745389212074474,1.5728537126399997,1.5712171116831724,1.5696273677569617,1.5680827647703581,1.5665816230983458,1.5651223011735012,1.5637031967358985,1.5623227477806474,1.560979433238538,1.5596717734216061,1.558398330262187,1.5571577073712095,1.555948549938669,1.5547695444969936,1.5536194185656937,1.552496940193919,1.5514009174155718,1.5503301976302495,1.5492836669216916,1.548260249324241,1.5472589060465969,1.5462786346610864,1.5453184682658183,1.5443774746261683,1.5434547553012705,1.5425494447606183,1.541660709495116,1.5407877471265035,1.5399297855185161,1.539086081892692,1.538255921951406,1.5374386190103062,1.5366335131420086,1.5358399703326744
GFDL-ESM2M,351,China,ACC2,0.8085930570741164,1.5585474416839717,1.798113124094707,1.8590703403518454,1.8610128038432114,1.8460903796894967,1.8284296886410651,1.8122017860224955,1.7981827047120238,1.7861013397940986,1.775453288778898,1.7657623306403911,1.7566478404613541,1.747827777472451,1.739103278885434,1.7303405276271373,1.7214546914961946,1.712396961245646,1.7031445031429244,1.6936928293348774,1.6840500765276905,1.674232756684398,1.664262629836283,1.6541644262664317,1.643964208326878,1.633688211725651,1.6233620444768737,1.6130101511439774,1.6026554725026325,1.5923192479006036,1.5820209206454148,1.5717781166721885,1.561606674274813,1.5515207083907492,1.5415326972479113,1.531653582441882,1.521892875966979,1.512258769567873,1.5027582431573554,1.4933971700724555,1.4841804177010445,1.4751119425697332,1.4661948793902977,1.4574316238545877,1.4488239091746888,1.4403728765084134,1.4320791395058743,1.423942843274077,1.4159637180916804,1.4081411282233336,1.4004741161867176,1.3929614428202899,1.3856016234881177,1.3783929607428378,1.3713335737495507,1.3644214247544164,1.3576543428618688,1.3510300453647859,1.3445461568529145,1.3382002263064927,1.331989742364774,1.325912146942844,1.3199648473549448,1.3141452270884468,1.3084506553596595,1.3028784955706239,1.2974261127750566,1.2920908802516973,1.2868701852739886,1.2817614341565946,1.2767620566519418,1.2718695097625674,1.2670812810292167,1.2623948913486076,1.2578078973695836,1.2533178935119518,1.248922513647611,1.2446194324800741,1.2404063666547962,1.2362810756294764,1.2322413623309352,1.2282850736221316,1.2244101006010006,1.2206143787502017,1.2168958879553833,1.2132526524075018,1.2096827404032524,1.2061842640564397,1.2027553789314431,1.1993942836092024,1.196099219194815,1.192868468774882,1.1897003568322042,1.1865932486241617,1.1835455495309029,1.180555704378535,1.177622196741956,1.174743548231715,1.1719183177684191,1.1691451008482365,1.1664225288022343
GFDL-ESM2M,351,China,Bern-SAR,0.8102489803751843,1.5682675972684934,1.8163823450335737,1.8841430140218474,1.890972150766257,1.8794105620961974,1.8640421253844452,1.849419207051318,1.8366000559723956,1.8255093084856953,1.8157717062473602,1.8069918081302627,1.7988358890565244,1.7910457515308478,1.783431147516807,1.7758571868518247,1.7682321283867277,1.7604970475118484,1.752617545220299,1.7445772590379036,1.7363728529265374,1.7280101840861943,1.7195013924956424,1.7108627081560621,1.7021128137113906,1.6932716350951198,1.6843594607766907,1.6753963122148634,1.6664015054142434,1.657393357006064,1.64838899883531,1.63940427327207,1.630453687879761,1.6215504130631797,1.6127063101963208,1.6039319807371093,1.5952368291648975,1.586629134375397,1.578116125554679,1.5697040596187974,1.5613982981216963,1.5532033821554097,1.5451231042380933,1.5371605765404863,1.529318295066337,1.5215981995985883,1.5140017293657317,1.5065298744852544,1.4991832233121989,1.4919620058690464,1.4848661335633826,1.4778952354170751,1.4710486910384633,1.4643256605694737,1.4577251118355197,1.4512458449179506,1.444886514359049,1.438645649197861,1.4325216710230493,1.4265129102164138,1.4206176205481549,1.4148339922729232,1.409160163863802,1.4035942325104227,1.3981342634966225,1.3927782985635055,1.387524363354275,1.3823704740289884,1.3773146431291896,1.3723548847655018,1.3674892191942911,1.362715676843601,1.3580323018428646,1.353437155105975,1.3489283170124824,1.3445038897274662,1.340161999196991,1.3359007968522438,1.3317184610525792,1.3276131982944983,1.3235832442113173,1.3196268643856082,1.3157423549945177,1.3119280433059946,1.30818228804237,1.3045034796259571,1.3008900403199024,1.2973404242764126,1.293853117502981,1.2904266377564917,1.2870595343737707,1.283750388046617,1.2804978105483382,1.277300444418043,1.274156962608591,1.2710660681031798,1.268026493505258,1.2650370006057772,1.2620963799316183,1.2592034502783576,1.256357058230436
GFDL-ESM2M,351,China,MAGICC6(ensemblemedian),0.8086363524712069,1.5604191378073975,1.8048566983658831,1.872842106271726,1.8827721968795572,1.8758738847352474,1.865697043750978,1.8561142214207276,1.8477941800693127,1.8404777626209643,1.8337399541267354,1.8272167964763812,1.8206509698859208,1.8138817554679223,1.8068224458469018,1.7994387725925096,1.7917317160286383,1.7837247736070607,1.7754548851119527,1.766966127645305,1.7583054319455858,1.749519744132231,1.7406542073232592,1.7317510549543984,1.7228489951235406,1.7139829290841355,1.7051838930090533,1.6964791451004624,1.687892343635037,1.6794437782591407,1.6711506287104136,1.6630272335270213,1.6550853572096205,1.6473344484370054,1.6397818848149246,1.6324332016235574,1.6252923033830935,1.6183616579647815,1.6116424735693444,1.6051348592698116,1.598837970039183,1.5927501373018669,1.5868689860957634,1.581191539932338,1.5757143144121826,1.5704334006046599,1.5653445391404084,1.5604431859003003,1.555724570117542,1.5511837456433775,1.5468156360630088,1.542615074287675,1.538576837191983,1.534695675812735,1.530966341576654,1.52738360897964,1.5239422950990835,1.5206372762834715,1.5174635023293497,1.5144160084248532,1.5114899251109635,1.5086804864862409,1.505983036857811,1.503393036020643,1.5009060633283378,1.4985178207017862,1.4962241347066731,1.4940209578172519,1.491904368971027,1.4898705735081512,1.4879159025792428,1.4860368120958314,1.4842298812902575,1.4824918109436513,1.480819421334835,1.4792096499563374,1.4776595490391216,1.4761662829220656,1.4747271252988219,1.473339456369928,1.47200075992552,1.470708620380064,1.4694607197785354,1.4682548347903124,1.4670888337055599,1.4659606734461468,1.4648683966022213,1.4638101285031835,1.4627840743311724,1.4617885162832658,1.4608218107881707,1.45988238578149,1.4589687380436018,1.4580794306025775,1.4572130902047538,1.4563684048542416,1.4555441214226055,1.454739043329483,1.453952028294129,1.4531819861581514,1.452427876778724
GFDL-ESM2M,351,China,TOTEM2,0.7469486868179216,1.5021247766552253,1.8138524042700503,1.9585585685807154,2.038307849900134,2.090985007762819,2.130832268710842,2.163365215147849,2.190862797643536,2.2143894980691172,2.234541504371837,2.2517232601614223,2.2662510540303846,2.2783928040731354,2.288384210429714,2.2964360697896753,2.3027382079744583,2.3074620502193715,2.310762583376592,2.3127799976760652,2.31364112306623,2.3134607107790717,2.31234258628754,2.3103806901024884,2.3076600186305614,2.304257475173059,2.3002426398264695,2.2956784660787277,2.290621911106001,2.2851245060889855,2.279232872260603,2.2729891878506847,2.266431610601005,2.2595946600784234,2.2525095636123504,2.245204569317747,2.237705229335631,2.230034656125672,2.2222137543749936,2.2142614308433406,2.2061947842444654,2.1980292770631715,2.1897788910273324,2.181456267790016,2.173072836228766,2.1646389276363704,2.1561638799544385,2.1476561320929273,2.1391233092787294,2.1305723002872514,2.122009327329099,2.1134400092906267,2.1048694189611497,2.0963021348187802,2.087742287892541,2.079193604169287,2.0706594429696077,2.062142831675758,2.053646497159263,2.045172894221477,2.0367242313322307,2.028302493922745,2.019909465465932,2.011546746554664,2.003215772168084,1.994917827298842,1.9866540610964296,1.978425499668854,1.9702330576690397,1.9620775487825362,1.9539596952206575,1.9458801363133025,1.9378394362877445,1.929838091310464,1.9218765358618064,1.9139551485075044,1.9060742571240683,1.8982341436299255,1.890435048269375,1.8826771734918517,1.874960687465113,1.8672857272569423,1.8596524017167475,1.8520607940859641,1.8445109643628292,1.8370029514445398,1.8295367750685123,1.8221124375715225,1.814729925483759,1.8073892109739809,1.8000902531596543,1.792832999294524,1.7856173858462405,1.7784433394729466,1.771310777909971,1.7642196107742152,1.757169740294085,1.7501610619723234,1.743193465188039,1.736266833743303,1.7293810463600647
GISS-E2-H,351,China,NCARCSM1.4,1.330567807387585,2.545557099557045,2.9047340763877476,2.961464556555764,2.9172365783359813,2.8444505551539887,2.7683166831922352,2.6969315900917916,2.632300121933997,2.574354631056441,2.522404307930582,2.475644144305927,2.4333221462044623,2.3947842933322034,2.359477394634323,2.3269388298761013,2.2967834317750944,2.268690941497912,2.242395019266739,2.217673938565772,2.194342818655751,2.1722471825999263,2.1512576306706594,2.1312654427539957,2.112178950953577,2.093920549345027,2.0764242302188114,2.0596335550733986,2.0434999844278265,2.0279815036567976,2.0130414929392852,1.9986477984267064,1.9847719691970247,1.9713886307330206,1.95847497076698,1.9460103175549435,1.9339757941327764,1.9223540349903732,1.9111289539834342,1.9002855542711545,1.8898097726942142,1.8796883523501071,1.8699087382311246,1.8604589917044634,1.8513277203685243,1.8425040204408518,1.8339774293457587,1.8257378865916079,1.8177757013751363,1.8100815256359153,1.8026463315189747,1.7954613923966671,1.7885182667589494,1.781808784411583,1.7753250345276572,1.7690593551851657,1.7630043240944075,1.7571527502769835,1.7514976665054889,1.74603232235141,1.7407501777200383,1.7356448967762184,1.7307103421855923,1.7259405696120207,1.7213298224253,1.7168725265837803,1.7125632856648927,1.708396876023263,1.7043682420613147,1.7004724916013774,1.696704891351508,1.6930608624595995,1.68953597615232,1.6861259494566407,1.6828266410029789,1.6796340469091169,1.6765442967454474,1.6735536495814556,1.6706584901141062,1.6678553248786436,1.6651407785423253,1.6625115902815675,1.6599646102428012,1.6574967960873044,1.6551052096200263,1.652787013502307,1.6505394680482544,1.6483599281043473,1.6462458400116786,1.6441947386501743,1.642204244563914,1.6402720611665678,1.6383959720260586,1.6365738382268695,1.6348035958092777,1.6330832532837898,1.6314108892195371,1.6297846499051698,1.6282027470807505,1.6266634557391115,1.6251651119951296
GISS-E2-H,351,China,HadGEM2-ES,1.3316657718677651,2.554535225087702,2.9270431165413036,3.000262957807855,2.9739201626634992,2.9191729134428464,2.8604125036624795,2.805235173968723,2.7553746655706024,2.71065179814792,2.6703715565324706,2.633793865075269,2.600273417557829,2.569285363442518,2.5404148855865376,2.5133380439304243,2.4878029235817265,2.4636136133419093,2.4406173255142694,2.4186942927504225,2.3977499376553753,2.3777088432303533,2.358510129082804,2.340103916886404,2.322448636394288,2.305508978381982,2.2892543444656637,2.2736576778006907,2.2586945851395708,2.2443426812479377,2.230581102556539,2.217390149203389,2.2047510241038832,2.192645645007595,2.181056511147916,2.1699666104434696,2.1593593565620997,2.149218547736388,2.1395283412001613,2.130273238634534,2.1214380791750074,2.113008037419599,2.1049686245549872,2.0973056912317745,2.090005431209138,2.0830543850821934,2.0764394436248526,2.0701478504442195,2.0641672037628918,2.0584854572331848,2.053090919750214,2.0479722542750745,2.0431184757095546,2.0385189478836723,2.034163379729313,2.030041820719709,2.026144655656836,2.022462598888158,2.018986688031663,2.0157082772841894,2.012619030383338,2.0097109132880475,2.0069761866375515,2.0044073980430177,2.0019973742608896,1.9997392132919043,1.9976262764449593,1.9956521804005312,1.9938107893041415,1.9920962069166117,1.9905027688442525,1.9890250348689713,1.987657781395398,1.9863959940294709,1.985234860300558,1.9841697625371397,1.9831962709040973,1.9823101366080247,1.9815072852754785,1.9807838105077291,1.980135967614427,1.9795601675275882,1.9790529708963411,1.9786110823621743,1.9782313450136924,1.9779107350192768,1.977646356435638,1.9774354361897095,1.977275319231019,1.9771634638513984,1.9770974371685872,1.9770749107700938,1.9770936565135662,1.9771515424797184,1.9772465290738321,1.9773766652717675,1.9775400850063356,1.9777350036899597,1.9779597148694523,1.9782125870088245,1.978492060396032
GISS-E2-H,351,China,MPI-ESM,1.3361244990433319,2.5791030133567294,2.969356553949155,3.0518609239452825,3.0265331947182537,2.9664047019286497,2.8978772225680265,2.8302428847256844,2.7665396954275034,2.7075412310291416,2.6532208934258152,2.603287442214703,2.557379167995819,2.51513275776586,2.4762063072225073,2.440285686359967,2.407084981607189,2.3763449402198678,2.347830843792447,2.3213303201372577,2.296651266702041,2.2736199364150145,2.2520791930863386,2.2318869285035228,2.212914628844975,2.195046077281182,2.1781761801749067,2.162209905232049,2.147061320970786,2.1326527278566547,2.1189138723602743,2.105781236024007,2.0931973923784497,2.0811104252320742,2.0694734024761012,2.058243900105298,2.0473835716619364,2.0368577587673475,2.0266351388195725,2.0166874063101603,2.006988984551307,1.9975167649113856,1.988249870933674,1.9791694449636583,1.9702584551369275,1.9615015207851507,1.9528847545021548,1.9443956192808292,1.9360227992826569,1.9277560829392617,1.9195862572092695,1.911505011926131,1.903504853274387,1.8955790255231952,1.8877214402295213,1.8799266121983393,1.8721896015552864,1.8645059613484842,1.8568716901523963,1.8492831891961627,1.8417372235851346,1.8342308872249673,1.826761571095144,1.8193269345524898,1.811924879375451,1.8045535262880485,1.7972111937265687,1.789896378635423,1.782607739098336,1.7753440786300159,1.7681043319698224,1.7608875522340868,1.7536928992976355,1.7465196292872294,1.739367085080567,1.7322346877155657,1.725121928622383,1.7180283626000572,1.7109536014667688,1.7038973083192348,1.6968591923433078,1.6898390041231304,1.6828365314011824,1.6758515952463369,1.6688840465909307,1.6619337631015416,1.6550006463517997,1.6480846192681518,1.6411856238228868,1.6343036189503755,1.6274385786655619,1.6205904903651511,1.6137593532942494,1.606945177162431,1.6001479808951289,1.5933677915073412,1.5866046430879035,1.579858575883865,1.5731296354753335,1.5664178720320778,1.5597233396441945
GISS-E2-H,351,China,Bern3D-LPJ(ensemblemedian),1.333735141600922,2.566981203357321,2.9512641723001334,3.035072239922953,3.017955282873761,2.9715133279654835,2.920616138020462,2.8732190242426436,2.8312799519912737,2.7947337323858608,2.7629198327683784,2.735079766287193,2.7105173692282434,2.688639277594998,2.6689547686089283,2.6510634552445222,2.6346407957474516,2.619424660218328,2.6052038021949437,2.5918082660121478,2.5791015120004297,2.5669739924259796,2.555337927532411,2.5441230652763287,2.5332732439263506,2.522743608530063,2.5124983592532772,2.5025089319957963,2.4927525300938194,2.4832109409771057,2.4738695839442197,2.4647167452473115,2.4557429648535747,2.446940545912697,2.438303163387512,2.42982555272587,2.4215032630513447,2.4133324622807035,2.4053097839604525,2.3974322075544694,2.389696965491937,2.3821014715668354,2.3746432663214705,2.367319975892331,2.3601292814823926,2.3530688971805866,2.3461365542996493,2.3393299907686673,2.332646944411553,2.326085149181198,2.3196423336112244,2.3133162209023395,2.3071045301846667,2.3010049785978195,2.2950152839102524,2.289133167463697,2.2833563572794455,2.2776825912037544,2.2721096200017397,2.2666352103343583,2.261257147572859,2.2559732384205007,2.2507813133230834,2.2456792286591947,2.240664868707594,2.2357361473944524,2.23089100982693,2.226127433621887,2.2214434300405075,2.2168370449408785,2.2123063595605332,2.207849491142018,2.203464593413614,2.1991498569378796,2.1949035093393516,2.19072381542315,2.1866090771947713,2.182557633791184,2.1785678613327666,2.1746381727043618,2.1707670172739455,2.166952880555853,2.1631942838257556,2.159489783693218,2.1558379716379084,2.1522374735142495,2.148686949029388,2.1451850911988504,2.141730625783332,2.1383223107105884,2.1349589354850513,2.131639320588394,2.1283623168731816,2.1251268049521985,2.121931694585081,2.118775924064427,2.1156584596026047,2.112578294720827,2.109534449641821,2.1065259706868487,2.103551929678421
GISS-E2-H,351,China,Bern2.5D-LPJ,1.3141461442654008,2.4574521705913193,2.7562169444677247,2.7826660365513476,2.7347693501778556,2.676863239625082,2.626870187293817,2.587501993073691,2.5571390135215446,2.5334251327966673,2.5143137622136806,2.4982649466626046,2.4841905093993635,2.471347477935295,2.4592403071025792,2.4475452296967024,2.4360555712817695,2.4246434800159604,2.4132335989936022,2.401785134991554,2.3902797284611945,2.3787132939078273,2.3670905624904512,2.355421456882335,2.3437187047759482,2.3319962872482094,2.320268447897143,2.3085490770018495,2.296851345023421,2.2851875005578166,2.27356877553138,2.262005359195806,2.250506415190055,2.2390801245364282,2.2277337432474074,2.2164736671369254,2.2053054990634062,2.194234115596919,2.18326373127923,2.1723979594249396,2.1616398689228147,2.1509920368272284,2.1404565967393023,2.1300352831061904,2.1197294716423887,2.1095402161168884,2.099468281767369,2.089514175605026,2.0796781738673413,2.0699603468642156,2.0603605814480734,2.0508786013225886,2.0415139853880135,2.032266184305144,2.0231345354442922,2.0141182763711147,2.005216557007552,1.9964284505934307,1.9877529635628697,1.9791890444388505,1.9707355918398015,1.9623914616830977,1.954155473662449,1.9460264170688628,1.9380030560181924,1.9300841341423984,1.9222683787962005,1.914554504825711,1.906941217941574,1.899427217734662,1.892011200369039,1.8846918609834742,1.8774678958298723,1.8703380041741555,1.8633008899828432,1.8563552634162312,1.849499842147215,1.8427333525227316,1.8360545305835232,1.829462122956066,1.8229548876294868,1.8165315946287437,1.810191026594651,1.80393197927994,1.7977532619698877,1.7916536978351738,1.78563212422388,1.779687392898863,1.7738183702261479,1.7680239373194642,1.7623029901455662,1.7566544395943728,1.7510772115178683,1.745570246740998,1.7401325010477635,1.7347629451451139,1.7294605646073324,1.7242243598030116,1.7190533458067032,1.7139465522970971,1.7089030234433555
GISS-E2-H,351,China,CLIMBER2-LPJ,1.3271811539265392,2.5232018217261842,2.8575519033559216,2.8892096983648305,2.8218623708782746,2.7287597490855173,2.635396707698691,2.549898670904851,2.474172530996364,2.407985318688199,2.350444379208336,2.300524408859334,2.257246258647959,2.2197297054307588,2.1872016472345344,2.1589894422409626,2.1345101119828107,2.113259169359149,2.094800296973302,2.078756190497507,2.064800565499531,2.0526512260139493,2.042064070253609,2.0328279124645356,2.024760011619516,2.0177022108798655,2.011517604321697,2.006087658681594,2.001309727737239,1.9970949054954463,1.9933661717571713,1.9900567900130173,1.98710892312886,1.9844724370289333,1.982103866677356,1.9799655221882195,1.9780247159377649,1.9762530941760366,1.9746260588981963,1.973122267686926,1.9717232009202903,1.9704127871907888,1.9691770790334047,1.9680039721401985,1.9668829621709525,1.9658049340728554,1.9647619795159927,1.9637472386497812,1.9627547629019741,1.961779395987682,1.9608166706805343,1.9598627192303846,1.9589141955986586,1.9579682079301202,1.9570222598937366,1.9560741997098297,1.955122175840544,1.9541645984582363,1.953200105925677,1.9522275356247905,1.9512458985597014,1.9502543572366882,1.9492522063902373,1.9482388561818247,1.94721381754793,1.9461766894166046,1.9451271475494438,1.944064934797736,1.9429898525898914,1.9419017534908176,1.9408005346955406,1.939686132336958,1.9385585165034322,1.9374176868760093,1.9362636689059565,1.9350965104646796,1.9339162789058448,1.9327230584882358,1.9315169481137409,1.930298059341333,1.9290665146426247,1.9278224458688327,1.9265659929033672,1.9252973024767956,1.9240165271247118,1.9227238242705427,1.9214193554186336,1.9201032854437503,1.9187757819657838,1.9174370147990474,1.9160871554675571,1.914726376778249,1.9133548524452069,1.9119727567591107,1.9105802642962384,1.9091775496627845,1.9077647872699028,1.9063421511363983,1.904909814715385,1.9034679507425605,1.90201673110324
GISS-E2-H,351,China,DCESS,1.3253168149794676,2.5188274485005175,2.8636481772689413,2.9195042625516128,2.886246110306622,2.832896695430177,2.781513040171822,2.737739016490213,2.7018231464345206,2.672506607981435,2.6483305899108793,2.628025747095133,2.6105874139816287,2.595252664653491,2.58145425583153,2.5687757364999495,2.556914184356817,2.545651103674261,2.5348303095087057,2.5243413445722456,2.514107133521158,2.5040748320750583,2.4942090660966585,2.4844869510319887,2.4748944342394155,2.4654236184885248,2.4560708120068866,2.446835115630531,2.4377174062545937,2.4287196120261743,2.4198442017076234,2.4110938307181824,2.402471101295845,2.3939784053217927,2.385617826597175,2.3773910854844416,2.369299513368399,2.3613440477582346,2.35352524134424,2.345843280165193,2.3382980074018263,2.3308889503127923,2.3236153485645894,2.316476182744705,2.3094702022392646,2.3025959519404733,2.295851797453531,2.2892359486185114,2.2827464812653564,2.2763813571913496,2.2701384423986366,2.2640155236607606,2.2580103235070035,2.2521205137240314,2.2463437274794273,2.2406775701724273,2.2351196291151236,2.2296674821433853,2.2243187052517164,2.219070879340459,2.2139215961577303,2.2088684635123177,2.2039091098277654,2.1990411881021443,2.1942623793324088,2.1895703954572303,2.1849629818670633,2.18043791952639,2.175993026747946,2.171626160656214,2.167335218372694,2.1631181379535263,2.158972899106046,2.154897523709267,2.150890076159842,2.146948663563966,2.1430714357927667,2.139256585417461,2.1355023475391004,2.1318069995254936,2.1281688606676537,2.1245862917658056,2.1210576946549353,2.117581511677934,2.11415622511447,2.1107803565718526,2.10745246634462,2.1041711527477274,2.1009350514287313,2.09774283466284,2.0945932106352023,2.0914849227134056,2.088416748713504,2.0853875001623488,2.082396021558269,2.0794411896327025,2.076521912614066,2.073637129496088,2.070785809311439,2.06796695041244,2.065179579759396
GISS-E2-H,351,China,GENIE(ensemblemedian),1.3235750277985836,2.504717250182441,2.8290380817672443,2.860184208410527,2.8008864649579994,2.722068671600534,2.6469308702406065,2.5817224114322506,2.5269364508686905,2.481328130596773,2.4433135402415513,2.4114216027709574,2.384410610687895,2.3612717420878844,2.341199197669899,2.323554553614496,2.3078341319888267,2.2936415568463846,2.2806654459194955,2.268661547744748,2.2574385380873006,2.2468467647755617,2.2367693453535544,2.2271151338077426,2.21781316879586,2.2088082947869805,2.2000577111273305,2.191528254820537,2.183194263178326,2.175035894530176,2.1670378105754384,2.1591881440843337,2.1514776915951064,2.1438992833799517,2.136447292950044,2.1291172562851512,2.121905577239256,2.11480930053236,2.1078259376618496,2.1009533341707938,2.094189569164249,2.0875328799049075,2.080981605852347,2.074534147720455,2.0681889380837513,2.061944420816755,2.05579903724522,2.0497512173558574,2.043799374779697,2.037941904553858,2.0321771828934283,2.026503568383851,2.0209194041430742,2.0154230206121313,2.0100127387171494,2.004686873211942,1.999443736061423,1.9942816397650192,1.989198900549958,1.984193841386864,1.9792647947978226,1.974410105440116,1.9696281324582978,1.9649172516048097,1.9602758571338552,1.9557023634774005,1.9511952067137666,1.9467528458416965,1.9423737638724972,1.9380564687540913,1.9337994941400805,1.929601400017138,1.9254607732030036,1.9213762277272561,1.917346405105981,1.9133699745208903,1.9094456329128424,1.9055721049985486,1.901748143219077,1.8979725276277049,1.8942440657241015,1.8905615922414774,1.8869239688921917,1.8833300840773952,1.8797788525654329,1.8762692151432219,1.8728001382448345,1.8693706135604817,1.8659796576292964,1.8626263114187371,1.8593096398931124,1.8560287315736619,1.8527826980920967,1.8495706737395121,1.846391815012264,1.8432453001563973,1.8401303287116653,1.8370461210564835,1.8339919179547615,1.8309669801053854,1.8279705876953674
GISS-E2-H,351,China,LOVECLIM,1.3180303667236495,2.479700401807443,2.7957108394341996,2.8317534511850635,2.7849818069885526,2.720882253083869,2.6590222971258743,2.6036984302399135,2.554632418771243,2.5105334688382506,2.470168502971803,2.432601234096831,2.3971805898745018,2.363472467293039,2.3311935420485588,2.300160587045319,2.270254994842134,2.2413990039617815,2.2135401577500304,2.186641311622705,2.1606742949076505,2.1356159471590557,2.111445682757776,2.0881440314288615,2.0656917968548374,2.044069602817108,2.0232576789511643,2.0032357916555887,1.983983260161285,1.965479019937061,1.9477017098321032,1.9306297684555442,1.9142415310928127,1.8985153221338338,1.8834295403006813,1.8689627354002392,1.8550936762071049,1.8418014096056063,1.8290653114189703,1.8168651295105465,1.8051810198119753,1.793993575949004,1.7832838531206092,1.773033386853453,1.763224207211142,1.7538388489918622,1.7448603584004947,1.7362722966361455,1.7280587407924375,1.720204282428083,1.7126940241277702,1.7055135743394556,1.6986490407435697,1.692087022381223,1.685814600743491,1.6798193300007125,1.6740892265306047,1.6686127578851524,1.6633788313196765,1.658376781992923,1.653596360933267,1.6490277228545183,1.6446614138938087,1.6404883593349537,1.6364998513717057,1.6326875369579938,1.6290434057854761,1.6255597784225573,1.6222292946437105,1.6190449019736317,1.615999844465683,1.613087651731098,1.610302128232134,1.6076373428488013,1.6050876187268954,1.6026475234128912,1.60031185927845,1.5980756542368793,1.5959341527511697,1.5938828071327098,1.5919172691287329,1.590033381794914,1.5882271716494096,1.5864948411039475,1.5848327611664046,1.583237464409407,1.5817056381992456,1.5802341181781903,1.5788198819943635,1.5774600432719188,1.5761518458149204,1.5748926580382105,1.573679967617972,1.5725113763551979,1.5713845952454288,1.5702974397474625,1.5692478252444788,1.5682337626911227,1.5672533544395628,1.5663047902382747,1.5653863433975086
GISS-E2-H,351,China,MESMO,1.3195176380532372,2.495066731436128,2.8375573929714895,2.9073590884855958,2.897167187279779,2.869719747837944,2.8431693006297363,2.8212242234423033,2.803467492804028,2.788684649209968,2.775803498001093,2.7640668736308767,2.7529911952140522,2.742287540199646,2.7317940565288663,2.7214278192136385,2.711153117699034,2.7009614179255497,2.6908590310496283,2.680859680314384,2.6709801132846254,2.661237580190948,2.6516484427377485,2.642227460014429,2.632987474385023,2.6239393290403874,2.6150919156145753,2.6064522909863324,2.5980258271489918,2.5898163730394352,2.5818264162764932,2.5740572381996776,2.5665090588418766,2.5591811703803784,2.552072058716293,2.545179513453647,2.538500726880467,2.5320323827133753,2.525770735425848,2.519711680980738,2.513850819757506,2.5081835124168883,2.5027049293918844,2.4974100946376474,2.492293924217469,2.4873512602501497,2.4825769006943283,2.477965625400759,2.473512218821465,2.4692114897271646,2.465058288249935,2.4610475205365434,2.4571741612700655,2.4534332642913688,2.449819971529117,2.4463295204261097,2.4429572500305516,2.4396986059042374,2.4365491439837283,2.433504533517217,2.430560559186768,2.427713122514569,2.424958242641668,2.4222920565581516,2.4197108188558665,2.417210901066873,2.414788790644378,2.4124410896367854,2.41016451309993,2.4079558872875673,2.4058121476561936,2.4037303367157836,2.4017076017545875,2.3997411924632743,2.397828458480224,2.3959668468777604,2.3941538996061795,2.3923872509109914,2.3906646247365013,2.3889838321270394,2.3873427686362865,2.3857394117530863,2.384171818351434,2.3826381221708464,2.3811365313329014,2.3796653258983698,2.378222855468738,2.376807536835597,2.3754178516802,2.3740523443255332,2.372709619542201,2.371388340409598,2.370087226233148,2.3688050505178624,2.3675406389988547,2.366292867728509,2.365060661220244,2.363842990648272,2.36263887210307,2.36144736490171,2.360267569952113
GISS-E2-H,351,China,UVic2.9,1.32201087027372,2.49661555559773,2.8161147538642557,2.845905800575806,2.788186017341682,2.7128916676880643,2.642341404960426,2.5821334480407163,2.532326580437427,2.4914109832671265,2.4576596444981074,2.429541528337248,2.4058090941840473,2.385481002781023,2.36779777664806,2.3521763537689795,2.3381710253619956,2.3254419371052326,2.3137303765517725,2.3028396303316407,2.2926202488744005,2.2829587420446895,2.273768924741693,2.2649853013521195,2.2565580156149654,2.2484490008682467,2.2406290499074712,2.233075588771597,2.2257709888983537,2.2187012906382657,2.2118552407371657,2.205223569146715,2.198798447989814,2.192573088914966,2.1865414453619048,2.180697994153001,2.1750375768766017,2.169555286167568,2.1642463855439944,2.1591062541802577,2.1541303500786295,2.1493141866933376,2.1446533192767774,2.140143338144867,2.135779866765123,2.131558563108411,2.127475123113003,2.123525285418573,2.1197048367607336,2.1160096175923115,2.1124355276286835,2.108978531112595,2.105634661666175,2.102400026651066,2.099270810996086,2.0962432804794533,2.093313784471956,2.090478758160564,2.087734724280658,2.0850782943902835,2.082506169722668,2.080015141654207,2.0776020918250984,2.0752639919485496,2.072997903343013,2.070800976219864,2.0686704487567713,2.0666036459847636,2.064597978514648,2.0626509411263285,2.0607601112423275,2.0589231473047973,2.0571377870734713,2.055401845860136,2.053713214713562,2.0520698585674264,2.0504698143622195,2.048911189150933,2.047392158197227,2.0459109630735752,2.044465909766126,2.04305536679196,2.041677763333897,2.04033158739701,2.039015383990686,2.037727753339268,2.036467349123995,2.035232876758404,2.0340230916989603,2.0328367977924247,2.0316728456610575,2.030530131126481,2.0294075936728855,2.028304214949892,2.027219017315328,2.0261510624179486,2.0250994498199484,2.024063315659094,2.023041831350096,2.0220342023247753,2.0210396668105357
GISS-E2-H,351,China,ACC2,1.3238792521093385,2.5078378632982723,2.837513900078675,2.875333770955978,2.822854812720679,2.7501519843841473,2.679902870831928,2.618090389691539,2.5651216685249723,2.519784021396572,2.480597621027706,2.4462347515236385,2.415614228223061,2.387890491961972,2.362414783169008,2.338694313975,2.3163570185946734,2.295123177118349,2.2747832480543035,2.255180793306704,2.2361994189454135,2.2177528270169296,2.1997772570873977,2.182225755547708,2.1650638395124617,2.1482662231508263,2.1318143524093567,2.1156945541167276,2.0998966514416595,2.0844129328389345,2.069237388485964,2.054365148729638,2.0397920747249265,2.0255144633969735,2.0115288379738794,1.9978318022866688,1.9844199423288444,1.971289762600737,1.9584376478331602,1.9458598430185674,1.9335524464505225,1.9215114118173362,1.909732556414268,1.8982115733093896,1.8869440458794238,1.875925463569568,1.865151238059418,1.854616719262718,1.8443172107708383,1.834247984485067,1.8244042942815342,1.8147813886246607,1.8053745220964201,1.7961789658452865,1.787190016983411,1.7784030069774714,1.7698133090888972,1.7614163449250875,1.753207590165977,1.745182579530524,1.7373369110465626,1.729666249685078,1.7221663304169237,1.7148329607465824,1.707662022773979,1.7006494748315732,1.6937913527402837,1.6870837707244393,1.680522922022367,1.6741050792259868,1.6678265943801525,1.6616838988691074,1.655673503115439,1.64979199611414,1.6440360448222076,1.6384023934225738,1.632887862478789,1.6274893479956916,1.622203820399532,1.6170283234495517,1.6119599730921659,1.6069959562671758,1.6021335296750474,1.5973700185127229,1.5927028151851914,1.588129377998837,1.5836472298420203,1.5792539568579755,1.574947207114052,1.5707246892713569,1.5665841712580657,1.562523478949207,1.5585404948558197,1.5546331568253522,1.5507994567555647,1.547037439323491,1.543345200730807,1.5397208874670922,1.536162695091717,1.5326688670355215,1.5292376934227239
GISS-E2-H,351,China,Bern-SAR,1.3265974869590829,2.523620857020095,2.8668179401268397,2.915021105101976,2.8696217643526256,2.801433120677285,2.7339490124506516,2.6738170008266438,2.6219264926847137,2.577392047485602,2.5389437462294766,2.5053799535906927,2.4756879112174643,2.44905212799926,2.42482932308989,2.4025171974304937,2.3817257381046675,2.3621532155321385,2.343566851513412,2.3257875102045036,2.308677672392493,2.2921320283037017,2.276070136828779,2.26043070719291,2.245167151152788,2.2302441286233776,2.215634869252625,2.2013190995331255,2.1872814420487154,2.17351018249245,2.1599963228529977,2.146732856996076,2.1337142188289238,2.1209358641647147,2.10839395595641,2.0960851292602323,2.0840063175215295,2.072154625865716,2.060527240273357,2.049121364013695,2.037934174659206,2.026962796522363,2.016204284539566,2.0056556165485664,1.9953136916217906,1.985175332674463,1.975237291997255,1.9654962586970606,1.9559488672866778,1.9465917068627097,1.9374213304629677,1.9284342643109194,1.9196270167434155,1.910996086684517,1.9025379715789323,1.8942491747355419,1.8861262120594395,1.8781656181705149,1.8703639519209923,1.8627178013340584,1.8552237879920546,1.847878570906869,1.8406788499070508,1.8336213685772236,1.8267029167848086,1.8199203328285893,1.8132705052418874,1.8067503742818394,1.800356933134,1.794087228860037,1.7879383631139267,1.7819074926503504,1.775991829646972,1.7701886418606965,1.7644952526360975,1.758909040782587,1.7534274403357075,1.7480479402161124,1.7427680837989339,1.7375854684046166,1.7324977447216954,1.727502616170587,1.722597838216785,1.7177812176408673,1.7130506117721889,1.7084039276922158,1.7038391214128532,1.6993541970348045,1.6949472058900974,1.690616245672829,1.6863594595613816,1.6821750353353484,1.6780612044898595,1.6740162413495452,1.6700384621845312,1.6661262243301398,1.6622779253120605,1.6584920019782916,1.6547669296393037,1.6511012212173262,1.647493426405855
GISS-E2-H,351,China,MAGICC6(ensemblemedian),1.323950590555131,2.510893962895613,2.8484317916409636,2.8974303784661957,2.857437642370107,2.797022000910175,2.7379556269723575,2.685787491177717,2.640807026381326,2.601874602065785,2.567685612757818,2.5371317958335435,2.509360033068935,2.483741040386162,2.459820059058303,2.4372717633826717,2.415864469167734,2.3954333031248294,2.3758606262691013,2.357061951524778,2.3389758984172864,2.3215570697077865,2.304771025710433,2.288590757195033,2.272994225161193,2.2579626578417056,2.2434793834727755,2.2295290407517627,2.216097054339501,2.2031692952826276,2.190731869478317,2.1787709939066615,2.1672729322023034,2.1562239695798096,2.145610413136606,2.1354186078272113,2.1256349614299346,2.1162459739678754,2.1072382685543936,2.0985986216908903,2.090313991782271,2.0823715451452234,2.074758679133378,2.067463042238269,2.0604725511801263,2.0537754051014807,2.0473600970366483,2.041215422863466,2.03533048795876,2.029694711781924,2.024297830605962,2.019129898605392,2.0141812874975287,2.009442684919262,2.004905091706489,2.0005598182285476,1.9963984799155021,1.9924129921026388,1.988595564303581,1.9849386940116585,1.9814351601182691,1.9780780160269462,1.9748605825328112,1.9717764405288785,1.968819423593187,1.9659836105041009,1.9632633177249967,1.960653091894409,1.9581477023523886,1.955742133729957,1.9534315786246428,1.951211430381067,1.9490772759934816,1.9470248891433306,1.9450502233835327,1.9431494054780836,1.9413187289046736,1.9395546475252878,1.9378537694294424,1.9362128509522518,1.9346287908695652,1.9330986247703392,1.931619519606572,1.9301887684194505,1.9288037852406974,1.927462100166527,1.9261613546022684,1.9248992966742355,1.9236737768061225,1.9224827434560041,1.921324239010739,1.9201963958333985,1.9190974324603123,1.918025649943093,1.9169794283320405,1.9159572232963376,1.9149575628770048,1.9139790443686,1.9130203313251088,1.9120801506863654,1.9111572900204519
GISS-E2-H,351,China,TOTEM2,1.2229857597982816,2.418426415518283,2.867607800508331,3.0405042069406925,3.1101800765664884,3.1404565928519736,3.154951905965623,3.1624810091916413,3.1664010953600132,3.1680506651498446,3.168015739292069,3.1665966084861688,3.163980388466675,3.1603052662016644,3.1556848285270114,3.150217639914338,3.143991333964977,3.13708463256775,3.1295685537812123,3.121507277012503,3.112958842081931,3.1039757509473693,3.0946055008361744,3.0848910624804198,3.074871311316255,3.0645814170936068,3.0540531962107957,3.0433154304518695,3.032394155372938,3.0213129212426812,3.010093029155604,2.998753744682822,2.9873124911989715,2.975785024819014,2.964185592695667,2.9525270762604023,2.940821120840507,2.9290782529492083,2.917307986421524,2.9055189184569685,2.8937188165298764,2.8819146970359353,2.8701128964616998,2.8583191357881788,2.8465385787719057,2.8347758846870836,2.823035256054725,2.811320481836335,2.799634976523348,2.7879818155131626,2.7763637671247583,2.7647833215734092,2.7532427171943015,2.7417439641765036,2.7302888660439875,2.718879039098084,2.7075159300156013,2.6962008317774457,2.6849348980872105,2.6737191564224503,2.662554519849878,2.6514417977208895,2.6403817053544705,2.6293748728038633,2.6184218527936234,2.607523127906585,2.596679117091085,2.585890181554458,2.5751566300995457,2.564478723958415,2.5538566811705863,2.5432906805486137,2.5327808652710493,2.522327346137775,2.5119302045193552,2.501589495030258,2.4913052479517046,2.4810774714278523,2.4709061534569337,2.460791263696776,2.4507327551025,2.4407305654120557,2.4307846184938544,2.4208948255700795,2.4110610863271913,2.4012832899238985,2.391561315907026,2.381895035043632,2.3722843100769317,2.3627289964139195,2.3532289427507953,2.3437839916416148,2.334393980016797,2.325058739654254,2.315778097609617,2.3065518766082134,2.2973798954024622,2.288261969098308,2.2791979094535417,2.2701875251501478,2.261230622043748
GISS-E2-R,351,China,NCARCSM1.4,1.3424697290645786,2.5464236606456994,2.877324449061127,2.903102753611053,2.830061549014935,2.7319130358601424,2.633960710081993,2.5440053050003115,2.4636623063885885,2.3924822089513826,2.329430442297691,2.273402100421571,2.223386672880383,2.1785082270444294,2.138023259179199,2.101305863587179,2.067830632428433,2.037156706833055,2.008913897925629,1.9827909341381305,1.9585256222026866,1.9358966502163495,1.914716772573992,1.894827148197277,1.876092637860146,1.8583978978977647,1.8416441347832224,1.8257464080015133,1.8106313878158402,1.796235490459376,1.782503326515553,1.7693864092222042,1.7568420785318206,1.7448326043015607,1.7333244382376443,1.722287589400963,1.711695102376388,1.7015226207696035,1.691748021647762,1.6823511089882779,1.6733133562298523,1.6646176897029605,1.656248306112984,1.6481905184065946,1.6404306253126324,1.6329558006449316,1.6257539991156007,1.6188138759555786,1.6121247180943874,1.60567638502867,1.599459257822677,1.5934641949443153,1.5876824938563163,1.5821058574621316,1.5767263646549743,1.571536444342718,1.5665288524244239,1.561696651280011,1.5570331914059876,1.552532094889511,1.5481872404626105,1.5439927499193733,1.5399429757136236,1.5360324895829305,1.5322560720688931,1.5286087028235813,1.5250855516087218,1.5216819699082131,1.5183934830862205,1.515215783032984,1.5121447212486898,1.5091763023226425,1.5063066777709215,1.5035321402004937,1.5008491177721266,1.4982541689374942,1.4957439774296315,1.4933153474876164,1.4909651992990478,1.4886905646455324,1.4864885827380079,1.4843564962301181,1.482291647398961,1.480291474483629,1.4783535081727772,1.476475368233223,1.4746547602722964,1.4728894726272084,1.4711773733752034,1.4695164074587868,1.4679045939206725,1.4663400232434185,1.464820854789279,1.4633453143355355,1.4619116917016783,1.46051833846423,1.459163665755707,1.4578461421442586,1.4565642915907204,1.4553166914799822,1.4541019707237415
GISS-E2-R,351,China,HadGEM2-ES,1.3435790416988227,2.5554535040910786,2.8996588859608794,2.941763573995273,2.886275479217771,2.805659253674855,2.7244117150290545,2.6498555433751045,2.58336224739342,2.524399119112121,2.471954620373798,2.4250135643961,2.38269375748287,2.34426664344334,2.309141900116155,2.276843911980207,2.2469892383057215,2.2192675377825934,2.1934261619834885,2.169257958559675,2.146591698764654,2.1252845909993767,2.105216431920832,2.0862850359230958,2.0684026602150603,2.0514932046108307,2.0354900141059495,2.0203341506270744,2.0059730301813774,1.9923593448170938,1.9794502068041762,1.9672064664085922,1.9555921654683004,1.9445740973850485,1.9341214506692541,1.9242055182378985,1.9147994585958026,1.9058780980827585,1.8974177657400686,1.8893961541927091,1.8817922013761086,1.8745859890512317,1.867758654919489,1.8612923158250871,1.855170000059775,1.849375587196584,1.8438937542009122,1.8387099268192137,1.8338102354430625,1.8291814748015274,1.8248110669569704,1.8206870271758642,1.816797932322564,1.813132891484676,1.8096815185869988,1.8064339067897763,1.803380604498204,1.800512592835252,1.7978212644504696,1.7952984035541502,1.79293616708009,1.7907270668916293,1.7886639529552477,1.7867399974140759,1.7849486795004954,1.7832837712328686,1.7817393238464905,1.7803096549132158,1.7789893361080171,1.7777731815841489,1.7766562369215095,1.7756337686154766,1.7747012540758718,1.7738543721078466,1.773088993848372,1.7724011741338728,1.7717871432760315,1.7712432992243357,1.7707662000952518,1.7703525570491456,1.7699992274972287,1.7697032086218454,1.7694616311943878,1.7692717536760663,1.7691309565875741,1.7690367371344515,1.7689867040757592,1.7689785728242748,1.7690101607670927,1.769079382796125,1.7691842470385484,1.7693228507777155,1.7694933765556564,1.7696940884486172,1.7699233285076412,1.7701795133565308,1.770461130939928,1.7707667374146427,1.7710949541776697,1.7714444650246615,1.77181401343294
GISS-E2-R,351,China,MPI-ESM,1.3480832937822156,2.5801352225751946,2.9418846741657694,2.9928334847682803,2.937810172684058,2.851272923557032,2.7598146934043153,2.672504992556692,2.592042935434769,2.5188521135455852,2.4525797720214166,2.392641852972641,2.338417721242667,2.289316630791644,2.2447975570073497,2.2043723647892373,2.167603285472503,2.1340986926766092,2.1035086032223385,2.075520390469527,2.0498548560256036,2.0262626837197186,2.004521258000224,1.9844318163876866,1.965816903536389,1.9485180959524813,1.9323939689877203,1.9173182804793905,1.903178348033494,1.8898735993575961,1.8773142772260079,1.8654202826128399,1.8541201412779744,1.8433500806549008,1.8330532052884565,1.823178760320113,1.8136814736364302,1.804520968294635,1.7956612377319856,1.7870701770634203,1.778719164484491,1.7705826874341457,1.7626380087410713,1.7548648684860604,1.7472452177675555,1.73976298096424,1.7324038434507905,1.7251550620482237,1.7180052957796186,1.7109444547613062,1.703963565290924,1.6970546494005858,1.6902106173284468,1.6834251715265598,1.6766927209708857,1.6700083046708638,1.6633675233938523,1.6567664787246539,1.6502017186748503,1.6436701891398955,1.6371691905776447,1.630696339348466,1.6242495332171893,1.6178269205706033,1.6114268729517212,1.6050479605551944,1.5986889303656509,1.5923486866555052,1.5860262735885382,1.579720859703202,1.5734317240735236,1.5671582439671845,1.5608998838398727,1.5546561855221157,1.5484267594699839,1.5422112769657015,1.536009463165206,1.5298210909017362,1.523645975163982,1.5174839681758403,1.5113349550130655,1.5051988496987874,1.4990755917261218,1.4929651429618491,1.4868674848899293,1.4807826161580158,1.4747105503943494,1.4686513142655255,1.4626049457493893,1.4565714925993343,1.4505510109795654,1.4445435642525606,1.4385492219023899,1.4325680585789247,1.4266001532499546,1.4206455884493994,1.4147044496110894,1.4087768244788959,1.4028628025848187,1.3969624747875553,1.3910759328650677
GISS-E2-R,351,China,Bern3D-LPJ(ensemblemedian),1.3456695849399514,2.56796088353495,2.9238588278455926,2.9763320406416574,2.9297415630881836,2.8570242345697525,2.783177212349891,2.7158954283958936,2.656781409858269,2.6054192670073992,2.560832696312676,2.521988080571518,2.487952394694825,2.4579290984640982,2.431253207317789,2.407374664442513,2.3858401195390213,2.3662763349903297,2.3483759985981245,2.3318858982772888,2.3165971718112757,2.3023373052489178,2.2889635794892715,2.2763577072255345,2.2644214451026947,2.253073003694756,2.242244109798427,2.231877601972979,2.221925461984479,2.2123472026085285,2.203108546797978,2.194180345112758,2.1855376880228814,2.177159177629637,2.1690263298307144,2.161123083248325,2.153435395563269,2.145950911430129,2.138658689034344,2.1315489747095318,2.1246130169598043,2.117842912806053,2.111231480661545,2.104772154993949,2.0984588988902453,2.0922861313440317,2.086248666659216,2.0803416638342838,2.0745605841757078,2.068901155703774,2.063359343171475,2.0579313227280145,2.052613460430881,2.047402293952155,2.0422945169402102,2.0372869655932075,2.0323766070785774,2.0275605294966024,2.022835933138703,2.018200122834135,2.013650501214216,2.0091845627523903,2.0047998884623004,2.000494141156052,1.9962650611808606,1.9921104625658985,1.9880282295223426,1.9840163132485762,1.9800727290002793,1.9761955533916786,1.9723829218988571,1.9686330265411935,1.964944113719877,1.9613144821962114,1.95774248119419,1.9542265086148067,1.9507650093505926,1.9473564736908109,1.9439994358091093,1.9406924723259449,1.9374342009398366,1.9342232791214145,1.9310584028656994,1.9279383054978962,1.924861756529181,1.9218275605586954,1.918834556218821,1.9158816151610774,1.9129676410797927,1.9100915687717355,1.9072523632292444,1.9044490187653393,1.901680558168824,1.8989460318881108,1.8962445172420246,1.8935751176566267,1.890936961926523,1.888329203499697,1.8857510197849185,1.8832016114804653,1.880680201923631
GISS-E2-R,351,China,Bern2.5D-LPJ,1.3258805415924966,2.4579176826049096,2.7291493468187573,2.7262008997487763,2.6513864869338577,2.569957384363085,2.499676202521138,2.442829456637664,2.3973656764013005,2.3605589267588094,2.330061656719119,2.3040916283255695,2.281364494250822,2.260976428078487,2.2422980213303028,2.2248924669386207,2.2084563644495896,2.192778149149411,2.1777093268324696,2.163144717031012,2.149008932054455,2.135247136961817,2.121818735980096,2.108693055280301,2.0958463864422634,2.0832599572189903,2.07091853448059,2.058809458478149,2.0469219717363596,2.0352467495359425,2.023775568633108,2.0125010710504383,2.0014165935019923,1.9905160423538073,1.9797938003749838,1.9692446558602332,1.958863747651111,1.9486465215922117,1.9385886953294853,1.9286862292953182,1.9189353023667057,1.9093322911238106,1.8998737519398363,1.8905564053432489,1.8813771222397497,1.8723329116837288,1.863420909961564,1.8546383708007528,1.8459826565565165,1.8374512302550237,1.8290416483930119,1.8207515544094055,1.812578672756652,1.8045208035093756,1.7965758174556967,1.7887416516231545,1.7810163051966408,1.773397835790321,1.765884356039671,1.7584740304831135,1.7511650727059587,1.7439557427219476,1.7368443445702169,1.7298292241076392,1.7229087669783805,1.7160813967443538,1.7093455731617684,1.7026997905902752,1.696142576522782,1.689672490224797,1.6832881214734512,1.676988089387203,1.6707710413380958,1.6646356519391572,1.6585806221002921,1.6526046781466028,1.6467065709937072,1.6408850753749566,1.635138989116228,1.6294671324540448,1.623868347393473,1.6183414971022603,1.6128854653383828,1.607499155908072,1.6021814921518862,1.596931416456552,1.5917478897905142,1.586629891261303,1.581576417693016,1.5765864832223841,1.571659118912046,1.5667933723796397,1.5619883074417116,1.5572430037712357,1.5525565565679136,1.547928076240218,1.54335668809857,1.5388415320587734,1.5343817623550915,1.5299765472623845,1.5256250688267219
GISS-E2-R,351,China,CLIMBER2-LPJ,1.3390483240509674,2.5239519765802174,2.830149242159146,2.8312580516823393,2.73576466793431,2.618183996823587,2.504049606405942,2.4011375260844288,2.310916436193156,2.232728613819275,2.165301030815749,2.1072780217193676,2.0573972379869545,2.0145371562734526,1.9777197291604158,1.946098595904846,1.9189437565679592,1.8956264738310058,1.8756055747879312,1.8584154009845493,1.843655340473976,1.830980781855871,1.8200953146133454,1.8107440105377972,1.8027076388653653,1.795797686346819,1.7898520706791752,1.7847314509821917,1.7803160522993664,1.7765029326112955,1.7732036307801928,1.770342142403203,1.7678531779243694,1.7656806637038622,1.7637764522098283,1.7620992122048973,1.7606134738522325,1.7592888071550434,1.7580991151476675,1.7570220258425628,1.756038369164335,1.755131727018839,1.7542880462958514,1.75349530602442,1.7527432311233624,1.752023046242062,1.7513272640932964,1.7506495034600313,1.7499843327297777,1.7493271353882716,1.7486739944018572,1.7480215928463594,1.7473671285088634,1.7467082405061976,1.7460429462370661,1.7453695872196588,1.7446867825691401,1.7439933890432433,1.743288466734182,1.7425712496139338,1.7418411202509188,1.7410975881115034,1.740340270941937,1.7395688787969488,1.738783200342101,1.7379830911091265,1.7371684634286964,1.7363392778034878,1.7354955355180868,1.7346372723103531,1.7337645529541106,1.7328774666237217,1.7319761229293893,1.7310606485281277,1.7301311842279354,1.7291878825153393,1.728230905445378,1.727260422842539,1.726276610767782,1.7252796502136443,1.7242697259945898,1.723247025804268,1.7222117394158691,1.7211640580045002,1.7201041735742564,1.719032278474277,1.7179485649912807,1.716853225006924,1.7157464497108241,1.714628429360709,1.7134993530829836,1.7123594087075513,1.7112087826317093,1.7100476597089753,1.7088762231587638,1.7076946544941012,1.7065031334642067,1.7053018380100813,1.704090944230663,1.7028706263582658,1.7016410567414846
GISS-E2-R,351,China,DCESS,1.3371652290919684,2.5195775823874347,2.8363755028498656,2.861755278305273,2.8001870135079967,2.721843279953818,2.6487713026242585,2.5862681627128894,2.534180321247093,2.49087956107505,2.4545908182205527,2.4237801671409023,2.3972226441238718,2.3739713574583363,2.3533044923651345,2.3346747731262805,2.3176677210311007,2.3019690300541,2.2873396809800304,2.273597170509723,2.26060142642231,2.248244263326293,2.2364414956927665,2.22512703895235,2.2142484958590614,2.2037638518716522,2.1936389985365703,2.1838458751682426,2.1743610723925992,2.165164780866725,2.156239998128833,2.1475719286324972,2.139147528495666,2.13095515877902,2.1229843202681318,2.1152254495641856,2.107669761383486,2.1003091257666155,2.0931359717349167,2.086143211049524,2.0793241773095903,2.072672576808039,2.066182448446693,2.059848130673565,2.0536642339001765,2.0476256172278378,2.0417273685903483,2.0359647876299753,2.0303333707812756,2.0248287981563418,2.019446921915144,2.014183755872866,2.009035466148425,2.0039983626979936,1.9990688916079828,1.9942436280456297,1.989519269783697,1.9848926312301236,1.9803606379048884,1.975920321315301,1.9715688141882268,1.967303346023554,1.9631212389380415,1.9590199037726304,1.9549968364395471,1.9510496144884224,1.9471758938726869,1.9433734059001277,1.939639954352288,1.9359734127600254,1.9323717218227028,1.9288328869606994,1.925354975991018,1.921936116917553,1.9185744958274549,1.9152683548867395,1.9120159904280516,1.9088157511245645,1.9056660362446356,1.90256529398164,1.8995120198547908,1.8965047551761312,1.893542085580178,1.890622639612132,1.887745087371746,1.8849081392092246,1.8821105444708486,1.8793510902911263,1.8766286004295096,1.8739419341489376,1.8712899851345646,1.8686716804502788,1.8660859795314289,1.8635318732121176,1.8610083827851616,1.858514559093684,1.8560494816524502,1.8536122577981708,1.8512020218670557,1.8488179343989353,1.8464591813664413
GISS-E2-R,351,China,GENIE(ensemblemedian),1.3354054422574866,2.5053864784656588,2.8017292159242593,2.80265761788174,2.7155649145394105,2.6125232897915183,2.516695323600587,2.433942435582859,2.3643098347380214,2.306138101354047,2.2574857658837972,2.216581295312553,2.1819327934427295,2.1523234949086585,2.1267745319943727,2.104503024843654,2.0848842890916695,2.0674201869064186,2.051713408153678,2.0374468432389476,2.024367136655395,2.012271608414393,2.0009978656006027,1.9904155544338467,1.980419812555579,1.9709260707882892,1.9618659256439797,1.9531838613478385,1.9448346458639965,1.9367812617113638,1.9289932611579694,1.9214454582240252,1.9141168880375543,1.9069899784497448,1.9000498902068852,1.8932839910071737,1.8866814359330983,1.8802328324299928,1.87392997250582,1.867765618400462,1.861733330806383,1.8558273309708804,1.850042389793677,1.8443737384484207,1.8388169961800043,1.8333681118204288,1.8280233162737072,1.8227790837816433,1.8176321002285278,1.8125792370970626,1.8076175299690083,1.8027441606881838,1.7979564424808043,1.7932518074700856,1.788627796134165,1.784082048346259,1.7796122957074316,1.775216354938894,1.7708921221466507,1.76663756780711,1.762450732351525,1.7583297222502872,1.7542727065164305,1.7502779135630193,1.7463436283605485,1.742468189850681,1.7386499885797386,1.7348874645224934,1.731179105070928,1.7275234431675968,1.7239190555659816,1.720364561203449,1.716858619674192,1.7133999297918219,1.7099872282324913,1.7066192882508255,1.7032949184621142,1.7000129616846922,1.6967722938376701,1.6935718228894563,1.6904104878531032,1.6872872578252112,1.6842011310649831,1.6811511341109218,1.6781363209326126,1.6751557721152426,1.6722085940751164,1.669293918304025,1.6664109006410028,1.6635587205699087,1.6607365805413932,1.6579437053180937,1.6551793413417533,1.6524427561212527,1.6497332376405196,1.647050093785523,1.644392651789259,1.64176025769413,1.639152275830913,1.63656808831353,1.63400709454919
GISS-E2-R,351,China,LOVECLIM,1.3298044748284126,2.480271768036938,2.7685739518384587,2.774811843895396,2.7005960909751847,2.6124477492138722,2.529870112403768,2.456799945828351,2.392565686844075,2.33552377019623,2.2841414356364647,2.2372305012456226,2.1939270878912867,2.153615496719599,2.1158558126850417,2.0803285429976817,2.046795633935971,2.015074042088256,1.985018141838674,1.9565081097234474,1.9294422711605226,1.903732047108027,1.879298598242932,1.8560705755396272,1.8339825923065958,1.81297416774466,1.792988979939916,1.7739743231775387,1.7558807013459488,1.738661513061061,1.7222727995737044,1.7066730365098401,1.691822956961313,1.6776853976391317,1.6642251625274203,1.6514089002525243,1.6392049925443397,1.6275834519315673,1.6165158273200468,1.6059751164424645,1.5959356843984656,1.586373187662876,1.5772645030521937,1.5685876612200904,1.5603217843127841,1.552447027461482,1.5449445238249209,1.5377963329248547,1.5309853920415135,1.524495470457367,1.5183111263553104,1.5124176661933535,1.5068011063923865,1.501448137185958,1.4963460884927922,1.4914828976829424,1.4868470791183699,1.4824276953571058,1.4782143299181663,1.4741970615119555,1.470366439647262,1.4667134615323951,1.463229550193421,1.4599065337380701,1.456736625698337,1.453712406389471,1.4508268052271887,1.4480730839485803,1.4454448206857888,1.4429358948451163,1.4405404727465398,1.4382529939819972,1.436068158453478,1.4339809140537116,1.4319864449551032,1.4300801604746898,1.4282576844840715,1.4265148453362266,1.4248476662817133,1.4232523563489765,1.4217253016650198,1.4202630571934451,1.4188623388687194,1.417520016106756,1.4162331046724483,1.4149987598863472,1.413814270153799,1.4126770507999395,1.4115846381960073,1.4105346841621225,1.4095249506331358,1.4085533045748488,1.4076177131380856,1.4067162390391836,1.405847036156194,1.405008345329996,1.404198490360646,1.403415874189829,1.4026589752601275,1.4019263440428704,1.4012165997267703
GISS-E2-R,351,China,MESMO,1.3313072919043996,2.495733617245871,2.8104951703281054,2.8502011966333445,2.811922715503735,2.7594220481196943,2.710817787229421,2.6695067090072775,2.6347307665903656,2.6049722418864922,2.578903056727375,2.5555515022182025,2.534252409178215,2.514561077274014,2.4961803097174764,2.4789083668127594,2.46260441850813,2.447166406428779,2.432517110613299,2.418595454048349,2.405351088843562,2.39274101777431,2.380727471857542,2.3692765616824665,2.358357405776029,2.347941553996359,2.338002594441419,2.3285158755341437,2.319458301339716,2.310808174294696,2.302545069378397,2.294649729779285,2.287103977796935,2.279890636983796,2.2729934629259545,2.266397080926519,2.2600869293952237,2.2540492080892403,2.2482708305694876,2.2427393803800895,2.237443070556126,2.232370706131768,2.2275116493701415,2.2228557874728927,2.2183935025559673,2.2141156437019043,2.210013500917746,2.2060787808449116,2.2023035840813088,2.198680383989022,2.1952020068722087,2.1918616134197735,2.1886526813169254,2.185568988937614,2.182604600037538,2.1797538493742414,2.177011329186745,2.1743718764731095,2.1718305610090276,2.1693826740556275,2.16702371770849,2.164749394843968,2.1625555996224635,2.1604384085112263,2.158394071792572,2.1564190055257,2.154509783932973,2.152663132183752,2.1508759195507894,2.149145152916004,2.1474679706045436,2.145841636527148,2.144263534612404,2.1427311635120936,2.1412421315635246,2.1397941519943884,2.138385038356108,2.1370127001732255,2.1356751387968207,2.1343704434506248,2.1330967874598272,2.1318524246525703,2.130635685925226,2.129444975962727,2.1282787701062724,2.12713561136072,2.1260141075345897,2.1249129285063013,2.1238308036101814,2.122766519136619,2.1217189159405896,2.1206868871535978,2.1196693759940906,2.1186653736714653,2.1176739173796677,2.1166940883759673,2.1157250101411416,2.1147658466171824,2.11381580051925,2.11287411171841,2.1119400556918695
GISS-E2-R,351,China,UVic2.9,1.3338253409284915,2.4972489443904005,2.788843478163722,2.7885597248106047,2.703205149544507,2.6038222332905026,2.512666965198143,2.434938830560945,2.370247891050576,2.316675124439475,2.2721445405475587,2.234834461404615,2.2032569354390867,2.176231673936714,2.1528339524803983,2.1323427503488737,2.1141965237423075,2.097957589142137,2.083284134982154,2.069908469599386,2.0576202009233957,2.0462532587969187,2.035675890932607,2.0257829527609728,2.0164899642766123,2.007728527201455,1.9994427891902045,1.99158671397488,1.9841219719623322,1.9770163086048707,1.970242280791974,1.9637762768333842,1.9575977550761279,1.9516886511709752,1.946032915518112,1.940616151276531,1.9354253301316777,1.9304485682543238,1.9256749489132146,1.9210943813044834,1.916697487546759,1.9124755116272463,1.9084202454980035,1.9045239686103568,1.9007793980143024,1.8971796467962458,1.8937181891268124,1.8903888305751915,1.8871856826432638,1.8841031407023359,1.8811358646924907,1.8782787620821249,1.8755269726915715,1.8728758550674263,1.8703209741583977,1.8678580900936135,1.8654831479034337,1.8631922680533626,1.8609817376857731,1.8588480024830447,1.8567876590807646,1.854797447971434,1.8528742468488142,1.8510150643504664,1.8492170341623555,1.8474774094543336,1.8457935576194098,1.844162955293131,1.842583183632112,1.8410519238332246,1.839566952876819,1.8381261394790642,1.8367274402399851,1.835368895974948,1.8340486282184236,1.832764835889877,1.831515792112393,1.8302998411753697,1.829115395633372,1.827960933533679,1.8268349957657408,1.82573618352607,1.824663155892739,1.8236146275037897,1.822589366334471,1.8215861915683533,1.8206039715578146,1.8196416218695877,1.8186981034112992,1.8177724206352652,1.816863619815941,1.8159707873976023,1.8150930484091654,1.814229564943033,1.8133795346951849,1.8125421895637945,1.8117167943037833,1.8109026452349382,1.8100990690012584,1.8093054213793383,1.808521086133735
GISS-E2-R,351,China,ACC2,1.33571284422754,2.5085264632354147,2.8102199762532205,2.817761928516514,2.737355796384012,2.6402261469018535,2.5490260564373552,2.4693696628520447,2.4012373969190763,2.343022668053658,2.2929065701623217,2.249276439365528,2.210813168593482,2.176472341585599,2.145438291802509,2.117077366222468,2.0908979049302605,2.0665180505461223,2.043640536543198,2.0220331774508233,2.001513854131844,1.9819389866303831,1.963194693040618,1.945190010015131,1.9278516932331835,1.9111202279195565,1.894946765941189,1.879290772458059,1.864118216045319,1.8494001752034608,1.8351117640135048,1.8212313025198632,1.80773967488241,1.7946198316927457,1.7818564030642503,1.7694353969191434,1.7573439628740575,1.745570206699801,1.7341030438318636,1.7229320830879602,1.7120475338005707,1.7014401311440215,1.6911010756392553,1.6810219837424245,1.6711948471307965,1.6616119988424285,1.652266084842667,1.6431500399109444,1.6342570669873344,1.6255806193081128,1.6171143848055105,1.6088522723597254,1.6007883995783614,1.5929170818461782,1.5852328224402212,1.5777303035464727,1.5704043780459027,1.5632500619627732,1.5562625274877528,1.54943709650378,1.5427692345550141,1.5362545452089935,1.5298887647699464,1.5236677573075903,1.5175875099709295,1.5116441285607298,1.5058338333377903,1.5001529550471908,1.4945979311409332,1.4891653021833726,1.483851708425909,1.4786538865383458,1.4735686664861338,1.4685929685434616,1.4637238004331208,1.4589582545852309,1.4542935055071764,1.4497268072581728,1.4452554910222595,1.4408769627739282,1.4365887010314464,1.4323882546928042,1.4282732409501668,1.4242413432784813,1.4202903094947263,1.4164179498841691,1.4126221353903623,1.408900795866053,1.405251918381947,1.4016735455909335,1.398163774145252,1.3947207531641905,1.391342682750458,1.3880278125528944,1.384774440373898,1.3815809108196924,1.37844561399167,1.3753669842174672,1.3723434988200056,1.3693736769233613,1.366456078293883
GISS-E2-R,351,China,Bern-SAR,1.338458867727737,2.5243854862405164,2.8394854425646465,2.8571298715717823,2.7834115347349067,2.6903484860464575,2.6014508253717343,2.523023225699864,2.45554268528913,2.39773609660191,2.347995541373594,2.304832470786775,2.266992646278654,2.233457522301442,2.2034126686509405,2.1762109804152097,2.151339391978906,2.128391132155889,2.107043352775997,2.087039349913911,2.068174526591765,2.0502853415991615,2.033240619743116,2.016934721732214,2.0012821757783255,1.9862134572196206,1.9716716695274479,1.9576099330191414,1.9439893292666561,1.9307772819182147,1.9179462803345935,1.9054728725923178,1.8933368702128248,1.881520719375712,1.8700090031004202,1.8587880465105764,1.8478456032813284,1.8371706060663398,1.8267529673869107,1.8165834203575084,1.8066533908926352,1.7969548948217882,1.7874804547388374,1.778223032511254,1.769175974237773,1.7603329651218698,1.7516879922614834,1.7432353137751357,1.734969433014305,1.726885076871939,1.7189771774014624,1.7112408561218837,1.7036714105119932,1.696264302296819,1.6890151472092088,1.6819197059718949,1.674973876295471,1.6681736857269474,1.6615152852150947,1.6549949432837794,1.6486090407243132,1.6423540657339961,1.6362266094406068,1.6302233617631643,1.6243411075672545,1.6185767230803303,1.6129271725374832,1.6073895050330265,1.601960851556477,1.5966384221949936,1.591419503486451,1.5863014559096131,1.5812817114994804,1.5763577715775354,1.5715272045876503,1.5667876440294843,1.5621367864823306,1.5575723897127929,1.5530922708606882,1.5486943046977788,1.5443764219548617,1.5401366077128162,1.5359728998538331,1.5318833875692057,1.5278662099206222,1.5239195544519248,1.5200416558485867,1.51623079464258,1.512485295960181,1.5088035283107566,1.5051839024143918,1.501624870066721,1.4981249230392282,1.494682592013315,1.4912964455468996,1.4879650890720086,1.4846871639221904,1.4814613463884332,1.4782863468026326,1.4751609086473938,1.4720838076913207
GISS-E2-R,351,China,MAGICC6(ensemblemedian),1.3357850443399426,2.5116057437122326,2.8211745467814953,2.839832769072047,2.7717319650562913,2.6865790809566144,2.6061330424624525,2.53559736936587,2.4748624825972025,2.422422010523413,2.3766562375622025,2.336191548477419,2.2999518746783734,2.2671197020406813,2.237080189738712,2.209370812015764,2.1836414406321825,2.159624294075573,2.137111835481064,2.115940690959819,2.0959800030640943,2.0771230086916286,2.0592809464265427,2.0423786418698358,2.0263513003785922,2.0111421685466455,1.9967008211213901,1.9829818986864707,1.969944170730975,1.9575498340872957,1.9457639820771961,1.9345541978867407,1.9238902387278556,1.913743786694592,1.9040882489307875,1.8948985945412413,1.8861512191370498,1.877823830391763,1.8698953497737003,1.8623458269082165,1.8551563639534752,1.8483090480453073,1.8417868903538979,1.8355737706489914,1.829654386528777,1.8240142066569507,1.8186394274920894,1.8135169330971281,1.8086342576943237,1.8039795506896643,1.7995415439354534,1.795309521034434,1.791273288515933,1.7874231487361119,1.7837498743717963,1.780244684391701,1.7768992214006547,1.7737055302626141,1.7706560379167098,1.7677435343080643,1.7649611543616481,1.7623023609331485,1.7597609286759814,1.7573309287681822,1.7550067144470183,1.7527829073029706,1.7506543842880702,1.748616265396929,1.7466639019812336,1.7447928656615248,1.7429989378024409,1.741278099519339,1.7396265221871479,1.7380405584231997,1.7365167335184908,1.7350517372925747,1.7336424163496746,1.7322857667140585,1.7309789268250317,1.7297191708720774,1.728503902452813,1.7273306485365298,1.72619705371792,1.7251008747457082,1.7240399753125786,1.7230123210926727,1.722015975014655,1.7210490927580842,1.7201099184623356,1.7191967806371644,1.7183080882653394,1.7174423270874555,1.7165980560605039,1.7157739039812263,1.7149685662667375,1.714180801884454,1.7134094304242564,1.7126533293062403,1.7119114311172112,1.711182721070202,1.7104662345807635
GISS-E2-R,351,China,TOTEM2,1.233934604740096,2.4197839251064575,2.842721025101688,2.9855342132632257,3.025783416488692,3.0287458875253885,3.0183965284909484,3.003519698550343,2.9873148545661774,2.9709299461860303,2.9547609873342213,2.9389298777141004,2.923459944525379,2.908340304412749,2.8935493452475067,2.8790631875619415,2.864858637159479,2.8509141263909066,2.837209929300044,2.8237281221255666,2.8104524614211606,2.797368242090841,2.7844621572839077,2.771722167342673,2.7591373796524383,2.7466979393536843,2.7343949302496533,2.7222202850734396,2.7101667042742967,2.6982275825299067,2.6863969422562923,2.674669373451724,2.6630399792728507,2.651504326797327,2.6400584024800238,2.6286985718556677,2.6174215430835477,2.606224333969125,2.5951042421312924,2.584058818015625,2.573085840483034,2.562183294728305,2.551349352307128,2.540582353070578,2.5298807888250803,2.519243288554562,2.508668605055009,2.4981556028475045,2.487703247247687,2.477310594481851,2.4669767827497084,2.45670102414347,2.4464825973421513,2.436320841007002,2.4262151478111167,2.4161649590428698,2.406169759728783,2.3962290742257544,2.386342462238536,2.3765095152210853,2.3667298531262815,2.3570031214697247,2.3473289886781923,2.3377071436956673,2.3281372938219125,2.3186191627619754,2.309152488865604,2.2997370235397163,2.290372529815913,2.281058781059387,2.2717955598052617,2.262582656709748,2.253419869605922,2.244307002653701,2.235243865574617,2.2262302729639973,2.217266043672691,2.2083510002516133,2.1994849684531776,2.1906677767841147,2.1818992561049044,2.173179239271107,2.1645075608123747,2.1558840566460065,2.147308563821442,2.1387809202923327,2.130300964714176,2.121868536264705,2.1134834744844717,2.1051456191363025,2.096854810081457,2.088610887170435,2.080413690148179,2.0722630585704316,2.064158831732017,2.0561008486047525,2.0480889477840916,2.040122967443989,2.032202745299091,2.0243281185730657,2.0164989239730375
IPSL-CM5A-LR,351,China,NCARCSM1.4,1.2010905804791778,2.3595909502263392,2.7730921877535932,2.914189212430294,2.9562541214245224,2.9626926601348393,2.95654563568636,2.946075792173253,2.934166007971929,2.921764773832595,2.9091440532167128,2.896354218535949,2.883385126160326,2.8702203262127295,2.8568529706918473,2.8432884552784357,2.8295428506188656,2.8156403280063897,2.801610654778669,2.787487070108466,2.7733045860439893,2.7590986736001857,2.7449042728835216,2.7307550671789222,2.7166829683393985,2.702717769340164,2.6888869277415672,2.675215450590313,2.661725856961235,2.6484381990201533,2.635370126322201,2.622536981187965,2.6099519155447477,2.5976260216857168,2.5855684710706606,2.5737866566409697,2.5622863352059047,2.551071767326346,2.5401458528153147,2.5295102605247095,2.5191655515215126,2.5091112950963006,2.4993461773104726,2.4898681019902584,2.4806742842289062,2.4717613365711646,2.4631253481363258,2.4547619569929675,2.446666416136001,2.4388336534386803,2.4312583259625375,2.4239348690096727,2.416857540295923,2.4100204596136474,2.4034176443381896,2.397043041116,2.3908905540543612,2.384954069713677,2.379227479184212,2.373704697509958,2.3683796807036988,2.363246440578777,2.3582990576062546,2.353531691988984,2.348938593128751,2.344514107647808,2.340252686112344,2.3361488885926063,2.3321973891823795,2.328392979589582,2.324730571899511,2.321205200602763,2.317812023971453,2.3145463248591867,2.3114035109933266,2.308379114820747,2.305468792963436,2.3026683253334723,2.299973613952775,2.29738068151805,2.29488566974734,2.292484837540793,2.2901745589847593,2.2879513212253935,2.2858117222349676,2.2837524684916395,2.2817703725911302,2.279862350806698,2.2780254206118156,2.276256698178474,2.2745533958623376,2.2729128196846013,2.2713323668195535,2.2698095230947826,2.2683418605114114,2.2669270347894823,2.2655627829436056,2.2642469208930405,2.2629773411097607,2.2617520103074327,2.2605689671738296
IPSL-CM5A-LR,351,China,HadGEM2-ES,1.2020774142724746,2.3677759440459303,2.793721815804825,2.9505827652484684,3.0101904283318928,3.0348168001925235,3.0467121006079814,3.0536150535650806,3.0580831206963617,3.060883371924944,3.0622083506136177,3.062099460281275,3.0605846975767523,3.057715808817926,3.0535718969079264,3.048253319775925,3.0418740220297917,3.0345548110529292,3.0264181295218706,3.017584242098656,3.0081685875293305,2.9982800376342778,2.988019840787262,2.9774810713244957,2.966748445953316,2.9558984008527496,2.944999348992961,2.9341120572889827,2.923290098674107,2.912580346019559,2.9020234838494026,2.8916545206435513,2.881503289689509,2.8715949303234978,2.8619503442960443,2.8525866241375457,2.8435174519660174,2.8347534683095352,2.826302611316332,2.8181704272774883,2.8103603537531354,2.8028739768209023,2.795711264091435,2.7888707751878035,2.7823498513848364,2.776144786066508,2.7702509775963255,2.764663066116489,2.7593750557025984,2.7543804232069586,2.7496722150283532,2.745243132952318,2.741085610114695,2.737191878054225,2.7335540257373325,2.730164051360965,2.7270139076672226,2.7240955414364967,2.7214009277642313,2.7189220996695185,2.7166511735317,2.71458037080345,2.7127020364053513,2.711008654167365,2.7094928596464642,2.708147450617038,2.7069653955008994,2.7059398399768426,2.705064111985193,2.7043317253208854,2.70373638198851,2.7032719734747435,2.7029325810774085,2.7027124754156024,2.7026061152320584,2.702608145587113,2.7027133955327263,2.7029168753453474,2.703213773387808,2.703599452662383,2.7040694471103,2.7046194577065235,2.7052453483929435,2.705943141888089,2.7067090154068314,2.707539296319388,2.708430457775422,2.7093791143155963,2.7103820174900237,2.711436051500511,2.7125382288810824,2.713685686229122,2.714875679997794,2.716105582358508,2.7173728771409484,2.7186751558567317,2.720010113811631,2.721375546310375,2.7227693449569994,2.7241894940530154,2.7256340670949544
IPSL-CM5A-LR,351,China,MPI-ESM,1.2060864193715293,2.3902511229037686,2.8332339301125957,2.9999621581313014,3.062085144389911,3.0832741567332627,3.0874017545611925,3.08363350964471,3.0756674383191136,3.0651406182702963,3.052889078204367,3.0394171113797395,3.0250750144835794,3.010128913743476,2.994790322669262,2.9792303860422127,2.963588051828711,2.9479756249341094,2.9324830210678985,2.9171812476340926,2.90212534240481,2.887356887340366,2.872906169280375,2.8587940389781834,2.8450335094455275,2.831631128015685,2.818588151745808,2.805901551925253,2.7935648701953526,2.781568945963529,2.7699025323286337,2.7585528155696246,2.7475058513505006,2.7367469291236444,2.726260874748338,2.7160323000522975,2.70604580693533,2.6962861526225406,2.686738381806319,2.677387930655818,2.668220707006261,2.6592231504589305,2.6503822756136146,2.6416857012108808,2.6331216675741556,2.6246790444046617,2.616347330686699,2.608116648206845,2.5999777299674953,2.5919219045832,2.583941077580932,2.5760277103813545,2.568174797613829,2.560375843309696,2.5526248364265816,2.544916226076772,2.537244896764893,2.5296061438814816,2.521995649650471,2.5144094596851776,2.506843960273099,2.499295856478751,2.4917621511290435,2.4842401247246513,2.4767273163027697,2.4692215052632536,2.461720694156978,2.4542230924271276,2.446727101085182,2.439231298298484,2.431734425860914,2.424235376514775,2.4167331820900713,2.4092270024251454,2.401716115031314,2.3941999054653564,2.386677858371291,2.3791495491551653,2.3716146362567825,2.364072853982541,2.3565240058656474,2.3489679585205256,2.341404635959598,2.333834014342488,2.326256117128652,2.318671010605853,2.3110787997689206,2.303479624523776,2.2958736561942223,2.288261094309024,2.2806421636494587,2.2730171115376923,2.265386205348533,2.257749730227298,2.250107986998553,2.2424612902509895,2.234809966584707,2.227154353008565,2.2194947954757205,2.2118316475463247,2.2041652691676012
IPSL-CM5A-LR,351,China,Bern3D-LPJ(ensemblemedian),1.203937935167868,2.379151433738882,2.8162571901415263,2.983567743622121,3.052673747933261,3.086173656168899,3.1067014183345525,3.1222927989835836,3.135694957570904,3.1477734515876326,3.15875133913478,3.1686536167572856,3.177461629208994,3.1851626509909887,3.1917624090911265,3.1972851843594987,3.2017703171192804,3.2052681709465385,3.2078365220202363,3.2095376037209666,3.2104357890333075,3.210595822102988,3.210081500100532,3.20895471576312,3.2072747848910184,3.2050979967029942,3.202477336854679,3.1994623428659565,3.1960990598524233,3.19243007107282,3.188494583151999,3.184328550145092,3.179964824068679,3.175433322296892,3.170761204436516,3.1659730530609718,3.161091054085739,3.15613517367757,3.1511233294638687,3.146071554493151,3.140994152930271,3.1359038468814244,3.130811914058027,3.12572831622608,3.120661818563435,3.1156201001756507,3.1106098561108766,3.105636891275042,3.1007062066861373,3.0958220785267065,3.0909881304602798,3.0862073996746533,3.0814823971040766,3.076815162267425,3.0722073131395606,3.0676600914520464,3.0631744037964244,3.0587508588798045,3.0543898012591932,3.0500913418579034,3.0458553855451074,3.041681656038168,3.0375697183668353,3.033518999119584,3.029528804673713,3.025598337594317,3.0217267113715227,3.017912963650456,3.014156068095085,3.0104549450150833,3.006808470872294,3.003215486774171,2.999674806050689,2.996185221003535,2.992745508907008,2.989354437334118,2.9860107688733217,2.982713265295884,2.9794606912284984,2.9762518173796253,2.973085423364891,2.969960300171121,2.9668752522961337,2.963829099596746,2.960820678875456,2.9578488452322302,2.954912473206116,2.952010457728904,2.949141714910174,2.946305182672478,2.9434998212521895,2.9407246135812466,2.93797856556255,2.935260706251359,2.9325700879529677,2.9299057862468847,2.927266899945694,2.9246525509967474,2.92206188433388,2.9194940676849805,2.9169482913417943
IPSL-CM5A-LR,351,China,Bern2.5D-LPJ,1.1863248521666665,2.2789693242013342,2.634310209991637,2.7428884275336824,2.7761273569042015,2.791067510612505,2.8047067760214737,2.820685659193051,2.8386547568661427,2.8574163512899156,2.8758740457705483,2.893242810016174,2.909032252255094,2.9229771861052103,2.934969623794547,2.9450053858715335,2.9531456164573817,2.9594902143888864,2.9641599809284362,2.9672848842291297,2.9689965206646476,2.9694234150554624,2.9686882200976665,2.9669061726556887,2.9641843712253158,2.960621580763517,2.9563083678469453,2.9513274348299205,2.9457540661515997,2.939656629963632,2.933097098449375,2.9261315637451286,2.918810735402674,2.911180411312585,2.9032819179305385,2.89515251818762,2.8868257870752188,2.8783319558855154,2.8696982266667974,2.860949058761455,2.8521064294265455,2.8431900705574784,2.8342176834862327,2.8252051337350186,2.8161666274936437,2.80711487146515,2.798061217598621,2.7890157941038987,2.779987624024547,2.770984732533384,2.7620142440105435,2.753082469867747,2.7441949879934873,2.735356714612897,2.7265719692816757,2.7178445336660544,2.709177704699369,2.7005743426499094,2.6920369145843246,2.6835675336647262,2.6751679946763134,2.6668398061444396,2.6585842193661025,2.6504022546498933,2.6422947250304114,2.6342622576979724,2.6263053133615015,2.6184242037415375,2.6106191073720186,2.6028900838720004,2.595237086833386,2.587659975456872,2.580158525055583,2.572732436534571,2.5653813449440377,2.5581048271948372,2.5509024090164227,2.5437735712295613,2.5367177553995854,2.5297343689293834,2.5228227896459003,2.5159823699285497,2.5092124404237173,2.502512313384918,2.4958812856745887,2.489318641460149,2.482823654633674,2.4763955909818405,2.470033710130191,2.463737267283564,2.457505514782408,2.451337703492675,2.445233084045621,2.439190907941937,2.4332104285335365,2.4272909018947426,2.42143158759393,2.4156317493751787,2.4098906557588045,2.4042075805688445,2.398581803394614
IPSL-CM5A-LR,351,China,CLIMBER2-LPJ,1.1980460013596639,2.3391757033054397,2.7292903014041494,2.8459759401073144,2.8646838197017876,2.8497343133348414,2.8245823656595705,2.7976656108359035,2.77191230942427,2.748238100648617,2.7268314019057023,2.7076253400468353,2.6904704703477687,2.675197469028262,2.661639397592541,2.6496391426574166,2.6390514496115833,2.6297430137334734,2.621591901428481,2.614486767982924,2.608326041451848,2.6030171330098573,2.5984756938319853,2.5946249237437704,2.5913949314397837,2.588722144109349,2.5865487636452076,2.584822266440065,2.5834949437954515,2.5825234800633563,2.5818685657696028,2.5814945431097764,2.5813690813557204,2.581462879858483,2.5817493964800655,2.582204599428405,2.582806740608472,2.5835361487344515,2.584375040574561,2.585307348819829,2.5863185651818013,2.5873955974308087,2.5885266391868234,2.589701051368491,2.590909254293883,2.59214262950763,2.5933934304850825,2.594654701434375,2.595920203482188,2.5971843475893075,2.598442133597281,2.599689094858899,2.6009212479520754,2.602135047020148,2.603327342321399,2.6044953426068322,2.6056365809792004,2.6067488839164583,2.607830343171251,2.60887929028353,2.609894273467064,2.6108740366518655,2.611817500484353,2.6127237451048644,2.6135919945385764,2.614421602550513,2.615212039829309,2.6159628823762686,2.616673800988158,2.6173445517315743,2.6179749673170662,2.6185649492888294,2.6191144609538077,2.6196235209816057,2.6200921976116995,2.62052060341198,2.6209088905361564,2.6212572464338812,2.6215658899705887,2.6218350679188807,2.6220650517865,2.6222561349488904,2.6224086300581666,2.622522866701862,2.622599189288564,2.6226379551382006,2.6226395327585266,2.622604300289398,2.6225326440996137,2.6224249575213276,2.6222816397094735,2.6221030946140576,2.621889730054565,2.621641956887123,2.621360188255086,2.621044838915756,2.6206963246352046,2.6203150616455497,2.6199014661579496,2.6194559539266438,2.6189789398586023
IPSL-CM5A-LR,351,China,DCESS,1.1963689213889006,2.3351168425962747,2.7345797498776587,2.8735124440101303,2.9243158918213927,2.9477211636342187,2.9641387225052336,2.979705267547942,2.9957166975080045,3.0119878159349076,3.0280065436275416,3.0432981303227127,3.0575146029896834,3.0704349079806543,3.0819409313647723,3.091991115069224,3.1005979761551377,3.1078105993891842,3.1137015681675724,3.118357447664001,3.1218719829284214,3.124341325074089,3.1258607524978688,3.126522483851192,3.126414281587282,3.1256186228334584,3.124212272940861,3.1222661408069636,3.1198453275780085,3.1170093044331515,3.113812172968026,3.1103029748375626,3.106526026988956,3.102521265909368,3.0983245894984766,3.0939681889468993,3.0894808657300916,3.084888330783876,3.080213484318937,3.07547667570633,3.0706959435370895,3.065887236408697,3.0610646152810914,3.05624043841945,3.05142553003432,3.0466293337653925,3.0418600521513715,3.0371247731982076,3.0324295851104237,3.0277796801924275,3.0231794488632056,3.0186325646618615,3.0141420610561753,3.009710400802011,3.005339538540144,3.0010309772590755,2.9967858191979824,2.9926048117131305,2.9884883885843867,2.9844367071950613,2.980449681978806,2.9765270144907543,2.972668220427035,2.9688726538864785,2.965139529140657,2.9614679401535304,2.9578568780686982,2.9543052468625524,2.950811877341256,2.9473755396444234,2.9439949544009267,2.940668802670035,2.9373957347869446,2.9341743782216807,2.9310033445483983,2.9278812356144495,2.924806648988502,2.921778182760128,2.918794439756595,2.915854031235005,2.912955580104009,2.910097723722344,2.9072791163183913,2.904498431069303,2.9017543618758577,2.8990456248641245,2.8963709596437335,2.8937291303478587,2.8911189264791655,2.8885391635821556,2.885988683761731,2.883466356064445,2.8809710767383465,2.8785017693854162,2.8760573850186684,2.873636902035926,2.8712393261195737,2.8688636900723226,2.8665090535963236,2.8641745030237664,2.861859151004853
IPSL-CM5A-LR,351,China,GENIE(ensemblemedian),1.194803421636497,2.3222520888904667,2.702566017034874,2.8178350919146387,2.843007136606151,2.8405747010144027,2.8320815517513886,2.824337805693424,2.818992410101615,2.8159982475280616,2.814842417256876,2.8149638226727807,2.815879255092028,2.8172081406059237,2.8186646666773774,2.8200415854628416,2.8211938549549367,2.822024505531891,2.822473124262609,2.8225067172232,2.822112558223174,2.8212926403274716,2.8200594000240513,2.818432443525024,2.816436058238292,2.814097337136198,2.8114447799360596,2.808507263920064,2.8053133001737187,2.801890509182843,2.7982652640721164,2.7944624610810074,2.7905053857863686,2.786415650596071,2.7822131845531617,2.7779162608193535,2.773541550601359,2.7691041949397937,2.764617887854534,2.7600949659573617,2.755546500897865,2.7509823919813825,2.746411457047788,2.7418415202749746,2.737279496010864,2.7327314680697583,2.728202764179139,2.72369802544787,2.7192212708624557,2.7147759569151453,2.710365032534594,2.7059909895356404,2.701655908831923,2.6973615026711792,2.693109153158065,2.6888999473287662,2.6847347090357436,2.6806140278908974,2.6765382855046616,2.672507679244643,2.668522243724168,2.6645818702168858,2.6606863241793195,2.656835261050265,2.653028240481994,2.6492647391466715,2.6455441622484797,2.641865853862349,2.6382291062082066,2.6346331679615806,2.631077251691476,2.627560540509061,2.6240821940024475,2.6206413535266653,2.617237146911071,2.61386869264096,2.6105351035650193,2.6072354901748107,2.6039689634989824,2.600734637650222,2.597531632059621,2.59435907343013,2.591216097436949,2.5881018502009896,2.58501548955847,2.5819561861474156,2.578923124330523,2.5759155029709775,2.5729325360770012,2.569973453329078,2.567037500502327,2.5641239397956235,2.561232050077502,2.558361127058209,2.5555104833961795,2.552679448746697,2.5498673697590664,2.5470736100287863,2.544297550010064,2.5415385868934512,2.538796134453431
IPSL-CM5A-LR,351,China,LOVECLIM,1.1898171537803892,2.2993149663959085,2.6711540302411105,2.7897915842956023,2.825578860855147,2.8362864699684187,2.840167364218316,2.8421442505887295,2.8429994090220365,2.8424705831762034,2.840207543220207,2.836007618239552,2.829828417180785,2.821745847588592,2.8119094978113304,2.800508238680065,2.78774672037095,2.773830406051462,2.758956600223456,2.7433094629332317,2.7270575841459688,2.7103531561469336,2.693332112508103,2.6761148266471575,2.6588071115102925,2.6415013586884446,2.6242777177235546,2.607205256343346,2.5903430677632735,2.5737413071835564,2.5574421495492965,2.541480666709376,2.5258856257114957,2.510680212009137,2.495882682415061,2.4815069530858933,2.467563127902851,2.4540579724750216,2.440995338731422,2.4283765447437426,2.416200714073267,2.404465078582976,2.3931652483148707,2.382295451708099,2.3718487491309665,2.3618172224207985,2.3521921428681094,2.3429641198475153,2.334123232083602,2.325659143346527,2.317561204195557,2.3098185412293577,2.3024201351580236,2.295354888880799,2.288611686635944,2.282179445182239,2.2760471578760098,2.2702039324201557,2.2646390229833333,2.259341857317105,2.2543020594345036,2.249509468356266,2.244954153378672,2.240626426270703,2.236516850765371,2.232616249672477,2.2289157099056967,2.2254065856858958,2.2220805001547674,2.2189293456084953,2.2159452825374393,2.2131207376385285,2.210448400948955,2.2079212222323266,2.2055324067346733,2.2032754104146135,2.201143934738816,2.199131921125134,2.1972335451044755,2.1954432102649295,2.1937555420341357,2.1921653813480084,2.1906677782486845,2.18925798544918,2.187931451896352,2.1866838163602433,2.1855109010741978,2.184408705445312,2.1833733998536236,2.1824013195538705,2.1814889586923716,2.180632964449332,2.1798301313142328,2.179077395500963,2.178371829508091,2.177710636827325,2.177091146802997,2.176510809644496,2.1759671915917007,2.175457970233645,2.1749809299800904
IPSL-CM5A-LR,351,China,MESMO,1.191153402566787,2.3133040989457037,2.7097739488892034,2.8605636644122674,2.932124669824175,2.9797150517801922,3.02019716476073,3.057818994330921,3.093091981158966,3.1256892780324605,3.1552895067359854,3.1817529878797366,3.205106015546448,3.225487041271428,3.2430985456826718,3.258172906130073,3.270950579600972,3.28166710690136,3.2905459092350227,3.2977947079117698,3.3036041325945784,3.3081476079253314,3.311581955504988,3.3140483693331197,3.315673560629129,3.3165709526716793,3.316841857837776,3.316576600098811,3.31585556477234,3.3147501682381604,3.313323746614088,3.3116323658878875,3.3097255578369675,3.3076469869158345,3.305435053564617,3.303123439338223,3.300741599023855,3.2983152045934965,3.295866545479858,3.2934148892979667,3.2909768067798537,3.2885664643516104,3.2861958874685366,3.283875197533909,3.2816128249607814,3.2794157006947113,3.2772894282934986,3.2752384384609545,3.27326612774911,3.2713749829793413,3.269566692783735,3.2678422475328457,3.2662020287945674,3.2646458893578987,3.2631732247557665,3.261783037130961,3.2604739922070807,3.259244470053164,3.258092610263236,3.2570163521123674,3.2560134701956187,3.2550816060072285,3.254218295872942,3.2534209956076006,3.252687102234251,3.252013973067581,3.251398942435033,3.250839336282143,3.2503324848840416,3.2498757338631425,3.249466453693738,3.2491020478555823,3.248779959782628,3.2484976787389455,3.248252744739746,3.2480427526245217,3.247865355377526,3.2477182667821176,3.2475992634861837,3.247506186547618,3.24743694252277,3.2473895041532406,3.2473619107012905,3.2473522679784015,3.247358748107528,3.2473795890545643,3.2474130939609998,3.247457630306741,3.2475116289281174,3.2475735829142036,3.2476420464011793,3.2477156332830273,3.2477930158544623,3.2478729233996724,3.2479541407399912,3.248035506750975,3.2481159128587684,3.248194301523928,3.2482696647205307,3.24834104241673,3.248407521062222
IPSL-CM5A-LR,351,China,UVic2.9,1.1933969552904207,2.3148355952509845,2.690467668287378,2.8040729613421287,2.83025078414875,2.830696427664822,2.8262078600539766,2.823022816193165,2.8223908073897124,2.824005094289435,2.8271969535585035,2.8313229072030763,2.835867451604907,2.840450617549849,2.844807786882811,2.8487648625396895,2.852215978670329,2.8551053899925667,2.857413373200148,2.8591454888027132,2.8603245117806324,2.8609844308046397,2.8611660307722335,2.860913678147162,2.8602730149816233,2.859289335965366,2.8580064761295536,2.8564660779436006,2.854707138119081,2.852765758624147,2.850675044910178,2.848465108476339,2.8461631416665014,2.8437935407889987,2.8413780598766603,2.838935982124098,2.836484299606504,2.8340378945721407,2.831609717617115,2.829210959556466,2.8268512149226037,2.8245386358439637,2.8222800756558484,2.820081222025664,2.81794671967888,2.8158802830212952,2.813884799091738,2.8119624213663355,2.810114654983791,2.808342433982563,2.8066461911417404,2.8050259210056603,2.8034812366505184,2.8020114207240026,2.8006154712578626,2.799292142720779,2.7980399827456837,2.796857364932751,2.7957425180976476,2.794693552304088,2.7937084819911213,2.7927852464783864,2.791921728107776,2.791115768256318,2.790365181433809,2.789667767658898,2.789021323289174,2.788423650464332,2.7878725653061123,2.7873659050052555,2.7869015339128884,2.786477348742358,2.7860912829773885,2.785741310572788,2.7854254490254493,2.7851417618858405,2.7848883607730013,2.7846634069497203,2.7844651125091007,2.784291741218177,2.784141609059923,2.784013084510488,2.7839045885849467,2.783814594681098,2.783741628248096,2.7836842663035255,2.78364113682038,2.783610918002847,2.7835923374677884,2.7835841713471607,2.783585243324735,2.7835944236189865,2.7836106279229202,2.7836328163100226,2.7836599921147807,2.7836912007950296,2.783725528782522,2.7837621023274526,2.783800086341857,2.7838386832461293,2.7838771318225093
IPSL-CM5A-LR,351,China,ACC2,1.1950767603136756,2.3250930940827104,2.710388807136069,2.83202154126718,2.8638975495003387,2.867719799710349,2.86451211267387,2.860784341658537,2.858046163939921,2.8562220515012884,2.854843109842013,2.8534366961189557,2.8516328183513315,2.849175404259901,2.8459054651080304,2.841739157335446,2.836647942454944,2.8306425322349513,2.8237605069101397,2.8160570070739674,2.807597854156234,2.798454539375925,2.788700629987553,2.778409240926243,2.76765130160794,2.7564944120488626,2.7450021323211287,2.7332335875944187,2.721243300192011,2.7090811822916177,2.6967926397590736,2.684418750377572,2.671996489396785,2.6595589826160952,2.6471357727028852,2.6347530885618515,2.622434110646513,2.6101992273899097,2.5980662796210323,2.5860507910721484,2.5741661839812804,2.562423979438536,2.5508339825780006,2.5394044530284976,2.5281422612422366,2.517053031449058,2.5061412720557583,2.4954104943417494,2.4848633203044397,2.474501580490706,2.464326402619625,2.454338291762404,2.4445372028007077,2.4349226058378535,2.4254935451892146,2.416248692531442,2.4071863947443264,2.398304716935493,2.389601481097103,2.381074300804884,2.3727206123340854,2.3645377025335006,2.3565227337679886,2.3486727662116387,2.340984777747899,2.333455681709114,2.3260823426662514,2.3188615904601244,2.3117902326470907,2.3048650655158442,2.2980828838175396,2.2914404893371505,2.2849346984225885,2.278562348576406,2.2723203042048317,2.2662054616103333,2.2602147533047843,2.25434515171354,2.248593672333634,2.2429573764029205,2.2374333731321605,2.2320188215460646,2.226710931975705,2.2215069672397196,2.216404243548815,2.211400131164097,2.206492054836898,2.2016774940553847,2.1969539831199625,2.192319111068135,2.1877705214668386,2.1833059120884415,2.178923034485577,2.1746196934774638,2.1703937465600394,2.1662431032503418,2.162165724374548,2.1581596213085663,2.154222855178402,2.1503535360275308,2.1465498219570107
IPSL-CM5A-LR,351,China,Bern-SAR,1.1975207275892146,2.339523747888162,2.7376902440988413,2.8697561467205976,2.9093210395966667,2.9186188139078406,2.9193163231908787,2.9184669900642555,2.917987131615948,2.9180864946695007,2.9184870654447197,2.9188379130521436,2.9188418281726993,2.9182818324989612,2.917015447561084,2.9149606807226722,2.912081746882829,2.908376854531255,2.9038684276976725,2.89859552187113,2.892608049627411,2.885962444533521,2.878718447596811,2.8709367608622687,2.8626773660868707,2.8539983503426702,2.8449551155239274,2.8355998764417647,2.8259813739020174,2.8161447461133378,2.806131514975442,2.795979654061575,2.7857237130746206,2.7753949797259585,2.765021664754902,2.7546290994828664,2.744239938122933,2.733874359229724,2.7235502623262624,2.713283456996466,2.703087842677064,2.6929755780883053,2.682957239765972,2.6730419695390615,2.6632376110712346,2.653550835776582,2.6439872585494717,2.634551543831763,2.625247502588203,2.6160781807836035,2.607045939958782,2.5981525304924493,2.589399158117498,2.5807865442345115,2.5723149805367607,2.563984378429171,2.5557943136922145,2.547744066809099,2.5398326593435945,2.532058886725525,2.524421347771927,2.516918471245,2.5095485397220574,2.5023097110293744,2.495200037469151,2.4882174830490937,2.4813599389046366,2.4746252370872397,2.468011162875597,2.4615154657529543,2.45513586917979,2.448870079279458,2.4427157925431158,2.4366707026506407,2.430732506494731,2.424898909487184,2.4191676302192278,2.413536404540328,2.408002989114358,2.4025651645057318,2.3972207378437496,2.391967545108185,2.3868034530753217,2.3817263609596186,2.37673420178312,2.3718249435012697,2.366996589911023,2.3622471813650003,2.357574795312522,2.3529775466869127,2.3484535881559583,2.3440011102512965,2.3396183413906617,2.3353035478053177,2.331055033384384,2.3268711394459665,2.322750244444421,2.318690763621783,2.3146911486110606,2.3107498869977556,2.3068655018458037
IPSL-CM5A-LR,351,China,MAGICC6(ensemblemedian),1.195140529164218,2.327863507485994,2.7204162268245766,2.85259914560904,2.8965761571951836,2.9126863817869495,2.9210844909072486,2.9278141701764193,2.934199469715936,2.940157049771964,2.9453134190141603,2.9493442157884022,2.9520483728576603,2.953339775843024,2.953219265692515,2.9517470130351873,2.9490204224186147,2.945157886393494,2.940287381916007,2.934538736671191,2.92803856354051,2.920907089472807,2.9132563069416832,2.905189034696228,2.8967985928947217,2.8881688840405837,2.879374733320116,2.870482386409105,2.8615500944625722,2.8526287384346802,2.843762460713094,2.8349892831803167,2.8263416985889607,2.817847227527565,2.809528936952716,2.80140591876661,2.7934937285803154,2.785804785873479,2.778348737420387,2.7711327862266777,2.7641619884015785,2.757439520439924,2.7509669193521464,2.74474429798914,2.7387705377852893,2.733043461001133,2.727559984397599,2.722316256123488,2.7173077774510896,2.7125295108542655,2.707975975790824,2.7036413334272416,2.6995194614290963,2.695604019834934,2.6918885089343223,2.6883663199823644,2.6850307795020223,2.6818751878523934,2.6788928526741285,2.67607711776281,2.6734213878663136,2.670919149852483,2.66856399064864,2.666349612313957,2.6642698445689375,2.6623186550733253,2.6604901577137405,2.6587786191357994,2.657178463730445,2.6556842772630755,2.6542908093141744,2.6529929746815673,2.6517858538799053,2.650664692856879,2.6496249020342137,2.6486620547684745,2.647771885317555,2.6469502863877725,2.646193306329714,2.6454971460415453,2.644858155633463,2.64427283089915,2.643737809636071,2.643249867850186,2.6428059158775867,2.642402994450089,2.6420382707299637,2.6417090343341263,2.6414126933668363,2.641146770476057,2.6409088989477407,2.640696818848799,2.6405083732294456,2.640341504392213,2.6401942502353157,2.640064740675303,2.639951194153687,2.639851914231375,2.639765286272967,2.639689774223516,2.6396239174783758
IPSL-CM5A-LR,351,China,TOTEM2,1.103951379426966,2.2402412133412324,2.731491786763167,2.9778661983582437,3.127294428882448,3.2348468465760316,3.3213709347539364,3.3950684121506787,3.4594383267231925,3.5162039656400164,3.566393956751496,3.6107439209812897,3.6498477947014933,3.6842167218273048,3.7143036359579247,3.7405149430293516,3.7632172073612957,3.782741772306747,3.7993884154604656,3.813428462645022,3.8251075344411096,3.8346480052084124,3.8422512185023097,3.8480994881558646,3.85235790766218,3.8551759869235767,3.856689133098569,3.8570199904926,3.8562796529488987,3.8545687608856833,3.8519784939631196,3.8485914693134236,3.844482554321996,3.839719602089829,3.834364116936395,3.8284718565990783,3.8220933771527346,3.8152745261009704,3.8080568885705883,3.8004781910709204,3.792572666856948,3.7843713865488824,3.7759025573152534,3.767191793609943,3.7582623621691966,3.7491354037200146,3.739830133613431,3.7303640233893516,3.720752965086473,3.7110114199399282,3.7011525529512794,3.691188354674779,3.681129751437053,3.6709867050902973,3.6607683032942133,3.6504828412280137,3.6401378955484267,3.629740391330013,3.619296662656824,3.608812507467407,3.598293237202256,3.5877437217457104,3.5771684301109783,3.566571467273448,3.5559566075174485,3.5453273246293993,3.5346868192352567,3.524038043556675,3.513383723827864,3.5027263805983626,3.492068347121576,3.481411786010019,3.4707587043239276,3.4601109672411194,3.4494703104420013,3.4388383513335827,3.428216599221733,3.417606464531354,3.4070092671653778,3.3964262440839317,3.3858585561783316,3.375307294506298,3.364773485948392,3.3542580983419534,3.343762045141348,3.3332861896485544,3.322831348856432,3.312398296940525,3.3019877684318666,3.291600461102524,3.2812370385902807,3.2708981327861055,3.2605843460096167,3.250296252988333,3.2400344026635195,3.2297993198364523,3.2195915066701697,3.209411444061337,3.199259592894086,3.189136395185936,3.1790422751373457
IPSL-CM5A-MR,351,China,NCARCSM1.4,1.1663454161257125,2.3083532577684847,2.7344421050043715,2.89609206517508,2.959316214167219,2.9851579638105687,2.9960804986293,3.0003806386917775,3.0011626956318556,2.9996338468525665,2.9963117932075063,2.991465423806852,2.985274154413477,2.9778844421383703,2.969429010036761,2.9600327809615226,2.9498142607827718,2.9388855142212384,2.927351831269383,2.9153114409801595,2.9028553659135325,2.890067421100029,2.8770243346008386,2.8637959618779476,2.8504455684499472,2.8370301594294336,2.8236008387140608,2.8102031842862223,2.7968776291585833,2.783659840019556,2.7705810876632153,2.7576686049110055,2.744945929020683,2.732433226593325,2.7201475997821962,2.7081033732215793,2.696312361563,2.6847841178599063,2.673526163302554,2.662544198991916,2.6518423005701117,2.641423096607659,2.6312879316951623,2.621437015206249,2.611869556697909,2.6025838888968242,2.5935775791920705,2.58484753051801,2.576390072469083,2.5682010434427607,2.560275864559572,2.552609606061457,2.545197046841714,2.538032727714073,2.5311109989827787,2.5244260628329824,2.517972011019763,2.5117428582953973,2.505732571978345,2.4999350980333745,2.4943443840008537,2.4889543990834437,2.4837591516719373,2.4787527045662747,2.473929188124992,2.469282811555036,2.4648078725343434,2.4604987653417867,2.456349987652594,2.4523561461425807,2.4485119610307824,2.444812269677581,2.4412520293443025,2.4378263192096736,2.4345303417295443,2.43135942341697,2.4283090151133178,2.4253746918126575,2.4225521520962774,2.4198372172279745,2.417225829955706,2.414714053060429,2.412298067688599,2.40997417150112,2.4077387766678666,2.4055884077338128,2.4035196993800083,2.4015293941000326,2.3996143398101673,2.397771487409625,2.395997888305147,2.3942906919125435,2.3926471431466814,2.3910645799089965,2.3895404305819588,2.3880722115373207,2.3866575246648543,2.3852940549271486,2.383979567945277,2.382711907619369,2.3814889937876074
IPSL-CM5A-MR,351,China,HadGEM2-ES,1.167302518764064,2.3163236833322185,2.7546103793236396,2.9318101255964835,3.0124536226851912,3.056479438873032,3.0855684313522422,3.107488231033963,3.125004588105201,3.139126017565708,3.150272098769948,3.158684302622776,3.1645630335377444,3.1681076690250385,3.169523741774657,3.1690201773018782,3.166804490578662,3.163078445865738,3.158034792254755,3.151855064420681,3.144708265065098,3.1367502251150285,3.1281234634664536,3.118957403038158,3.1093688323198916,3.099462528477426,3.0893319793728735,3.0790601583707096,3.068720318452421,3.0583767817816265,3.0480857081275246,3.0378958310067863,3.0278491544657804,3.0179816064231915,3.008323646681574,2.9989008292895174,2.989734320044781,2.980841370687461,2.9722357518297757,2.9639281469726315,2.9559265101203525,2.948236389562908,2.9408612203794746,2.9338025881502174,2.927060466262079,2.920633429071205,2.9145188430487226,2.90871303789489,2.903211459463737,2.8980088061998073,2.8930991506526915,2.888476047505537,2.8841326294311735,2.8800616919748703,2.876255768555734,2.8727071965798583,2.869408175566959,2.8663508181081334,2.8635271943954383,2.860929370993502,2.8585494444590376,2.8563795703555144,2.8544119881569356,2.8526390424862256,2.8510532010896217,2.849647069908729,2.848413405575595,2.8473451256235736,2.8464353166769403,2.845677240855683,2.845064340607488,2.844590242157149,2.8442487577439555,2.8440338867997434,2.8439398162041645,2.8439609197394526,2.8440917568537074,2.8443270708300243,2.8446617864483366,2.845091007217092,2.84561001224352,2.8462142528034358,2.8468993486645853,2.8476610842114214,2.848495404413546,2.8493984106749743,2.850366356597096,2.851395643683971,2.8524828170150744,2.8536245609074435,2.854817694586234,2.8560591678800358,2.857346056955255,2.8586755601015,2.860044993578365,2.8614517875322205,2.8628934819901994,2.864367722937384,2.865872258481962,2.86740493511216,2.8689636940479084
IPSL-CM5A-MR,351,China,MPI-ESM,1.1711911764097773,2.3382309001702293,2.7933420602171752,2.980532075160954,3.0640562699908287,3.1051315600938048,3.126961352899612,3.1386705584876267,3.144122811430645,3.145174702402299,3.142882206914512,3.1379526297127747,3.130917985711685,3.1222050188135073,3.112166417461993,3.101097070328786,3.0892442162089395,3.0768148182523847,3.0639814519387567,3.05088723787863,3.037650064843702,3.02436623739849,3.011113636415366,2.9979544591629748,2.984937593618301,2.9721006736054907,2.95947185520933,2.9470713498269197,2.9349127448619146,2.923004139267155,2.911349117809281,2.8999475849957914,2.8887964770247523,2.87789036784286,2.8672219833973904,2.856782636404759,2.8465625924101072,2.836551376549071,2.8267380292258144,2.81711131786981,2.8076599110098734,2.798372520094744,2.7892380137789354,2.780245508770033,2.7713844407888724,2.7626446187180247,2.754016264595536,2.74549004174858,2.737057073042727,2.728708950946097,2.7204377408658265,2.7122359790044994,2.704096665801971,2.6960132558687513,2.687979645180435,2.679990156183366,2.672039521359186,2.6641228657065525,2.6562356885229916,2.648373844802637,2.6405335265107133,2.6327112439462246,2.6249038073637116,2.617108308989827,2.609322105540201,2.601542801317977,2.5937682319527706,2.5859964488226175,2.5782257041852326,2.57045443703393,2.5626812596826403,2.554904945076372,2.5471244148174197,2.539338727891839,2.5315470700762197,2.5237487440034725,2.5159431598614073,2.5081298266983207,2.500308344308236,2.492478395667168,2.484639739892647,2.4767922056981955,2.4689356853148228,2.461070128852771,2.453195539076946,2.4453119665703347,2.4374195052612797,2.4295182882905717,2.4216084841965415,2.4136902933960522,2.405763944941733,2.3978296935357672,2.3898878167826325,2.3819386126631743,2.3739823972144243,2.3660195023999284,2.3580502741563083,2.3500750706031974,2.3420942604040405,2.334108221266136,2.3261173385695333
IPSL-CM5A-MR,351,China,Bern3D-LPJ(ensemblemedian),1.169107153414657,2.327408883261358,2.776678776796263,2.9642710111235324,3.0544592003295308,3.1074787306266436,3.145369638471859,3.1761804132395697,3.202857417377243,3.2265035063716243,3.2475676461861447,3.266275359263322,3.282781469235502,3.2972219517395547,3.3097296799055096,3.32043769269392,3.32947851201248,3.3369825110577516,3.343076330568115,3.3478816230464803,3.351514158589002,3.3540832492273145,3.3556914317201674,3.356434351573388,3.3564007994383736,3.3556728600161483,3.3543261416348398,3.352430061426481,3.350048166556158,3.347238476415443,3.3440538342634034,3.34054225964148,3.336747295142757,3.3327083428933673,3.3284609874983477,3.324037303290875,3.3194661445643576,3.3147734181107533,3.309982337875926,3.305113661906082,3.300185912024637,3.2952155768672204,3.2902172990303056,3.2852040471706534,3.280187273937774,3.2751770606401513,3.270182249543156,3.2652105646794087,3.260268722023783,3.255362529849597,3.2504969800415084,3.2456763310972114,3.240904183504528,3.236183548135755,3.231516908255728,3.2269062756970235,3.222353241713788,3.2178590229857336,3.2134245032062867,3.209050270653311,3.2047366521077505,3.200483743454589,3.1962914372716793,3.192159447685883,3.188087332750869,3.184074514578742,3.1801202974369485,3.1762238840025154,3.1723843899484585,3.168600857021674,3.164872264755959,3.1611975409518176,3.1575755710413786,3.1540052064468562,3.150485272029567,3.147014572718945,3.143591899401193,3.140216034140473,3.13688575479885,3.13359983911389,3.1303570682886632,3.127156230142235,3.123996121865414,3.1208755524211362,3.117793344626178,3.1147483369462363,3.1117393850342103,3.108765363038481,3.1058251647046395,3.1029177042932004,3.100041917332169,3.097196761222763,3.094381215713772,3.091594283259436,3.0888349892733014,3.08610238229038,3.0833955340475585,3.080713539492086,3.0780555167268497,3.075420606899559,3.0728079740435033
IPSL-CM5A-MR,351,China,Bern2.5D-LPJ,1.1520228310177643,2.2297632214565994,2.5983754297408916,2.7270227640842735,2.7801655507596346,2.8129182501830305,2.8420229073298007,2.8713524336465186,2.9008819111574287,2.9297108768540308,2.956987179331383,2.9821199871073882,3.0047727341130335,3.0248031918270475,3.042203103578496,3.0570505151257357,3.0694754567396276,3.079636385484307,3.0877045148016435,3.0938536745872165,3.098253955401496,3.101067900423671,3.1024483899232487,3.1025376344551634,3.1014668817091735,3.0993565715060574,3.0963167617298097,3.09244770787315,3.087840519343247,3.082577842925186,3.076734542076027,3.0703783529167428,3.063570505870565,3.0563663072020537,3.048815678148206,3.040963651516584,3.0328508269712118,3.0245137870176406,3.0159854761226286,3.0072955455909156,2.998470666855888,2.9895348157814845,2.9805095304566542,2.971414144816574,2.962266000263473,2.9530806372940033,2.943871968977369,2.93465243797159,2.9254331586178286,2.9162240455148516,2.907033929848116,2.897870664630944,2.888741219907566,2.879651768870042,2.8706077657515268,2.8616140162772106,2.8526747413805458,2.8437936348252504,2.834973915313113,2.8262183736023707,2.817529415111831,2.808909098440568,2.8003591701923005,2.791881096456555,2.7834760912650913,2.775145142311977,2.766889034198155,2.7587083694363415,2.7506035874301293,2.742574981620292,2.734622714973155,2.7267468339693584,2.7189472812360367,2.7112239069519584,2.7035764791427885,2.6960046929725126,2.6885081791270036,2.6810865113763467,2.673739213394667,2.6664657649083434,2.6592656072370113,2.6521381482853164,2.645082767038305,2.6380988176078457,2.631185632873181,2.6243425277546617,2.617568802155833,2.6108637436057913,2.6042266296306185,2.597656729880058,2.591153308033039,2.58471562350328,2.5783429329644934,2.572034491712487,2.5657895548801233,2.5596073785192335,2.5534872205626744,2.5474283416780406,2.54143000602362,2.5354914819162895,2.52961204241987
IPSL-CM5A-MR,351,China,CLIMBER2-LPJ,1.1633923676073055,2.2884636790645607,2.6915736820638654,2.8290293138585425,2.8688892496991922,2.873126460296496,2.864650085970251,2.8519681410458935,2.8382660645396816,2.824751260203385,2.8118874318986546,2.7998519580700485,2.788706880557719,2.778464067354339,2.7691110475295675,2.7606220445981977,2.75296328450309,2.746095962507542,2.7399781524564704,2.7345661631182536,2.729815554811642,2.7256819180052325,2.7221214709120147,2.719091513574698,2.7165507661231825,2.714459613042347,2.712780271244026,2.7114768966447187,2.710515641454491,2.7098646723158475,2.709494157701955,2.709376231529929,2.7094849387224595,2.7097961674232667,2.7102875717095642,2.710938487921239,2.7117298471225264,2.7126440857073275,2.7136650557400817,2.7147779362759126,2.715969146616499,2.7172262622211973,2.7185379337992566,2.7198938099504857,2.721284463594222,2.7227013223230347,2.724136602735849,2.725583248740483,2.727034873765336,2.7284857067816817,2.7299305420093143,2.73136469215786,2.7327839450418385,2.7341845233988216,2.7355630477354045,2.736916502024162,2.738242202076543,2.7395377664195264,2.74080108950908,2.742030317119272,2.7432238237528628,2.744380191926349,2.7454981931902642,2.7465767707532778,2.747615023586543,2.7486121918922324,2.749567643828129,2.750480863387022,2.751351439337257,2.7521790551367125,2.7529634797398552,2.7537045592227134,2.754402209156585,2.7550564076672757,2.7556671891202242,2.7562346383784857,2.756758885582953,2.75724010140991,2.7576784927635054,2.758074298865106,2.7584277877043633,2.7587392528194563,2.7590090103776355,2.7592373965285306,2.75942476500638,2.7595714849578266,2.759677938975784,2.759744521319801,2.759771636306585,2.7597596968545823,2.759709123168986,2.7596203415539597,2.7594937833403335,2.759329883918439,2.759129081865857,2.758891818161906,2.7586185354800303,2.758309677551694,2.7579656885942994,2.7575870127978175,2.7571740938640485
IPSL-CM5A-MR,351,China,DCESS,1.1617654148751102,2.2844918560019405,2.6966513419403144,2.8558219140493266,2.927213646020002,2.9693755295243434,3.00227545339656,3.03216919432806,3.0606187310803317,3.0877134340078447,3.1131838820730637,3.1367591841958675,3.1582599227122516,3.177604156914282,3.194789083758624,3.2098693926988364,3.222938574248933,3.234114386510425,3.2435281075692597,3.2513168326318,3.257618095820148,3.2625662208631523,3.266289937266882,3.268910911553878,3.270542932458052,3.271291557194434,3.2712540772261254,3.270519700201377,3.26916987311211,3.2672786927056587,3.2649133646467603,3.262134684290457,3.25899752024813,3.255551287995036,3.2518404051678043,3.247904723367954,3.243779933550324,3.239497943670051,3.2350872283700447,3.230573151242687,3.225978260693631,3.2213225607434386,3.2166237582781667,3.211897488341141,3.207157519074505,3.2024159378909083,3.1976833203981996,3.192968883524388,3.188280624203863,3.1836254448947345,3.1790092671047874,3.174437134012512,3.16991330318238,3.1654413302897866,3.161024144692719,3.156664117613967,3.1523631236297827,3.1481225960979757,3.1439435771009068,3.1398267624258103,3.135772542056621,3.1317810366071543,3.1278521300853903,3.123985499341976,3.120180640522639,3.1164368928142365,3.112753459746171,3.1091294282850956,3.105563785936545,3.1020554360487926,3.0986032114935558,3.0952058868832673,3.091862189467844,3.088570808841634,3.085330405577085,3.0821396188922447,3.078997073447363,3.075901385357491,3.0728511674999295,3.0698450341864745,3.06688160526543,3.0639595097102945,3.061077388748098,3.058233898573835,3.0554277126943297,3.0526575239390743,3.049922046173712,3.0472200157465243,3.0445501926970127,3.0419113617512705,3.03930233312794,3.036721943174695,3.0341690548543854,3.0316425580977318,3.029141370037204,3.0266644351365257,3.024210725227143,3.021779239463702,3.0193690042075443,3.016979072847958,3.0146085255684714
IPSL-CM5A-MR,351,China,GENIE(ensemblemedian),1.1602470780333434,2.2719640610952223,2.6653511156561107,2.8011689418338204,2.8470867728673217,2.86337739197073,2.871137826287075,2.87731328627842,2.883845430977856,2.8909925687332363,2.898515526282281,2.9060859954839304,2.913414886406611,2.920282440824209,2.926535960091166,2.932078575484801,2.9368570488521857,2.9408510437362176,2.9440643711462577,2.946518084898912,2.9482451356138397,2.9492862833567846,2.949687006621457,2.949495191649255,2.948759428745336,2.9475277781750644,2.945846897405285,2.9437614447788647,2.9413136932103803,2.9385433021050402,2.9354872072201763,2.9321795972486844,2.9286519530202195,2.92493313079625,2.9210494755037244,2.917024953164174,2.912881294435293,2.9086381432490898,2.9043132061317687,2.8999223990268,2.8954799893910494,2.8909987320588697,2.886489997918663,2.881963894858721,2.877429380746885,2.8728943684325423,2.8683658229215014,2.8638498509865644,2.859351783552592,2.854876251242601,2.8504272534972706,2.846008221692002,2.8416220766740943,2.8372712811347744,2.832957887215427,2.828683579729611,2.8244497153618586,2.8202573581816264,2.816107311789219,2.812000148387349,2.807936235050624,2.8039157574441353,2.7999387412218493,2.7960050713172877,2.792114509320235,2.788266709117634,2.7844612309601504,2.7806975541032197,2.7769750881563464,2.7732931832639744,2.769651139228934,2.766048213680143,2.7624836293761237,2.758956580728119,2.755466239618271,2.752011760581539,2.74859228541378,2.7452069472618135,2.741854874246985,2.7385351926680865,2.7352470298254716,2.731989516504463,2.728761789151712,2.7255629917759063,2.7223922776006377,2.719248810494463,2.7161317662015336,2.7130403333928417,2.7099737145570435,2.706931126747667,2.70391180220175,2.7009149888438477,2.6979399506875517,2.6949859681457893,2.692052338259907,2.689138374856861,2.6862434086422264,2.683366787236807,2.680507875163326,2.6776660537890056,2.674840721229825
IPSL-CM5A-MR,351,China,LOVECLIM,1.1554102559804442,2.2495926615153086,2.634482096957242,2.7732823754372173,2.8293198631083722,2.85833301177962,2.878219458413843,2.89405675877994,2.906897648751346,2.916743444730165,2.9234704455369456,2.9270642380219702,2.9276385648199086,2.9254000703665386,2.9206092283633236,2.9135501353763607,2.9045100927419045,2.893766910268532,2.881581628260756,2.868194822761941,2.853825188837105,2.838669521673643,2.822903519371559,2.8066830379265935,2.790145565551933,2.7734117724092107,2.7565870490589015,2.7397629834494537,2.72301874932732,2.706422393345786,2.6900320169855956,2.6738968546859785,2.6580582526191914,2.6425505541576584,2.6274018988178787,2.6126349416601053,2.598267499996804,2.5843131339532404,2.5707816670186996,2.5576796522782534,2.545010789558415,2.5327762982723105,2.5209752503248195,2.5096048670385005,2.498660783691399,2.4881372849184986,2.4780275139167145,2.46832365811054,2.4590171136771284,2.4500986310964517,2.44155844367966,2.433386380836995,2.4255719676734717,2.418104512343049,2.410973182450574,2.4041670716622217,2.3976752575699902,2.391486851750756,2.385591042866077,2.379977133564222,2.37463457186842,2.369552977666437,2.3647221648535326,2.36013215962509,2.3557732153635973,2.351635824519232,2.3477107278418616,2.3439889212848457,2.3404616608674145,2.3371204657528653,2.3339571197712563,2.3309636715918214,2.3281324337283507,2.325455980539839,2.3229271453718496,2.320539016968135,2.318284935266256,2.3161584866799854,2.3141534989578023,2.3122640356974045,2.3104843905869745,2.3088090814344655,2.3072328440396146,2.3057506259567675,2.3043575801895653,2.3030490588540404,2.3018206068421003,2.3006679555116865,2.2995870164280636,2.2985738751754172,2.2976247852560863,2.296736162092008,2.2959045771397517,2.2951267521291796,2.294399553434069,2.2937199865803493,2.293085190897092,2.2924924343142123,2.29193910830869,2.291422723001095,2.2909409024034715
IPSL-CM5A-MR,351,China,MESMO,1.1567061111199157,2.2632096848104637,2.6722177919589485,2.842701943128092,2.9342349559493335,3.000105729036482,3.05682936613988,3.108787770205652,3.156729900655703,3.2005570522037323,3.240141095209974,3.2755013282846965,3.3067952947627663,3.3342714147812633,3.358225869133637,3.3789720807058474,3.3968214515475013,3.412072185453704,3.4250034089758543,3.435872586394919,3.4449149019626337,3.4523437687075638,3.458351945350316,3.463112948217581,3.46678257294418,3.4695004192453083,3.471391359668093,3.472566921816918,3.4731265704816927,3.473158885949504,3.4727426403505435,3.471947776889064,3.4708362982815055,3.469463071297708,3.467876554359196,3.4661194549202787,3.4642293229803256,3.4622390866301984,3.460177535069919,3.45806975407354,3.455937518438404,3.4537996455427655,3.4516723137549628,3.4495693490866386,3.4475024831619443,3.4454815852839906,3.443514871113629,3.4416090902364993,3.439769694675382,3.4380009902082826,3.4363062721737903,3.4346879472833565,3.433147642814431,3.4316863044255337,3.4303042837148943,3.4290014165362255,3.4277770929868345,3.426630319895357,3.4255597765556525,3.4245638643818186,3.4236407510931075,3.4227884099787396,3.4220046547392706,3.421287170352272,3.4206335403670547,3.420041270993042,3.4195078123110587,3.4190305769045817,3.418606956178541,3.4182343346069173,3.4179101021271467,3.417631664877058,3.417396454450914,3.417201935834069,3.4170456141589503,3.4169250404117886,3.4168378162055375,3.4167815977237637,3.4167540989292258,3.4167530941209345,3.416776419916109,3.4168219767244445,3.4168877297759273,3.4169717097565457,3.417072013101365,3.417186801988447,3.4173143040728298,3.417452811996049,3.417600682702049,3.4177563365879204,3.417918256513895,3.418084986695199,3.4182551314954797,3.4184273541388484,3.4186003753567507,3.418772971982955,3.4189439755089963,3.419112270610541,3.4192767936544812,3.419436531194747,3.419590518463898
IPSL-CM5A-MR,351,China,UVic2.9,1.1588828120135455,2.2647336600249552,2.6534835877990335,2.787564731854536,2.8343446720005496,2.8533479282544616,2.8649609178927804,2.875577106739402,2.88674807918857,2.898474235138032,2.9103576026189755,2.921981975286115,2.933019369648651,2.943243887646365,2.9525176963876705,2.960771469639297,2.967986390804635,2.974179470810679,2.979392168604866,2.9836818067129327,2.9871152105181302,2.989764067269881,2.9917015952334025,2.993000201481899,2.9937298801108816,2.9939571608983866,2.9937444637923147,2.9931497495809194,2.9922263839307988,2.9910231524911612,2.9895843804144118,2.98795012155894,2.9861563916937595,2.9842354268863063,2.9822159534416066,2.980123459667976,2.9779804626751933,2.9758067655990774,2.9736197022688233,2.971434367527213,2.9692638322833123,2.9671193430017055,2.9650105057730802,2.9629454554136943,2.9609310102419886,2.9589728133055826,2.9570754609012697,2.955242619260517,2.953477130273876,2.9517811071093534,2.950156020547307,2.948602776814296,2.9471217876523195,2.94571303331191,2.9443761191085045,2.943110326133413,2.941914656663955,2.940787874772537,2.9397285425923467,2.9387350526576452,2.937805656699813,2.936938491245927,2.936131600335373,2.9353829556406503,2.934690474252096,2.9340520343618435,2.933465489060048,2.9329286784362485,2.932439440160024,2.9319956186986613,2.931595073314042,2.9312356849671226,2.930915362246065,2.930632046422463,2.930383715729816,2.930168388949318,2.9299841283793326,2.9298290422573072,2.9297012866962677,2.9295990671913383,2.9295206397465714,2.9294643116668437,2.929428442055411,2.929411442053107,2.929411774851868,2.929427955511495,2.9294585506058586,2.9295021777217736,2.9295575048313016,2.9296232495561947,2.9296981783410136,2.9297811055495777,2.9298708924981045,2.9299664464364605,2.9300667194880736,2.930170707557583,2.93027744921428,2.9303860245585924,2.9304955540778255,2.930605197496637,2.930714152627154
IPSL-CM5A-MR,351,China,ACC2,1.1605121556741824,2.2747295163733385,2.6729949365255266,2.8150857138104266,2.8676643508543154,2.8902302696963225,2.9033621066252495,2.913696907640918,2.9230240507201004,2.9315584215989925,2.939089868287209,2.9453647897380244,2.9501954414614557,2.953476824826954,2.9551754623274205,2.9553122909867016,2.9539467681871048,2.9511639739380247,2.947064737505472,2.941758320938939,2.9353571247041823,2.927972943480727,2.919714390078766,2.9106851893614842,2.900983113646902,2.890699386105116,2.879918421284037,2.868717804549983,2.857168437106366,2.8453347921371326,2.8332752419161253,2.821042426515339,2.808683642869858,2.796241239053347,2.7837530031748967,2.7712525396967536,2.7587696284783894,2.7463305636903144,2.7339584710766847,2.7216736030034516,2.7094936114037047,2.6974337991964354,2.6855073510626872,2.6737255446567216,2.66209794343897,2.6506325723667947,2.6393360776848858,2.6282138720338435,2.617270266051273,2.6065085875834706,2.595931289561106,2.585540047524355,2.5753358477134234,2.5653190665721533,2.5554895424454895,2.545846640188449,2.5363893093439174,2.5271161364902444,2.5180253923072087,2.5091150738600545,2.500382942556556,2.491826558190656,2.4834433094483,2.4752304412164277,2.4671850790044467,2.459304250758516,2.4515849063225983,2.4440239347766104,2.4366181798598814,2.4293644536683554,2.4222595487965677,2.4153002490782387,2.4084833390655516,2.4018056123731304,2.395263879000677,2.3888549717378065,2.3825757517438246,2.376423113386966,2.3703939884190706,2.364485349554155,2.3586942135133238,2.353017643591502,2.3474527517969834,2.3419967006089184,2.336646704394267,2.3314000305210576,2.3262540002013288,2.3212059890941994,2.3162534276957514,2.3113938015405906,2.306624651236922,2.3019435723547557,2.2973482151855253,2.292836284388581,2.2884055385393993,2.2840537895922646,2.279778902268838,2.275578793383451,2.2714514311139364,2.267394834226833,2.263407071263987
IPSL-CM5A-MR,351,China,Bern-SAR,1.1628827298160558,2.2887933235874347,2.699740473261207,2.852254071042594,2.912655220642865,2.9409213649615102,2.9582296494150238,2.971729438230446,2.983597142803728,2.994321975077649,3.003879629667341,3.0121369728044005,3.0189800624446783,3.0243452343841546,3.0282182957052317,3.030624909723432,3.031620006351359,3.0312785862570504,3.029688389752755,3.026944291867546,3.023144130066439,3.018385668155459,3.012764441086306,3.0063722734992213,2.9992963082693396,2.9916184173443905,2.9834148960220417,2.9747563645711548,2.9657078189006643,2.9563287858391956,2.9466735493461282,2.936791422303267,2.926727044967326,2.9165206961150227,2.906208606712782,2.895823268847671,2.885393734866569,2.874945903341645,2.864502789736299,2.8540847805791127,2.8437098706413604,2.8333938831108263,2.8231506731083,2.812992315136623,2.802929275212345,2.7929705685290047,2.7831239035528403,2.773395813470882,2.763791775905053,2.7543163217834477,2.74497313422516,2.7357651382527375,2.726694582099989,2.717763110833466,2.7089718329569528,2.700321380618819,2.69181196399519,2.683443420375897,2.6752152584373503,2.6671266981458883,2.6591767066969805,2.6513640308607664,2.6436872260713224,2.636144682567425,2.6287346488642402,2.6214552528105894,2.614304520462496,2.607280392983071,2.6003807417585665,2.5936033819035904,2.586946084311576,2.58040658639233,2.5739826016248717,2.5676718280420125,2.561471955751697,2.555380673590234,2.549395674993826,2.543514663165989,2.5377353556116344,2.5320554881011343,2.526472818122361,2.520985127872476,2.5155902268366286,2.5102859539958864,2.505070179703034,2.4999408072607188,2.494895774233149,2.489933053519884,2.485050654216866,2.480246622287999,2.4755190410676957,2.470866031613358,2.466285752924621,2.4617764020442583,2.4573362140548713,2.452963461983349,2.448656456624377,2.444413546292775,2.440233116513897,2.4361135896599064,2.432053424539396
IPSL-CM5A-MR,351,China,MAGICC6(ensemblemedian),1.1605739064906453,2.2774230147147843,2.6827796779353763,2.835241886672704,2.8997996184853987,2.934626482156274,2.9594424881109123,2.9804112061255035,2.9991196778110742,3.015754753617539,3.030181576094223,3.0422768163458507,3.0520066416601885,3.0594242203358455,3.064647178696772,3.0678344554364774,3.0691677223058473,3.0688378575552164,3.067035643024559,3.063945662856958,3.0597425187900575,3.0545886758698892,3.0486334315596797,3.04201264265082,3.034848950194606,3.0272523198309917,3.019320770397845,3.0111412033160847,3.0027902733532073,2.9943352612106007,2.9858349223144027,2.9773402959115454,2.968895465300811,2.9605382646336316,2.9523009308245776,2.9442107011604652,2.9362903585066364,2.928558726803918,2.921031119990305,2.9137197476797128,2.906634080967195,2.8997811816607046,2.8931659981040436,2.8867916305802774,2.88065956908929,2.8747699060891607,2.869121526587427,2.863712277770597,2.8585391201716455,2.853598262197681,2.848885279674445,2.8443952219112,2.8401227056485343,2.836061998122397,2.832207090359536,2.8285517617119678,2.825089636540069,2.821814233865207,2.8187190107319418,2.8157973999469,2.813042842795313,2.8104488172762325,2.8080088623434336,2.8057165985901498,2.803565745771471,2.8015501375185123,2.799663733562253,2.797900629752916,2.7962550661306205,2.7947214332774464,2.793294277157049,2.791968302625625,2.790738375780296,2.7895995252917105,2.788546942853623,2.787575982866631,2.7866821614619495,2.7858611549580723,2.7851087978346794,2.78442108029697,2.7837941454972106,2.783224286471055,2.7827079428410175,2.7822416973321125,2.7818222721406705,2.7814465251909213,2.7811114463113715,2.7808141533573676,2.780551888304353,2.7803220133318494,2.780122006916773,2.7799494599507284,2.7798020718954444,2.779677646986713,2.779574090497272,2.779489405065997,2.7794216871002484,2.779369123257127,2.779329987007383,2.779302635286078,2.779285505231924
IPSL-CM5A-MR,351,China,TOTEM2,1.0720090946930758,2.1911907791164866,2.69182049089584,2.955824615056553,3.1245657173396846,3.250826192931264,3.3547276977715783,3.444309789710057,3.523106750369368,3.592940699515313,3.654954333925908,3.7099955645799767,3.7587632820101375,3.8018648397528,3.8398406934571905,3.8731766249415522,3.9023110983321487,3.927640553334781,3.9495236934481746,3.9682851816915274,3.9842189168198594,3.997590972840913,4.008642249652219,4.017590868093944,4.024634335874104,4.029951506956108,4.033704354351955,4.036039574182535,4.0370900371028355,4.036976101629437,4.035806802517796,4.033680926081024,4.0306879832101,4.026909089829111,4.022417763595605,4.01728064481492,4.011558148779778,4.005305056061739,3.998571046658378,3.991401183337875,3.9838363490162143,3.9759136425400743,3.967666736834444,3.9591262029951997,3.9503198035663734,3.941272757936629,3.9320079825052523,3.9225463080198355,3.9129066762569065,3.9031063180119276,3.893160914176174,3.8830847415094034,3.8728908045654173,3.8625909550875304,3.8521960000655233,3.841715799533089,3.831159355082508,3.820534889978233,3.8098499216701414,3.7991113274274215,3.7883254037501333,3.777497920147777,3.766634167821863,3.7557390037375002,3.7448168905213195,3.733871932584134,3.7229079088252437,3.7119283022465273,3.7009363267664828,3.689934951503443,3.678926922767396,3.6679147839771358,3.6569008937020215,3.645887442005512,3.6348764652508962,3.6238698595172454,3.6128693927565165,3.60187671581115,3.590893372400924,3.579920808176494,3.5689603789289186,3.558013358034731,3.5470809432084405,3.536164262629649,3.525264380503359,3.5143823021062177,3.5035189783692386,3.49267531003998,3.4818521514631793,3.47105031401762,3.4602705692409277,3.449513651670745,3.4387802614320857,3.428071066590329,3.4173867052965776,3.406727787742277,3.396094897941106,3.385488595355524,3.3749094163822093,3.364357875708606,3.3538344675542326
MIROC-ESM,351,China,NCARCSM1.4,0.9942305888819509,2.025561797087651,2.47126276064737,2.690561486279273,2.8170390792547844,2.901077952375775,2.9622918720377287,3.008836248274733,3.0445310399449657,3.0714973806257437,3.091141436452011,3.1045282494038346,3.112529478311231,3.1158865270310856,3.115241326218206,3.1111541777939116,3.10411595523467,3.0945574717599733,3.0828571600481554,3.069347576570344,3.05432099760566,3.038034271670214,3.020713045498415,3.0025554548254094,2.983735354625507,2.964405151386289,2.9446982905064822,2.924731444137051,2.9046064383003403,2.8844119526546335,2.8642250216389127,2.844112361793808,2.824131546698135,2.8043320480945666,2.7847561593256387,2.7654398150997643,2.746413319802017,2.727701995011703,2.709326755550109,2.6913046222259442,2.673649178445569,2.6563709769879007,2.6394779024906043,2.6229754945382378,2.606867235671884,2.591154808139888,2.5758383227725563,2.5609165229804502,2.5463869665394436,2.5322461875296263,2.518489840534374,2.5051128289758036,2.492109419259059,2.479473342218373,2.4671978831977146,2.4552759619574998,2.4437002034729356,2.432463000577579,2.4215565693060115,2.4109729977006467,2.400704288768433,2.3907423982020988,2.381079267417754,2.371706852403492,2.36261714882325,2.3538022137745966,2.3452541845584522,2.3369652947821846,2.3289278880847526,2.3211344297431094,2.3135775163927286,2.306249884071212,2.299144414772801,2.2922541416821667,2.285572253239005,2.2790920961686423,2.2728071776010936,2.2667111663872763,2.2607978937104543,2.255061353080645,2.2494956997904927,2.2440952499029825,2.238854478833841,2.233768019584909,2.228830660678643,2.2240373438386154,2.2193831614559096,2.2148633538770524,2.2104733065450355,2.2062085470216366,2.202064741915893,2.1980376937407766,2.194123337717811,2.1903177385462937,2.186617087152949,2.183017697434765,2.179516003006864,2.1761085539654657,2.1727920136747674,2.1695631555853057,2.1664188600903533
MIROC-ESM,351,China,HadGEM2-ES,0.9950424009017607,2.032431641556004,2.4889140659497646,2.7222826948523466,2.8648942694925252,2.9661689495138384,3.044997103824164,3.109007993170769,3.1616515110676624,3.2047994687429777,3.2397007067105275,3.267332119050841,3.288528507825101,3.3040318006515537,3.3145110806723226,3.320572170594562,3.3227635292907745,3.321580848507006,3.3174711576122347,3.3108366846070254,3.3020385317485528,3.291400166258906,3.27921071411714,3.265728046799659,3.2511816561624713,3.2357753178957176,3.219689548156035,3.20308386099745,3.1860988362393963,3.1688580086413927,3.1514695898912337,3.1340280351144054,3.1166154655015337,3.0993029583223075,3.082151715120752,3.0652141183210455,3.0485346858554276,3.0321509327845604,3.01609414823705,3.000390095363415,2.985059641390131,2.9701193242786648,2.9555818619460994,2.9414566094902677,2.9277499693841484,2.91446575916109,2.901605540703431,2.889168914870953,2.8771537848604485,2.8655565913719037,2.8543725223681817,2.8435956999521124,2.8332193466451088,2.8232359331335615,2.8136373093510896,2.804414820584879,2.795559410131212,2.787061709877222,2.7789121200519395,2.771100879268193,2.76361812586704,2.7564539514768613,2.749598447609323,2.743041746032983,2.736774053591757,2.7307856820689462,2.7250670736374927,2.7196088223828045,2.7144016923354957,2.7094366324071664,2.7047047885823488,2.7001975136837446,2.6959063749953294,2.691823159998597,2.6879398804507,2.684248775009488,2.6807423105888635,2.677413182608566,2.674254314285017,2.6712588550941834,2.668420178523234,2.6657318792150866,2.6631877695984554,2.660781876085738,2.658508434911859,2.656361887678777,2.654336876663062,2.6524282399370755,2.650631006348418,2.6489403903968385,2.647351787043044,2.645860766479425,2.6444630688889927,2.643154599215231,2.6419314219625725,2.6407897560444282,2.6397259696932167,2.6387365754447276,2.6378182252071274,2.6369677054232676,2.6361819323333573
MIROC-ESM,351,China,MPI-ESM,0.9983422429938916,2.0513858597754724,2.5231583720947848,2.766411461564183,2.9129267262115297,3.012939712102801,3.0864622342576187,3.1421902218736264,3.18448370028771,3.21595588860445,3.2384444452588985,3.2533852978178737,3.2619647156411076,3.265188053703948,3.2639162972282314,3.2588893978845075,3.2507435482498845,3.240025165529749,3.2272027294453567,3.212677006454226,3.196789954188286,3.17983250093171,3.1620513484171218,3.1436549201510515,3.124818559969439,3.1056890720715655,3.0863886826275415,3.06701849346215,3.047661489933136,3.028385157744284,3.009243756923872,2.990280295449141,2.971528239919298,2.953012996192859,2.9347531889441907,2.916761765595979,2.899046946998365,2.881613044501992,2.864461160670693,2.8475897887627606,2.8309953242433155,2.814672499947717,2.7986147550685265,2.7828145468652377,2.7672636128757055,2.7519531904239063,2.736874199352186,2.7220173931471257,2.7073734829603042,2.6929332384402507,2.678687568778642,2.664627586924251,2.650744659524999,2.6370304448134627,2.6234769203509507,2.6100764022820067,2.59682155752205,2.5837054101006145,2.5707213427090907,2.5578630943495155,2.545124754850161,2.5325007568988274,2.51998586614597,2.5075751698440776,2.4952640644153607,2.483048242276529,2.4709236781935,2.458886615392513,2.44693355161281,2.435061225251907,2.42326660172449,2.411546860130913,2.3998993803100284,2.388321730332926,2.376811654478698,2.3653670617216656,2.353986014747353,2.3426667195071356,2.3314075153137153,2.320206865473671,2.3090633484489396,2.297975649535157,2.2869425530419356,2.275962934958078,2.265035756083016,2.2541600556046215,2.2433349451030407,2.232559602959427,2.2218332691491325,2.211155240397923,2.20052486568125,2.1899415420462693,2.179404710737372,2.1689138536062718,2.158468489788732,2.1480681726306083,2.1377124868466497,2.1274010458964723,2.117133489562802,2.10690948171784,2.0967287082646244
MIROC-ESM,351,China,Bern3D-LPJ(ensemblemedian),0.9965736609258558,2.0420130289993867,2.508352479709819,2.7514032356689513,2.903219490516606,3.0134021081080786,3.1010993395363573,3.1741522037728083,3.236150872154312,3.2890419089017646,3.334097197596811,3.372278838315756,3.404380706613532,3.431086889619077,3.452998721565489,3.4706495641121977,3.484514473939022,3.4950174690933045,3.5025374626657744,3.5074133172586306,3.5099482384484935,3.5104136313721286,3.5090525036287303,3.5060824773046555,3.5016984609272224,3.4960750239324776,3.4893685099771705,3.4817189203769687,3.4732515947537954,3.4640787124274723,3.4543006350659264,3.4440071085212463,3.433278339556676,3.4221859612536067,3.4107938992318605,3.3991591493812963,3.3873324765555397,3.3753590425923443,3.363278971076247,3.351127855428788,3.338937216182913,3.3267349126578005,3.314545513685682,3.302390631544365,3.2902892228081355,3.2782578594396217,3.2663109730984354,3.2544610753345724,3.2427189560602625,3.2310938624496743,3.219593660197602,3.2082249788735435,3.196993342932875,3.185903289791219,3.174958476227639,3.1641617742571193,3.1535153574999732,3.1430207789746305,3.132679041149244,3.1224906590057318,3.112455716796163,3.102573919105182,3.0928446367721927,3.0832669481735637,3.073839676316151,3.06456142214995,3.0554305944682434,3.046445436727644,3.0376040510885978,3.0289044199480233,3.0203444252088207,3.011921865508416,3.0036344716059507,2.9954799201095725,2.987455845706656,2.979559852045222,2.971789521399515,2.964142423240446,2.9566161218200087,2.949208182867623,2.941916179487835,2.934737697339117,2.927670339166822,2.9207117287552835,2.913859514358737,2.9071113716640222,2.9004650063335,2.893918156171898,2.8874685929559005,2.8811141239625355,2.8748525932277973,2.8686818825648577,2.862599912367452,2.85660464222237,2.8506940713517035,2.8448662389044643,2.839119224114271,2.8334511463388057,2.8278601649950907,2.82234447940272,2.8169023285468096
MIROC-ESM,351,China,Bern2.5D-LPJ,0.9820763224899536,1.9575458042515579,2.35087399437466,2.537269280608465,2.6501635583770966,2.735744449857441,2.809237785117308,2.875229783653612,2.934884830550848,2.988426920597908,3.0359359581756187,3.0775628809165707,3.11355717836495,3.1442430744477803,3.1699887284865524,3.1911808581364833,3.208206697436086,3.2214422019222697,3.231244890736038,3.2379499183283627,3.241868310464013,3.2432866062332786,3.2424673832732416,3.2396503128082252,3.235053509240405,3.2288750199898955,3.2212943561989738,3.212474001865135,3.2025608636460556,3.1916876399239174,3.1799740984251486,3.1675282586045665,3.154447479368875,3.140819455381584,3.1267231267320517,3.112229507552739,3.0974024394908084,3.0822992759582957,3.0669715029151137,3.051465301659435,3.03582205876069,3.020078827905377,3.0042687480558716,2.9884214219605703,2.9725632587083064,2.956717783694628,2.9409059190651567,2.925146237421429,2.9094551913179605,2.893847320844164,2.878335441370178,2.862930813340543,2.8476432958219204,2.8324814853500393,2.8174528414746383,2.802563800268661,2.787819876947857,2.7732257586379503,2.758785388228177,2.7445020401605524,2.7303783889236417,2.71641657094632,2.702618240520928,2.688984620325354,2.675516547059248,2.6622145126606753,2.6490787015251023,2.636109024108215,2.6233051472582463,2.610666521589982,2.5981924061833466,2.585881890862246,2.5737339162852573,2.561747292057347,2.5499207130522463,2.538252774116729,2.526741983312067,2.5153867738326388,2.5041855147289835,2.4931365205498035,2.4822380600070795,2.47148836375797,2.4608856313888583,2.45042803767817,2.4401137382077063,2.42994087438534,2.4199075779361174,2.4100119749131266,2.40025218927483,2.3906263460709143,2.381132574274907,2.3717690092977795,2.362533795214023,2.3534250867281123,2.3444410509070948,2.3355798687021014,2.326839736279923,2.318218866183262,2.3097154883368245,2.301327850914638,2.2930542210825515
MIROC-ESM,351,China,CLIMBER2-LPJ,0.9917251485538913,2.008386345324912,2.433589547528399,2.6306199639827876,2.7349042209397503,2.797767363635816,2.8393594034161374,2.8681612049067717,2.8881904553244127,2.9016783400225394,2.910076209872153,2.9144446557807875,2.9156126180470348,2.9142495302672367,2.9109034469755546,2.9060249275707317,2.8999842021101716,2.8930846031104083,2.8855735458644505,2.8776516872536204,2.869480630209099,2.8611894247600285,2.8528800571007817,2.844632081858049,2.8365065270911627,2.8285491815743162,2.8207933575184647,2.813262208119685,2.805970667626208,2.798927071640615,2.7921345068494663,2.78559193208457,2.779295106388944,2.7732373544343787,2.76741019508663,2.7618038550269692,2.7564076860208275,2.75121050159279,2.746200846452855,2.7413672099610964,2.736698193165404,2.732182637455335,2.7278097216065995,2.72356903291259,2.719450617184352,2.7154450116236895,2.711543263916481,2.7077369403363263,2.704018125177851,2.7003794134415458,2.696813898356851,2.6933151550481167,2.6898772214110145,2.686494577068092,2.683162121105927,2.6798751491570383,2.676629330274426,2.673420683950169,2.67024555755019,2.6671006043716736,2.6639827624758206,2.6608892344046575,2.6578174678549673,2.6547651373535737,2.651730126955369,2.6487105139669715,2.6457045536850394,2.642710665126904,2.639727417723554,2.636753518938121,2.6337878027697967,2.630829219099633,2.6278768238332235,2.6249297697952536,2.6219872983298806,2.6190487315629625,2.616113465281887,2.6131809623915108,2.6102507469052285,2.60732239843302,2.604395547129708,2.6014698690685925,2.5985450820083265,2.595620941521867,2.592697237459491,2.5897737907184735,2.586850450295258,2.5839270905963265,2.581003608986933,2.578079923557316,2.5751559710885012,2.5722317052005277,2.5693070946673937,2.566382121884741,2.563456781476542,2.5605310790292344,2.557605029941543,2.554678658380414,2.551751996333083,2.548825082747287,2.545897962751242
MIROC-ESM,351,China,DCESS,0.990343800971734,2.004897246411478,2.4377198147514036,2.6536428028159316,2.7860422308827353,2.883520018764538,2.9637542518828015,3.033228573712568,3.0944312045555904,3.1484605526984892,3.195953003839433,3.237402309380157,3.2732616443914893,3.303970462487536,3.3299571452883585,3.3516352552045707,3.369399240192604,3.3836212244774,3.394649106178237,3.402805764805478,3.4083891032610834,3.4116726759299216,3.4129067055323707,3.412319340525326,3.4101180451851922,3.406491045661522,3.4016087786470526,3.395625306531371,3.3886796754588215,3.3808972017703574,3.37239067877784,3.3632615003782984,3.353600701175509,3.343489914914395,3.33300225443194,3.3222031171923487,3.311150920958999,3.299897774370935,3.2884900872216165,3.276969125141157,3.2653715132039878,3.2537296927533346,3.2420723354741865,3.2304247184734245,3.2188090638505082,3.207244845971863,3.195749069401959,3.184336520196843,3.1730199930336114,3.1618104964325333,3.15071743812766,3.13974879245613,3.128911251466264,3.118210361288028,3.107650645166685,3.0972357144301217,3.086968368541575,3.0768506852813293,3.0668841020027924,3.0570694888190584,3.0474072144951414,3.03789720574753,3.028539000586151,3.0193317962734647,3.010274492420658,3.001365729691506,2.992603924539233,2.983987300361865,2.9755139154235533,2.9671816878576,2.9589884180351502,2.950931808557829,2.94300948210648,2.9352189973571843,2.927557863154205,2.920023551112562,2.9126135068052355,2.9053251596756966,2.8981559318030756,2.891103245634157,2.884164530786577,2.8773372300162725,2.870618804434412,2.86400673804966,2.857498541705438,2.851091756473793,2.844783956562928,2.8385727517884,2.832455789654556,2.8264307570868583,2.820495381853112,2.814647433706608,2.8088847252818354,2.8032051127702418,2.797606496400173,2.792086820743851,2.78664407487065,2.781276292365391,2.775981551227117,2.770757973663577,2.7656037257938557
MIROC-ESM,351,China,GENIE(ensemblemedian),0.9890559440153736,1.9940983482272847,2.410317617351838,2.6050754746965055,2.7138067596574538,2.7866385563084433,2.842318451590354,2.8880464632230884,2.9267657320207694,2.959841159991128,2.988042590393666,3.011905184097364,3.031861365352904,3.0482892371039685,3.0615306313814767,3.0718982455222084,3.0796789373822637,3.085135719113714,3.0885093367257874,3.0900197268132885,3.0898674319540853,3.088234986256163,3.085288262296444,3.0811777674651375,3.0760398797387767,3.0699980160476095,3.0631637293449305,3.055637732876749,3.0475108519692347,3.038864904977541,3.0297735159684946,3.020302862328755,3.0105123608725672,3.0004552962275173,2.990179395348982,2.9797273519894922,2.969137304856642,2.9584432730529393,2.947675552219033,2.936861074611841,2.9260237361479464,2.915184693239446,2.904362632047569,2.8935740125823752,2.882833289888472,2.872153114376321,2.861544513189668,2.851017054340146,2.840578995192208,2.8302374167440254,2.819998345022307,2.80986686079239,2.7998471986763804,2.78994283667386,2.7801565769884466,2.770490618981018,2.7609466249948085,2.7515257797281767,2.7422288437685975,2.7330562018436972,2.724007906293446,2.7150837162203474,2.706283132731189,2.6976054306454835,2.689049687009671,2.680614806724824,2.6722995455655374,2.6641025308425297,2.6560222799361815,2.6480572169077883,2.640205687374771,2.632465971819064,2.6248362974810098,2.6173148489772307,2.6098997777672603,2.602589210581948,2.5953812569160006,2.5882740156767454,2.581265581072882,2.574354047818674,2.5675375157216958,2.5608140937161648,2.554181903397147,2.547639082106349,2.5411837856149195,2.5348141904441874,2.528528495861854,2.5223249255867257,2.516201729232563,2.510157183518266,2.5041895932690363,2.498297292230913,2.4924786437185795,2.4867320411146707,2.4810559082368346,2.4754486995874565,2.4699089004990316,2.464435027187348,2.4590256267232102,2.4536792769322577,2.4483945862318763
MIROC-ESM,351,China,LOVECLIM,0.9849506898166266,1.9746953566504342,2.382765922109337,2.5791051979209136,2.6958567394725,2.779450005206933,2.845884369513609,2.900641732207568,2.945741009127589,2.982161588863692,3.0106268259560585,3.0318250490029315,3.046449735624827,3.055189777346231,3.058711904722534,3.0576468376663164,3.0525809091712306,3.0440522042811407,3.0325498428669984,3.018515257034187,3.002344635985965,2.984391983500374,2.9649724316319177,2.9443655897504133,2.9228187973793744,2.900550206915867,2.877751658811983,2.8545913344968126,2.8312161861061242,2.8077541501775807,2.7843161569487713,2.7609979491117653,2.7378817246979024,2.7150376187423837,2.692525037863508,2.670393861106975,2.6486855194911834,2.6274339657295767,2.606666544653514,2.586404773941592,2.566665043897187,2.5474592442108825,2.5287953249027324,2.51067779795836,2.493108185551371,2.476085420179547,2.4596062015276945,2.4436653144045155,2.4282559116780393,2.41336976575243,2.3989974917825623,2.385128745509931,2.371752398320995,2.3588566918728655,2.346429374400619,2.334457820611356,2.3229291368820935,2.3118302533078223,2.3011480039922723,2.290869196835471,2.2809806739462686,2.2714693636952377,2.26232232532079,2.253526786909737,2.2450701774897652,2.236940153896623,2.229124623011116,2.221611759899775,2.2143900223381365,2.2074481621464526,2.200775233721899,2.194360600112006,2.1881939369377443,2.182265234441186,2.176564797904094,2.171083246657378,2.1658115118764685,2.1607408333378926,2.1558627552914835,2.1511691215863467,2.146652070173195,2.1423040270908715,2.1381177000331624,2.134086071580814,2.130202392172774,2.126460172882428,2.12285317805665,2.1193754178671314,2.1160211408186944,2.112784826251861,2.109661176872875,2.1066451113397138,2.103731756927804,2.100916442296244,2.0981946903721966,2.09556221136737,2.093014895938823,2.090548808504068,2.0881601807176757,2.0858454051156086,2.0836010289320694
MIROC-ESM,351,China,MESMO,0.9860493664965397,1.9864138235340087,2.415723403658769,2.640628006813281,2.7901715215745844,2.9086472950781217,3.010752713552682,3.1012269966000963,3.181681649344102,3.252876415484895,3.315415037996038,3.369917459974253,3.4170343462212633,3.457424650232684,3.491732213313892,3.520569524333623,3.544508536204591,3.5640766321554724,3.5797559160738626,3.59198448296274,3.601158776683249,3.6076364737976214,3.611739554238486,3.6137573611352103,3.6139495399582118,3.6125488005151465,3.6097634771636806,3.6057798811743207,3.6007644496723135,3.5948657012172367,3.588216010808924,3.580933218135643,3.573122082930592,3.5648756008125484,3.5562761922165382,3.547396776125375,3.5383017393820095,3.529047811447134,3.519684853593471,3.510256570710481,3.500801153138093,3.4913518552534324,3.4819375169011626,3.472583033180807,3.4633097775796524,3.4541359829648486,3.445077084516232,3.4361460282917453,3.427353548762974,3.4187084183388166,3.410217671605639,3.401886806749926,3.3937199663930553,3.3857200998528434,3.3778891086529526,3.3702279769258885,3.3627368881963573,3.355415329888863,3.3482621867730513,3.341275824443713,3.3344541638256264,3.327794747597928,3.321294799345985,3.314951276169944,3.308760915408851,3.302720276074546,3.29682577553204,3.2910737219105966,3.2854603426823967,3.2799818098026416,3.274634261766959,3.269413822906361,3.26431662020858,3.259338797926589,3.254476530208587,3.2497260319611767,3.2450835681356627,3.2405454616093157,3.236108099815624,3.2317679402620674,3.2275215150606207,3.223365434582794,3.2192963903402187,3.2153111571809347,3.211406594883061,3.207579649218411,3.2038273525512957,3.2001468240313757,3.1965352694326077,3.1929899806854403,3.189508335143793,3.1860877946245876,3.1827259042530898,3.1794202911435017,3.176168662941744,3.1729688062535857,3.1698185849792226,3.1667159385724872,3.1636588802414622,3.1606454951047023,3.1576739383156354
MIROC-ESM,351,China,UVic2.9,0.9878981821279056,1.987838075802438,2.399797797828413,2.5926703845526564,2.701759912169121,2.7766432103263257,2.8355065403185997,2.8850909687972943,2.927997032318501,2.9653476179868696,2.9977496557766536,3.0256348437097214,3.0493756025893908,3.069321101386032,3.0858059426600035,3.099150326007945,3.1096582108769644,3.1176155736855753,3.1232893001555584,3.126926738828649,3.1287557955983067,3.128985428286238,3.1278064176954903,3.125392316977216,3.1219005048704602,3.1174732879432288,3.1122390123068984,3.106313157010904,3.099799390168504,3.0927905754577973,3.0853697215089633,3.077610870241035,3.069579922769703,3.061335403316793,3.052929162800635,3.044407024617437,3.0358093756455866,3.027171705800922,3.018525099602803,3.009896683226016,3.0013100304471707,2.9927855307724305,2.9843407228761847,2.9759905963013065,2.967747864182029,2.959623209557438,2.9516255076522064,2.943762026315769,2.936038606633216,2.928459825553245,2.921029142220223,2.913749029550431,2.9066210924557705,2.899646173992066,2.892824450592945,2.8861555174436613,2.879638464951678,2.873271947181578,2.867054243040573,2.860983310926756,2.8550568374848093,2.849272281052531,2.8436269103260288,2.8381178387206645,2.832742054859236,2.8274964495771724,2.822377839796963,2.8173829895899343,2.812508628712525,2.807751468876405,2.8031082179863906,2.798575592557232,2.794150328499731,2.78982919044785,2.785608979781578,2.7814865414850596,2.777458769965633,2.7735226139469003,2.7696750805377794,2.765913238569131,2.7622342212805173,2.758635228431134,2.755113527901742,2.7516664568472438,2.7482914224538404,2.744985902348881,2.741747444706737,2.738573668089404,2.73546226105655,2.7324109815760838,2.729417656262998,2.7264801794712485,2.723596512260865,2.7207646812599284,2.71798277743903,2.715248954813797,2.712561429089295,2.709918476258647,2.707318431166662,2.7047596860480843,2.7022406890488972
MIROC-ESM,351,China,ACC2,0.9892806932315249,1.9964782987045286,2.416994016822171,2.617413954145183,2.7323280237338246,2.8111786547427995,2.8722232124881355,2.922340917878687,2.9642863537844515,2.9993336577999687,3.0282316930295705,3.0515428557094286,3.069758871110137,3.0833373299590403,3.092711126867674,3.0982894443196103,3.100456729479629,3.099571726409104,3.09596709078732,3.08994960819783,3.081800895445898,3.0717784459879733,3.0601168992231984,3.047029439407086,3.0327092538766665,3.017330999812321,3.001052243929898,2.984014850977257,2.9663463054613697,2.948160957321876,2.9295611868354055,2.9106384873036153,2.8914744663727925,2.872141768401004,2.8527049213199205,2.83322111207372,2.8137408950658243,2.794308838185224,2.7749641109793397,2.755741019434519,2.7366694916516856,2.717775518488796,2.699081553000372,2.680606872252168,2.6623679048336526,2.6443785271401588,2.6266503312536575,2.6091928670201168,2.5920138607026333,2.575119412385417,2.5585141741130726,2.5422015105736424,2.5261836439711254,2.5104617845840713,2.495036248369454,2.4799065628460757,2.4650715623771067,2.450529473867084,2.4362779937937,2.422314357408168,2.4086354008595166,2.3952376169267504,2.3821172049780386,2.3692701157173444,2.3566920912257254,2.344378700756113,2.332325372696614,2.3205274230779676,2.3089800809646612,2.297678511036605,2.2866178336393372,2.275793142553353,2.2651995207097695,2.254832054057243,2.2446858437653145,2.2347560169319416,2.2250377359461577,2.2155262066427417,2.2062166853722833,2.19710448509792,2.1881849806197256,2.1794536130171998,2.1709058933922623,2.162537405986328,2.1543438107386104,2.1463208453456204,2.1384643268761327,2.130770152990828,2.1232343028103475,2.1158528374718295,2.108621900409586,2.101537717391985,2.0945965963439197,2.0877949269804743,2.0811291802756187,2.074595907786844,2.068191740854542,2.061913389693414,2.055757642390765,2.049721363825709,2.04380149452115
MIROC-ESM,351,China,Bern-SAR,0.9912922255034567,2.0086389909925115,2.440585142341187,2.6508677319532716,2.7736321084466944,2.8585976009267138,2.924442653175258,2.978430751038772,3.02362083251538,3.0615131770873933,3.093018290904344,3.118810501663177,3.1394564260472184,3.155461519602953,3.167287145332446,3.1753572620638257,3.180061615729819,3.1817578571253913,3.180773396315948,3.1774072312860473,3.1719317938863667,3.1645947969110018,3.155621053760758,3.145214244735901,3.1335586103373076,3.12082055831167,3.107150176495359,3.092682647645543,3.077539565530643,3.061830153781541,3.045652390565067,3.0290940431889233,3.0122336174069893,2.9951412265645425,2.9778793858802977,2.9605037371647334,2.9430637091674483,2.9256031185630493,2.908160716353102,2.890770684197569,2.873463084910282,2.856264271066901,2.8391972553903524,2.8222820463021705,2.805535951761746,2.7889738542630447,2.7726084596194553,2.756450521944516,2.740509047027865,2.7247914761133916,2.7093038519082118,2.694050968487157,2.679036506607064,2.6642631558067564,2.6497327245429023,2.6354462394960625,2.621404035076576,2.607605834063781,2.5940508202250143,2.5807377036815624,2.5676647797164938,2.5548299816540747,2.5422309283807785,2.529864967024349,2.5177292112579828,2.5058205756529457,2.494135806462193,2.482671509181646,2.471424173202276,2.460390193836843,2.4495658919775734,2.438947531616839,2.428531335440556,2.4183134986841677,2.4082902014226772,2.398457619449691,2.3888119338859504,2.3793493396437895,2.3700660528623243,2.3609583174165727,2.3520224105943397,2.343254648025165,2.334651387937746,2.3262090348146702,2.3179240425068923,2.3097929168640583,2.3018122179313303,2.2939785617587667,2.2862886218643084,2.27873913038792,2.2713268789702457,2.2640487193863446,2.2569015639617915,2.249882385795572,2.2429882188123016,2.2362161576634976,2.229563357496061,2.2230270336039606,2.21660446097795,2.210292973766152,2.204089964657489
MIROC-ESM,351,China,MAGICC6(ensemblemedian),0.9893327380297187,1.9987853160774975,2.425495832244281,2.635183905469043,2.761075406449155,2.8514725416052116,2.923846053312849,2.9845967445447803,3.0362287039132334,3.079920890849143,3.116426696802281,3.146373149837716,3.1703496702939264,3.1889267252975975,3.2026538125544963,3.212053393719517,3.2176157821823645,3.2197960416174998,3.2190127306137506,3.215648044478773,3.2100489181399876,3.20252874216142,3.1933694353959035,3.182823693210295,3.1711172873624514,3.1584513352234804,3.1450044856810537,3.1309349898536127,3.116382639138059,3.1014705629301647,3.086306884929275,3.0709862412260582,3.0555911660610198,3.0401933527216416,3.0248547978647817,3.009628837854534,2.994561085667103,2.9796902766552082,2.9650490310698903,2.9506645407654934,2.936559187004755,2.922751095761491,2.9092546364069087,2.8960808691724407,2.8832379463149467,2.8707314714720162,2.858564821288174,2.846739433016755,2.8352550614568717,2.8241100082683226,2.8133013264185407,2.802825002252374,2.792676117436192,2.78284899281036,2.7733373159869483,2.764134254350771,2.7552325549598864,2.7466246326953243,2.738302647877005,2.7302585744430266,2.722484259681098,2.7149714764028587,2.707711968363354,2.700697489647981,2.6939198386769583,2.6873708874122215,2.681042606292674,2.6749270853709124,2.6690165520760387,2.663303385984435,2.6577801309413847,2.6524395048404754,2.6472744073372767,2.642277925743753,2.637443339325491,2.632764122199277,2.628233945008981,2.6238466755374676,2.6195963783967704,2.6154773139220193,2.6114839363823457,2.607610891608254,2.6038530141251712,2.6002053238716365,2.596663022572939,2.5932214898316137,2.589876278990389,2.5866231128153325,2.5834578790424527,2.580376625824585,2.5773755571119534,2.5744510279943897,2.5715995400307934,2.568817736586741,2.566102398199526,2.563450437986109,2.56085889710782,2.55832494030357,2.555845851500787,2.553419029512721,2.551041983828106
MIROC-ESM,351,China,TOTEM2,0.9137906826867,1.9213897843899204,2.427442327078401,2.7345242493056374,2.9553343572651563,3.132587471546251,3.2831332215299756,3.4141978171363583,3.5293693546483165,3.6308090001786155,3.720072864911049,3.7984219805390884,3.8669432317301573,3.926600087051561,3.9782569101543532,4.022693014168633,4.060612456478794,4.09265182639721,4.119386896270096,4.141338494160251,4.158977764148268,4.172730906360117,4.182983458677396,4.190084168323728,4.19434849404005,4.196061774622582,4.1954820958012995,4.192842884248907,4.188355254718901,4.182210133816296,4.174580181661578,4.165621530682403,4.155475358936266,4.144269313710451,4.132118799647776,4.119128144289974,4.1053916527035925,4.0909945617443135,4.076013903509876,4.060519286623405,4.044573603166803,4.02823366833926,4.011550799243256,3.994571338590646,3.9773371285698795,3.9598859396181907,3.9422518583890946,3.9244656387987726,3.9065550196645917,3.8885450121151983,3.870458159648609,3.8523147734408694,3.8341331452611094,3.8159297401236127,3.7977193706051784,3.7795153545725255,3.7613296578987607,3.7431730235968796,3.725055088663464,3.7069844898012687,3.6889689590801082,3.6710154104924664,3.6531300182708706,3.6353182877510046,3.617585119489543,3.5999348672791553,3.582371390640535,3.5648981023183195,3.547518011254934,3.5302337614737405,3.513047667260371,3.4959617449941747,3.4789777419492123,3.4620971623528316,3.445321290962515,3.4286512143977257,3.412087840440068,3.3956319154950987,3.3792840403906315,3.363044684670057,3.346914199523901,3.3308928294889792,3.3149807230324004,3.2991779421268674,3.2834844709130815,3.267900223535793,3.2524250512327137,3.2370587487471028,3.2218010601280973,3.2066516839776025,3.191610278196124,3.17667646427488,3.1618498311784236,3.1471299388550324,3.1325163214121265,3.118008489987431,3.103605935345048,3.0893081302227765,3.0751145314544432,3.0610245818881774,3.0470377121205976
MIROC5,351,China,NCARCSM1.4,1.018710782863632,1.9752942487744973,2.287829884103698,2.368289447988096,2.367322488114748,2.3396144874219864,2.3046876239868883,2.2692425309090236,2.2353563309832896,2.2034812398284176,2.1735335012061894,2.145282347159776,2.118483554693552,2.0929207766347178,2.0684143698772424,2.044819438921156,2.0220208754728457,1.999928084237509,1.9784702425104124,1.9575922883159236,1.9372516122993044,1.917415364849074,1.8980582805525028,1.8791609302508678,1.8607083235466233,1.8426887971482686,1.8250931355657594,1.8079138801322794,1.7911447902323785,1.7747804271643735,1.7588158364687365,1.7432463090037478,1.728067204708506,1.7132738259989622,1.698861330208444,1.684824672505612,1.671158572377578,1.6578574981191605,1.6449156648740437,1.6323270426745,1.6200853716592487,1.6081841822444058,1.5966168185049046,1.5853764634134344,1.5744561648983997,1.5638488619343336,1.5535474100801345,1.5435446060410094,1.5338332109571973,1.5244059722224597,1.5152556437133786,1.5063750043707844,1.49775687512042,1.4893941341548027,1.4812797306232837,1.4734066967956174,1.4657681587766804,1.4583573458578438,1.4511675985949104,1.444192375704216,1.4374252598681863,1.4308599625396536,1.4244903278315122,1.4183103355743047,1.4123141036202314,1.406495889467442,1.4008500912737696,1.3953712483242817,1.3900540410123285,1.3848932903891498,1.3798839573327233,1.3750211413822464,1.3703000792807174,1.3657161432642166,1.3612648391331739,1.3569418041371375,1.352742804702257,1.3486637340271341,1.3447006095705283,1.3408495704518866,1.3371068747834451,1.3334688969507043,1.3299321248561793,1.326493157139724,1.3231487003871365,1.31989556633744,1.3167306690979268,1.3136510223749633,1.3106537367274949,1.3077360168492924,1.3048951588851472,1.3021285477854208,1.2994336547028804,1.2968080344346806,1.294249322912531,1.2917552347429044,1.2893235607991458,1.286952165866783,1.2846389863430683,1.2823820279914373,1.2801793637513252
MIROC5,351,China,HadGEM2-ES,1.0195495589343426,1.9822025480865757,2.305119376062417,2.398574462306392,2.4118853903196693,2.398776864346605,2.3781179754002726,2.3561917324237576,2.3348303162143544,2.3143639168497674,2.2946718566512514,2.275543498826023,2.2567913419722614,2.2382776475755723,2.2199128725621375,2.201646506380493,2.18345724396596,2.1653445453985563,2.147321951850925,2.1294119972821575,2.1116424286002307,2.09404345316756,2.076645775548271,2.0594792326880254,2.0425718783872635,2.02594940196715,2.0096347929571965,1.9936481846231981,1.978006825390184,1.9627251397188283,1.9478148495941883,1.9332851351373888,1.9191428184663202,1.905392559207938,1.8920370533107342,1.8790772292596405,1.8665124376412414,1.8543406313869748,1.8425585350455138,1.83116180218761,1.8201451605920085,1.8095025452501343,1.7992272194982197,1.7893118847680685,1.7797487795642457,1.770529768343375,1.7616464210035803,1.7530900836988472,1.7448519416818011,1.7369230748546851,1.7292945066764782,1.7219572470372702,1.7149023296714536,1.708120844640743,1.7016039663776645,1.6953429777407958,1.6893292904952761,1.6835544625962429,1.678010212619168,1.672688431649646,1.6675811929159587,1.6626807594208433,1.657979589804093,1.6534703426448918,1.6491458793920315,1.6449992660912016,1.6410237740613198,1.6372128796561807,1.6335602632335235,1.6300598074407224,1.6267055949146572,1.6234919054828274,1.6204132129432174,1.6174641814919146,1.614639661859686,1.6119346872118439,1.6093444688593959,1.6068643918239258,1.6044900102935387,1.602217043002722,1.600041368564873,1.597959020782627,1.5959661839578627,1.5940591882203219,1.592234504891225,1.5904887418958842,1.5888186392373158,1.5872210645409384,1.585693008678868,1.5842315814808319,1.5828340075374514,1.5814976221004884,1.5802198670836733,1.5789982871668096,1.5778305260051009,1.5767143225449534,1.575647507446894,1.5746279996157637,1.5736538028378406,1.5727230025242214,1.571833762559385
MIROC5,351,China,MPI-ESM,1.0229564241865703,2.0011396975037856,2.3380749234749545,2.4392610268056107,2.4540068740505148,2.4373462345750063,2.4096072372323385,2.3783304453015255,2.3463352597185048,2.314690138265976,2.2838076505515046,2.253849364859755,2.224876545682531,2.196907087377717,2.1699377343298463,2.143953340069195,2.118931193052328,2.0948433845684673,2.0716583328212885,2.049341889997202,2.0278582041473294,2.0071704120066,1.9872412019987413,1.9680332716474518,1.9495096968031,1.931634226465162,1.9143715146622093,1.8976872991380584,1.8815485352103136,1.8659234920024792,1.8507818172491934,1.8360945760058824,1.821834267840119,1.8079748264258022,1.7944916048914277,1.7813613497783984,1.76856216603614,1.7560734751086904,1.7438759678456355,1.7319515536926287,1.7202833073767283,1.7088554140960865,1.6976531140462048,1.6866626469634283,1.675871197236583,1.6652668400274826,1.654838488746682,1.6445758441518359,1.6344693452687273,1.6245101222788145,1.6146899514701403,1.6050012123093271,1.5954368466604234,1.5859903201496386,1.5766555856540982,1.5674270488754742,1.5582995359460188,1.5492682630041268,1.5403288076690271,1.531477082338274,1.522709309228332,1.5140219970761042,1.5054119194183297,1.4968760943658108,1.4884117657902065,1.4800163858428863,1.4716875987269582,1.4634232256464421,1.4552212508590097,1.4470798087617933,1.4389971719427874,1.4309717401335913,1.4230020300024298,1.415086665729631,1.4072243703107807,1.3994139575363171,1.3916543245986692,1.3839444452816925,1.3762833636895826,1.3686701884753132,1.3611040875312383,1.3535842831069773,1.34611004732208,1.3386806980431847,1.3312955950975252,1.3239541367966048,1.3166557567457804,1.3093999209171108,1.3021861249648787,1.2950138917640848,1.2878827691543109,1.2807923278723057,1.2737421596580476,1.2667318755201677,1.2597611041477284,1.2528294904563562,1.2459366942576653,1.239082389041781,1.2322662608635884,1.2254880073240593,1.2187473366387493
MIROC5,351,China,Bern3D-LPJ(ensemblemedian),1.0211306879048376,1.9917916195301675,2.3239489811114526,2.4258852741369754,2.4467454180044825,2.4405592539174417,2.4265400543047186,2.4112330390460266,2.396635747804591,2.3831629966330614,2.370719531831574,2.3590800137887524,2.3480169998745235,2.3373385092477483,2.326894180951122,2.316571383088855,2.3062888444078307,2.295990361220351,2.285639329936405,2.275214227733546,2.264704961809666,2.254109956809792,2.2434338504274107,2.232685682885957,2.221877484435113,2.211023182061654,2.200137761250895,2.1892366308076587,2.178335148734649,2.167448275310776,2.1565903261321338,2.1457748032483686,2.1350142868779027,2.1243203737055913,2.1137036506115225,2.1031736949761406,2.092739094557853,2.0824074814290325,2.072185575652965,2.0620792353437194,2.052093510518137,2.0422326987613015,2.0325004012132797,2.0228995777706578,2.0134326007002095,2.004101306100843,1.9949070428358897,1.9858507187018999,1.97693284371049,1.968153570443555,1.959512731504603,1.9510098741347768,1.9426442920945504,1.9344150549345984,1.9263210347933561,1.9183609308670369,1.910533291701262,1.9028365354533598,1.8952689682716801,1.8878288009337292,1.8805141638789833,1.8733231207656413,1.8662536806731138,1.859303809064807,1.8524714376179503,1.8457544730198834,1.8391508048229923,1.8326583124432863,1.8262748713811092,1.819998358736249,1.8138266580833466,1.807757663768582,1.8017892846827461,1.7959194475616624,1.7901460998598282,1.784467212239661,1.7788807807143983,1.77338482847958,1.7679774074648076,1.762656599634296,1.7574205180625135,1.7522673078082271,1.7471951466086255,1.742202245412561,1.7372868487707067,1.7324472350982185,1.7276817168242649,1.7229886404414598,1.7183663864665697,1.7138133693233115,1.7093280371564004,1.704908871585648,1.7005543874075209,1.6962631322513186,1.692033686195895,1.6878646613527704,1.6837547014204026,1.6797024812141812,1.6757067061762456,1.671766111868498,1.6678794634522744
MIROC5,351,China,Bern2.5D-LPJ,1.0061629911007433,1.9073728332690136,2.172117136614183,2.2272221335267814,2.221180083583022,2.2028941505364523,2.1865291525777772,2.17475405670107,2.1668753296918934,2.161546192687415,2.15757161885341,2.1540746802336326,2.1504699522005417,2.146394438591865,2.1416421988450804,2.136113438761392,2.1297777958199373,2.122648850145076,2.114766821498853,2.1061870131529354,2.0969722098392105,2.087187763612867,2.0768984912814377,2.0661667835257003,2.055051517814161,2.0436074990399784,2.0318852417746935,2.0199309692017153,2.007786745275422,1.9954906847242604,1.9830772044724247,1.9705772928228311,1.958018781315976,1.945426609909698,1.9328230799330541,1.9202280917779735,1.9076593659281553,1.8951326469731868,1.8826618909109458,1.8702594364350489,1.8579361611246215,1.84570162356143,1.833564192434293,1.821531163679743,1.8096088666693126,1.7978027603990663,1.7861175205743827,1.774557118417055,1.7631248919561449,1.7518236105003917,1.7406555329295001,1.7296224603851562,1.7187257838899672,1.7079665273742575,1.6973453865461319,1.6868627639996832,1.6765188009192427,1.6663134057038123,1.6562462798053248,1.646316941046513,1.6365247446590614,1.6268689022598075,1.6173484989621227,1.6079625088008804,1.5987098086323688,1.5895891906552555,1.5805993736847672,1.5717390132995381,1.563006710969512,1.5544010222625622,1.5459204642185276,1.5375635219706627,1.529328654687095,1.5212143008977073,1.513218883265886,1.5053408128586634,1.4975784929639395,1.4899303224984701,1.4823946990465702,1.4749700215652295,1.467654692788325,1.4604471213590968,1.453345723717696,1.4463489257676296,1.4394551643429807,1.432662888495948,1.4259705606225936,1.4193766574427433,1.4128796708486653,1.4064781086355842,1.400170495126018,1.393955371698485,1.3878312972305082,1.3817968484644756,1.3758506203044605,1.369991226050978,1.3642172975803328,1.358527485474252,1.3529204591051627,1.347394906681838,1.3419495352597623
MIROC5,351,China,CLIMBER2-LPJ,1.016123286938645,1.9580778751538017,2.2511910604473964,2.3117060654001937,2.292003114362128,2.247486996241718,2.197969364463274,2.1502394288808766,2.1063580488239384,2.0667009665736726,2.031071404180587,1.999103326073775,1.9704045389932168,1.9446047659008008,1.9213693539481818,1.900400853907499,1.8814365840316445,1.8642451042742714,1.8486226264262844,1.8343896933904325,1.8213882119799538,1.8094788371564834,1.7985386782009063,1.7884592910227177,1.7791449217905857,1.7705109702763266,1.76248264495422,1.7549937853801765,1.7479858305111422,1.7414069143871336,1.7352110730092927,1.7293575483446435,1.7238101772100765,1.718536854370296,1.7135090605584997,1.7087014473219657,1.704091471631848,1.6996590740977997,1.6953863954118,1.6912575263273069,1.6872582870731017,1.683376032617626,1.679599480649401,1.6759185595309818,1.6723242738255926,1.668808585293329,1.6653643075139055,1.6619850125197009,1.658664948021049,1.6553989639788396,1.652182447430863,1.6490112646107142,1.645881709513944,1.6427904581675579,1.639734527947951,1.636711241370079,1.633718193839222,1.6307532249165035,1.6278143927020672,1.624899950986048,1.6220083288581606,1.619138112502492,1.6162880289356014,1.6134569314737102,1.6106437867393353,1.607847663039055,1.6050677199633672,1.6023031990761092,1.5995534155761122,1.5968177508263632,1.594095645658086,1.5913865943670524,1.58869013932852,1.5860058661656211,1.583333399412557,1.5806723986209805,1.5780225548628612,1.5753835875888251,1.5727552418047082,1.5701372855336213,1.5675295075339533,1.564931715246853,1.5623437329499072,1.5597654000956034,1.5571965698160373,1.5546371075766392,1.5520868899641127,1.5495458035946819,1.5470137441308198,1.544490615395222,1.5419763285725059,1.5394708014897354,1.5369739579677915,1.534485727236754,1.5320060434086233,1.529534845001983,1.5270720745131405,1.5246176780294491,1.522171604880334,1.5197338073226005,1.5173042402563517
MIROC5,351,China,DCESS,1.014698427158027,1.954681638602041,2.255768308093176,2.33498431797535,2.3419440765773025,2.328904629673514,2.3130607651202486,2.2992656405061767,2.2882432795571894,2.279501414696058,2.2723226660016693,2.266069586247276,2.260252763884459,2.254523261026977,2.2486457605739876,2.2424709609982223,2.2359124014337595,2.2289284056497585,2.2215084924587933,2.2136633392353313,2.2054174623043177,2.196803935119829,2.187860618814198,2.1786275075270605,2.169144890973762,2.1594521129354263,2.149586761680826,2.139584171166848,2.1294771437597997,2.119295828916113,2.109067709837131,2.09881766312952,2.088568066128165,2.078338933642474,2.068148071119103,2.058011235056579,2.0479422943205225,2.037953388058234,2.02805507739806,2.018256489189399,2.0085654508029362,1.9989886155494687,1.9895315786494474,1.980198983938954,1.970994621664236,1.9619215178204645,1.9529820155491477,1.9441778491356119,1.9355102111530573,1.9269798132897542,1.9185869413762386,1.9103315051033432,1.902213082892675,1.8942309623498927,1.8863841766997762,1.8786715375711613,1.871091664469979,1.863643011250286,1.8563238898665235,1.8491324916653156,1.8420669064520627,1.8351251395462571,1.8283051270198574,1.8216047492951075,1.815021843261742,1.8085542130586079,1.8021996396508644,1.7959558893219498,1.7898207211875325,1.7837918938292343,1.7778671711357388,1.7720443274313182,1.7663211519633637,1.7606954528143155,1.7551650602964055,1.7497278298826318,1.7443816447216438,1.739124417779899,1.7339540936503066,1.7288686500623278,1.7238660991256853,1.7189444883360347,1.7141019013688208,1.7093364586843007,1.7046463179651128,1.7000296744049554,1.6954847608658377,1.6910098479188411,1.6866032437826253,1.682263294171694,1.6779883820660038,1.6737769274116108,1.6696273867615268,1.6655382528649816,1.6615080542120422,1.6575353545404745,1.653618752310271,1.6497568801514526,1.6459484042893968,1.6421920239522394,1.6384864707636737
MIROC5,351,China,GENIE(ensemblemedian),1.0133678074733432,1.9438239673548594,2.2289416583066446,2.2886662845140235,2.2748010441278335,2.241084278397117,2.205635164798763,2.1738294940212795,2.146638727670904,2.123637321477441,2.104061300138995,2.087159969943313,2.072295538312361,2.0589562808629878,2.0467428773138456,2.0353488087862126,2.024541678250003,2.014147325936009,2.004036911878078,1.9941166202427825,1.9843195350815603,1.9745992661077245,1.9649249672914744,1.9552774570679419,1.9456462067895928,1.9360270118901315,1.9264201988411986,1.916829251815033,1.907259767458067,1.8977186655867242,1.8882135989721676,1.8787525175202435,1.8693433517434868,1.8599937879942174,1.850711113902391,1.8415021171724821,1.8323730246049736,1.8233294711291326,1.8143764909301057,1.8055185245572851,1.7967594373146076,1.7881025453407624,1.7795506466520956,1.7711060550949718,1.762770635678635,1.7545458401653145,1.7464327421079653,1.73843207076648,1.7305442435172227,1.7227693965102235,1.7151074134330013,1.7075579523182873,1.7001204703897037,1.6927942469808877,1.6855784045920112,1.6784719281671348,1.6714736826881167,1.6645824291873907,1.6577968392851419,1.651115508356081,1.6445369674290695,1.6380596939192962,1.6316821212879764,1.6254026477196812,1.6192196439016067,1.6131314599838256,1.607136431793527,1.601232886371375,1.595419146892155,1.5896935370274572,1.584054384802921,1.5785000259985436,1.5730288071358909,1.5676390880926532,1.5623292443810892,1.5570976691237168,1.5519427747566608,1.5468629944880348,1.541856783536431,1.5369226201721573,1.5320590065816353,1.5272644695737243,1.5225375611445278,1.5178768589160507,1.5132809664623899,1.5087485135357717,1.5042781562038336,1.4998685769079994,1.4955184844522451,1.4912266139303816,1.4869917265992427,1.4828126097045238,1.4786880762651355,1.4746169648215484,1.4705981391529082,1.4666304879673766,1.4627129245694446,1.4588443865078222,1.4550238352070177,1.4512502555853464,1.4475226556620089
MIROC5,351,China,LOVECLIM,1.0091308208355412,1.9245188109347402,2.202861723954851,2.2658983386943947,2.261348970982293,2.238864984163512,2.2137744351389785,2.189900108390498,2.1675467086193883,2.1461775083365353,2.125231067185114,2.1043140900007264,2.0832036461813557,2.0618042616562877,2.0401044784304463,2.018143529095268,1.9959883341764162,1.9737185109939976,1.951417007807259,1.929164498544754,1.9070362190985324,1.885100354797685,1.863417393060506,1.8420400615509147,1.821013608676701,1.8003762723558299,1.7801598406164545,1.7603902446544106,1.7410881486621852,1.7222695157938746,1.7039461391158897,1.6861261323048549,1.668814378478959,1.652012937715497,1.6357214150500148,1.6199372914135266,1.604656220263977,1.5898722927465516,1.5755782741648903,1.561765814417191,1.5484256348845014,1.5355476940741166,1.5231213341335803,1.5111354101670866,1.4995784041113978,1.4884385247652534,1.4777037954145158,1.4673621303565294,1.4574014014998031,1.447809496099698,1.4385743665854305,1.4296840733384253,1.4211268211960009,1.4128909903761069,1.4049651624485466,1.3973381419142645,1.389998973897112,1.3829369584004458,1.376141661534187,1.3696029240760577,1.3633108676924497,1.3572558991104091,1.3514287125011486,1.3458202903080956,1.3404219027271818,1.3352251060247828,1.3302217398585356,1.3254039237479203,1.3207640528252678,1.3162947929833946,1.3119890755223422,1.3078400913863653,1.3038412850717056,1.2999863482756877,1.2962692133496407,1.2926840466105312,1.2892252415587466,1.2858874120443275,1.2826653854175332,1.2795541956953642,1.2765490767713081,1.2736454556912296,1.2708389460153648,1.268125341283307,1.265500608595707,1.2629608823244378,1.2605024579609134,1.2581217861097092,1.2558154666339711,1.2535802429566636,1.2514129965210457,1.2493107414126243,1.2472706191433953,1.2452898935987915,1.2433659461470385,1.2414962709095065,1.2396784701905763,1.237910250065084,1.2361894161205378,1.2345138693514524,1.232881602202898
MIROC5,351,China,MESMO,1.0102667923155058,1.9363341352816323,2.235260433575724,2.3248525971583125,2.3494624896517777,2.356614644672861,2.3604967662273206,2.364412508490321,2.368492136312148,2.372195722067637,2.375031917606412,2.3767001053453525,2.3770689406246683,2.376124171679951,2.373923033497223,2.370561887552377,2.3661552769326994,2.360823119965187,2.3546832563967524,2.34784736302569,2.3404189294116877,2.332492462115203,2.324153401377948,2.3154784349593043,2.3065360190594886,2.29738699335949,2.2880852242648846,2.278678238953291,2.269207829972202,2.2597106203496695,2.2502185851861616,2.240759529155027,2.231357521265175,2.2220332892493513,2.2128045764083892,2.2036864638928537,2.1946916613744825,2.18583076893316,2.1771125128092863,2.168543957474748,2.160130696275691,2.151877022704912,2.1437860841771204,2.135860020008058,2.1281000851392986,2.120506761005387,2.113079854806628,2.1058185883304987,2.098721677354559,2.0917874025645258,2.085013672831084,2.078398081607247,2.071937957134606,2.0656304070797518,2.0594723581619676,2.0534605912787116,2.047591772585846,2.0418624809452943,2.036269232112081,2.0308084999966693,2.025476735305188,2.0202703818306267,2.0151858906411446,2.010219732387146,2.0053684079271323,2.0006284574521924,1.995996468271282,1.9914690814032217,1.9870429971067345,1.9827149794664716,1.9784818601414733,1.9743405413713908,1.9702879983261268,1.9663212808761201,1.9624375148521767,1.9586339028569917,1.9549077246836954,1.951256337391447,1.947677175082482,1.9441677484203632,1.9407256439252496,1.9373485230777738,1.9340341212600198,1.9307802465586403,1.9275847784528293,1.9244456664069731,1.9213609283856032,1.918328649306539,1.9153469794459124,1.9124141328074418,1.9095283854665295,1.9066880738988747,1.9038915933017653,1.901137395915162,1.8984239893490917,1.895749934922592,1.8931138460190253,1.8905143864615943,1.887950268912686,1.8854202532998259,1.8829231452705157
MIROC5,351,China,UVic2.9,1.0121726192625653,1.9375769971527934,2.2188634525233133,2.277366435929021,2.2645383416828064,2.2334013043711085,2.2014198379664744,2.173476264895694,2.150204743934778,2.130966639838342,2.1148757498132897,2.10112238115628,2.089051973656043,2.0781629993329442,2.0680825081573397,2.058539077657174,2.0493391185022536,2.040347715248317,2.0314736606172397,2.022657962759113,2.0138651042023823,2.00507643740702,1.9962852226628454,1.9874929212841608,1.9787064446576663,1.969936128885275,1.9611942585611886,1.9524940047479908,1.943848674149899,1.9352711909882712,1.9267737518677241,1.9183676083029626,1.9100629425779712,1.9018688110164956,1.893793135160505,1.885842726245989,1.8780233320893622,1.8703396983274172,1.8627956380985458,1.8553941058747012,1.8481372723756122,1.8410265984139027,1.8340629062049099,1.827246447183339,1.8205769657434676,1.8140537585926755,1.807675729604564,1.8014414401969947,1.795349155356203,1.7893968854920994,1.783582424349895,1.777903383226075,1.7723572217469288,1.7669412754691105,1.7616527805567077,1.7564888957800877,1.7514467220698184,1.7465233198453707,1.7417157243238781,1.7370209589995724,1.7324360474699514,1.7279580237706254,1.7235839413673912,1.719310880941153,1.7151359570895188,1.7110563240576135,1.707069180600402,1.703171774069226,1.699361403806526,1.6956354239246754,1.691991245537505,1.6884263385064193,1.6849382327568727,1.6815245192154553,1.6781828504127838,1.6749109407928342,1.6717065667651991,1.668567566533024,1.6654918397259635,1.6624773468644523,1.6595221086788166,1.656624205304195,1.6537817753701456,1.650993015001519,1.6482561767456076,1.6455695684387674,1.6429315520242782,1.6403405423318653,1.6377950058280928,1.6352934593457713,1.6328344687995509,1.6304166478939668,1.628038656829485,1.6256992010113251,1.6233970297652636,1.6211309350640284,1.6188997502674058,1.616702348878723,1.61453764331998,1.6124045837275427,1.6103021567699816
MIROC5,351,China,ACC2,1.0136001754312352,1.946223469921783,2.2355040784346576,2.3004815967422165,2.292066657756401,2.2633359597279576,2.2319865200183564,2.2031635702544965,2.17774588990704,2.15530807480653,2.135145049401075,2.1165993536111185,2.0991438616346,2.082383623555484,2.0660348851709833,2.0499009918570295,2.0338511650970132,2.017803392625315,2.0017111546748914,1.9855533244444608,1.9693265725658697,1.9530397038948408,1.9367094687705428,1.9203574919671076,1.9040080449178622,1.8876864515468705,1.8714179681336403,1.8552270160833222,1.8391366758647651,1.8231683727939063,1.807341702409597,1.7916743561710384,1.7761821180676685,1.7608789102129876,1.7457768711602026,1.7308864549611804,1.7162165422218951,1.7017745568387102,1.687566583923005,1.6735974857834488,1.6598710138470718,1.6463899151478836,1.6331560325591399,1.6201703983428215,1.6074333208739011,1.5949444645968227,1.582702923408228,1.5707072877503496,1.5589557057552097,1.5474459388109547,1.5361754119345408,1.5251412593354512,1.514340365546581,1.5037694024842252,1.493424862780816,1.483303089713973,1.4734003040339763,1.4637126279702377,1.4542361066760612,1.4449667273503726,1.4359004362554977,1.4270331538315388,1.4183607880904539,1.4098792464568395,1.4015844462074487,1.3934723236476272,1.3855388421501194,1.3777799991702098,1.3701918323403943,1.362770424737988,1.3555119094105206,1.348412473235288,1.3414683601825068,1.3346758740445905,1.3280313806880444,1.3215313098792083,1.3151721567297783,1.3089504828038265,1.3028629169238035,1.296906155709264,1.2910769638789676,1.2853721743435946,1.2797886881140217,1.2743234740471663,1.2689735684496204,1.2637360745569326,1.2586081619046725,1.2535870656059291,1.24867008554806,1.2438545855205292,1.2391379922842174,1.2345177945914725,1.2299915421654748,1.2255568446461256,1.2212113705093388,1.2169528459655736,1.2127790538428358,1.208687832458998,1.2046770744873911,1.2007447258195507,1.1968887844281768
MIROC5,351,China,Bern-SAR,1.015677107292316,1.9583857739166477,2.258300835705888,2.331673005797071,2.3292156251512686,2.304510941224515,2.275840249502854,2.248833760114145,2.224727902953787,2.2033443866627582,2.1841403964936954,2.166559293198659,2.150131870756318,2.1344920176181357,2.119365707942679,2.1045539448746866,2.0899164159650594,2.0753577010533397,2.060816203861272,2.04625547481683,2.0316574936854073,2.01701751181023,2.0023401181885605,1.98763625874033,1.9729209945005686,1.95821183055893,1.9435274843482302,1.9288869909051478,1.9143090655028079,1.8998116618802485,1.8854116782201085,1.8711247738932246,1.8569652684597204,1.8429461010121522,1.8290788330760914,1.8153736822676763,1.8018395769972755,1.7884842248994797,1.7753141895168085,1.7623349711866936,1.7495510891741408,1.7369661629278577,1.724582990974219,1.7124036264455347,1.7004294486013598,1.6886612299721446,1.67709919895368,1.6657430978258774,1.6545922362724907,1.6436455405503132,1.6329015985039554,1.6223587006521674,1.6120148775882372,1.601867933943426,1.5919154791623138,1.5821549553331242,1.5725836623074996,1.5631987803328375,1.5539973904078797,1.5449764925589657,1.5361330222208318,1.5274638648925452,1.5189658692260393,1.510635858692353,1.5024706419585887,1.4944670220976968,1.4866218047424304,1.4789318052853448,1.4713938552174215,1.464004807689849,1.4567615423755842,1.4496609697004101,1.4427000345066874,1.4358757192072085,1.429185046481085,1.4226250815586445,1.4161929341380821,1.4098857599722332,1.4037007621604505,1.3976351921769024,1.3916863506638895,1.3858515880157556,1.3801283047766137,1.374513951872728,1.3690060306985017,1.3636020930730053,1.358299741082299,1.3530966268214581,1.347990452048572,1.3429789677620003,1.3380599737107626,1.3332313178472204,1.3284908957300856,1.323836649884913,1.319266569128758,1.3147786878646786,1.3103710853513866,1.3060418849525959,1.3017892533703634,1.2976113998660075,1.2935065754720032
MIROC5,351,China,MAGICC6(ensemblemedian),1.0136545228967864,1.9485682948486198,2.243936406042114,2.317667131758063,2.319160527020929,2.300334990902966,2.278169144356602,2.257441668254814,2.2389055216747336,2.2221586554482347,2.2066029248019263,2.1917277459117064,2.1771653849010697,2.1626765480329193,2.14812054301616,2.1334270430045303,2.1185736216181192,2.1035690935426876,2.0884416027389374,2.0732303047694725,2.057979673790696,2.042735689210173,2.027543351641121,2.0124451294612142,1.997480050266857,1.9826832338882223,1.9680857230297841,1.9537145101723044,1.939592689765411,1.9257396863753893,1.9121715248124163,1.8989011191333725,1.885938565084498,1.8732914259324254,1.8609650053907019,1.84896260395277,1.83728575672736,1.825934452078716,1.8149073311731139,1.8042018690464667,1.793814538122515,1.7837409552883436,1.7739760137177139,1.7645140006533633,1.7553487023389975,1.7464734972450053,1.7378814386697303,1.729565327727422,1.7215177776599602,1.7137312703350165,1.7061982057210123,1.6989109450599666,1.6918618483942547,1.6850433070424635,1.6784477715633466,1.6720677756951081,1.6658959567097895,1.6599250725793622,1.6541480163105897,1.648557827769981,1.6431477032876491,1.6379110032994915,1.6328412582604528,1.6279321730376217,1.623177629970154,1.6185716907634242,1.6141085973671028,1.6097827719710365,1.6055888162382197,1.6015215098814395,1.5975758086785814,1.5937468420107272,1.5900299099984252,1.5864204803023083,1.5829141846474126,1.5795068151229725,1.5761943203041244,1.572972801235698,1.569838507314142,1.5667878320984547,1.5638173090778344,1.560923607419482,1.5581035277175994,1.5553539977610775,1.5526720683356179,1.5500549090730493,1.5474998043593806,1.5450041493106172,1.5425654458245441,1.5401812987145826,1.5378494119313069,1.5355675848754164,1.533333708805733,1.5311457633442305,1.5290018130800842,1.5269000042734466,1.5248385616595184,1.5228157853529578,1.520830047851907,1.5188797911411467,1.5169635238928878
MIROC5,351,China,TOTEM2,0.9363324879396439,1.876001272699334,2.2559964176673013,2.425644267510749,2.5138890954999584,2.5685597233265125,2.6076067896262574,2.6379554547796893,2.6624441510474335,2.682380126565396,2.698482219988226,2.711230078966876,2.720994793968907,2.7280889134045574,2.7327866144932353,2.7353327264699607,2.7359475002678932,2.7348296754030814,2.732158795554947,2.728097134761233,2.7227913781230932,2.716374119686248,2.708965209355586,2.7006729685288944,2.691595288899739,2.6818206262673523,2.671428899609883,2.66049230453378,2.649076049283556,2.6372390206944982,2.6250343867599857,2.6125101418473142,2.5997096000203874,2.5866718414079024,2.5734321160855083,2.560022209515164,2.5464707731999168,2.532803623864656,2.519044014157802,2.505212877584293,2.491329050122099,2.477409470741185,2.4634693628327127,2.4495223983652172,2.4355808464113986,2.421655707533169,2.4077568353706225,2.3938930466527473,2.380072220731757,2.366301389638074,2.3525868195581454,2.3389340845512185,2.3253481332439536,2.3118333491709593,2.2983936053661056,2.2850323137517345,2.27175246982091,2.258556693060637,2.2454472635215263,2.232426154900459,2.219495064468437,2.2066554401436242,2.1939085049814775,2.181255279327763,2.1686966008568884,2.1562331426969816,2.1438654298235567,2.1315938538869683,2.11941868662243,2.1073400919777203,2.0953581370805945,2.0834728021563533,2.0716839894955896,2.0599915315625026,2.0483951983256152,2.0368947038849856,2.025489712462858,2.0141798438184892,2.002964678141753,1.9918437604754835,1.9808166047112854,1.969882697199392,1.9590415000094945,1.948292453875718,1.9376349808558722,1.927068486732188,1.9165923631782296,1.9062059897142638,1.8959087354712294,1.8856999607816225,1.875579018613786,1.8655452558645054,1.8555980145236164,1.8457366327224973,1.8359604456779623,1.8262687865412464,1.8166609871613129,1.8071363787705428,1.7976942926004131,1.7883340604337117,1.7790550150994517
MRI-CGCM3,351,China,NCARCSM1.4,0.8990772297732337,1.756421591199344,2.051428079676127,2.1420580672390406,2.159456337356267,2.151437610875564,2.1352512493022933,2.116975070774258,2.0986358369399833,2.080817213860076,2.0636097888402243,2.0469529072275465,2.030754203981871,2.014928528333594,1.9994081775241872,1.9841433638996375,1.969099733492065,1.9542553260936653,1.9395977588301034,1.9251218410369735,1.9108276313120733,1.8967188869648488,1.8828018434917941,1.8690842650798913,1.8555747149706103,1.8422820028185662,1.8292147736887807,1.816381209759001,1.8037888211600213,1.7914443068230916,1.7793534698522444,1.767521174930856,1.7559513377193612,1.7446469382003933,1.7336100515572603,1.7228418914982797,1.71234286201653,1.702112614447409,1.692150107391581,1.682453667639137,1.6730210506869532,1.6638494998059594,1.6549358029054169,1.6462763466707542,1.637867167632471,1.629703999964048,1.6217823199156434,1.6140973868731425,1.6066442810942443,1.5994179382187859,1.5924131806829593,1.5856247461891788,1.5790473133970373,1.5726755250087938,1.5665040084251507,1.5605273941464024,1.5547403320902775,1.5491375059921029,1.543713646045893,1.5384635399369462,1.5333820424080422,1.5284640834923031,1.523704675537232,1.519098919135322,1.5146420080682483,1.5103292333633611,1.5061559865533032,1.5021177622221296,1.4982101599142292,1.4944288854757852,1.4907697518923493,1.4872286796803234,1.4838016968849548,1.480484938732397,1.4772746469791258,1.4741671689973481,1.4711589566320218,1.468246564860822,1.4654266502857116,1.4626959694816835,1.4600513772256125,1.4574898246257955,1.4550083571704737,1.4526041127117733,1.450274319399576,1.4480162935782808,1.4458274376579066,1.4437052379696875,1.4416472626150298,1.4396511593157344,1.4377146532723055,1.435835545036302,1.4340117084020858,1.4322410883220833,1.4305216988498695,1.4288516211140012,1.4272290013255053,1.4256520488213005,1.4241190341454695,1.4226282871698912,1.4211781952554823
MRI-CGCM3,351,China,HadGEM2-ES,0.8998166006709956,1.762535659859161,2.066791680213219,2.169079361801303,2.199380347171214,2.2046605667792805,2.201583791135927,2.19584539084896,2.189240018993627,2.1822273936982777,2.17485004648851,2.16705104694273,2.1587758015253695,2.149998113026591,2.140721211183842,2.1309717453833725,2.1207928455624607,2.1102381029047854,2.099366847706404,2.0882406297269878,2.076920686951716,2.0654661866619533,2.0539330542828,2.042373241997533,2.0308343217348344,2.0193593138865427,2.007986684288284,1.9967504584771596,1.9856804149585021,1.9748023289751313,1.9641382457360113,1.95370676774714,1.9435233452034923,1.9336005616627117,1.9239484096741697,1.9145745528698108,1.9054845723822191,1.8966821964528557,1.8881695128161993,1.879947163960312,1.8720145257221068,1.864369869915847,1.857010511846003,1.8499329436435281,1.8431329544054114,1.8366057381242302,1.8303459903773338,1.8243479947119154,1.8186056996180733,1.8131127869312802,1.8078627324514691,1.8028488595105858,1.7980643861652879,1.7935024666378863,1.7891562275770787,1.7850187996612383,1.78108334502113,1.7773430809160304,1.7737913000575172,1.7704213879384185,1.7672268374906224,1.7642012613644076,1.7613384020936014,1.7586321403849625,1.756076501746567,1.7536656616485375,1.7513939493899415,1.7492558508280247,1.747246010109871,1.7453592305321672,1.7435904746415505,1.7419348636762066,1.7403876764387018,1.7389443476803592,1.7376004660687654,1.7363517718022232,1.735194153927829,1.7341236474135358,1.7331364300188652,1.7322288190037516,1.7313972677104374,1.7306383620491672,1.7299488169147195,1.729325472557503,1.7287652909299658,1.7282653520263436,1.7278228502314892,1.7274350906923044,1.7270994857234296,1.7268135512571676,1.7265749033460986,1.7263812547254611,1.7262304114412794,1.7261202695490387,1.7260488118868929,1.7260141049264788,1.7260142957037141,1.726047608831334,1.7261123435943238,1.7262068711289362,1.7263296316855419
MRI-CGCM3,351,China,MPI-ESM,0.9028200415704193,1.77931203262463,2.096157293624974,2.205588264058816,2.237505036433312,2.2399672350976427,2.230884687351967,2.2170391245502326,2.201086909927359,2.184139591090758,2.166717061190425,2.1491015413389873,2.1314707033625493,2.113949162281579,2.0966296053534044,2.0795824592424714,2.0628610853818663,2.046505107188518,2.0305428552403026,2.014993318027072,1.999867762686977,1.9851711053590617,1.9709030772416498,1.9570592180336883,1.9436317213081546,1.930610152136793,1.9179820543148711,1.9057334621975563,1.8938493302057722,1.8823138913796418,1.871110954895886,1.8602241511864286,1.8496371321759515,1.8393337331740216,1.8292981020979275,1.8195148009487123,1.809968883804379,1.8006459550176794,1.7915322108024299,1.7826144669529314,1.77388017505722,1.76531742923129,1.7569149651104186,1.7486621525808381,1.7405489835154355,1.7325660555871174,1.7247045530677199,1.7169562253785464,1.709313364034895,1.701768778521044,1.6943157715406558,1.6869481140092037,1.6796600200880794,1.672446122502209,1.6653014483345467,1.6582213954490606,1.6512017096588318,1.6442384627260174,1.637328031256044,1.6304670765270026,1.6236525252786467,1.6168815514707506,1.6101515590092317,1.603460165429069,1.5968051865153543,1.5901846218384261,1.5835966411738502,1.5770395717753687,1.5705118864659093,1.5640121925106631,1.5575392212349672,1.5510918183494116,1.5446689349448306,1.538269619120105,1.5318930082062,1.5255383215516352,1.5192048538344762,1.5128919688681797,1.5065990938696472,1.5003257141590085,1.49407136826248,1.487835643390851,1.4816181712676002,1.4754186242822585,1.4692367119458773,1.4630721776268079,1.4569247955465403,1.4507943680162694,1.4446807228966265,1.4385837112634456,1.4325032052642892,1.4264390961509679,1.4203912924747022,1.4143597184311296,1.4083443123436186,1.4023450252739684,1.3963618197503613,1.390394668603351,1.3844435539011906,1.3785084659764568,1.3725894025367118
MRI-CGCM3,351,China,Bern3D-LPJ(ensemblemedian),0.9012104736623219,1.7710284105513705,2.0835528867628867,2.193517429749301,2.230735018168487,2.2424264368548514,2.2455496359412224,2.246026117725288,2.2457941390409597,2.2453874804518947,2.244871272226803,2.24417593612359,2.243211748870278,2.2419043543803268,2.2402025318887,2.23807683790005,2.235515762398198,2.232521672819137,2.229107244774941,2.225292525318945,2.2211025922097063,2.216565722772897,2.211711981612152,2.2065721461871677,2.2011769020986254,2.1955562521232395,2.1897390936016867,2.183752927584008,2.177623670355135,2.171375543836149,2.1650310261165915,2.158610847219834,2.1521340183070943,2.145617885024443,2.1390781977057234,2.132529192755234,2.1259836808231585,2.119453138415662,2.112947800400225,2.1064767515158356,2.1000480155101124,2.0936686409280867,2.087344782891604,2.0810817804522705,2.0748842292879557,2.0687560496554465,2.062700549618305,2.0567204836475588,2.050818106748952,2.044995224309396,2.0392532378804087,2.03359318713133,2.0280157882117544,2.0225214687638076,2.017110399821017,2.0117825248238868,2.006537585973217,2.001375148131576,1.9962946204718837,1.9912952760600418,1.9863762695464084,1.9815366531289267,1.9767753909388028,1.9720913719885835,1.9674834218113277,1.9629503129095067,1.9584907741226303,1.9541034990133161,1.9497871533632314,1.9455403818626715,1.9413618140696876,1.9372500697087196,1.933203763371759,1.9292215086800828,1.9253019219586232,1.9214436254710658,1.9176452502586492,1.9139054386220717,1.9102228462823014,1.9065961442522696,1.9030240204491262,1.899505181073183,1.8960383517779027,1.8926222786523161,1.889255729035857,1.8859374921830552,1.8826663797942889,1.8794412264272025,1.8762608898015463,1.8731242510096622,1.870030214642881,1.8669777088437678,1.8639656852925883,1.860993119136077,1.8580590088652198,1.8551623761487122,1.8523022656274637,1.8494777446754107,1.8466879031313141,1.8439318530053692,1.8412087281646845
MRI-CGCM3,351,China,Bern2.5D-LPJ,0.8880152001091964,1.6962457171355947,1.948299771443236,2.0154354787359825,2.027148989875906,2.026345125377184,2.0256612804071814,2.027672074107516,2.031972461032026,2.0375464133556807,2.0434777845023517,2.0491032350339893,2.0539951472081373,2.057905898648734,2.06071412333463,2.0623826781523853,2.062928341426234,2.0624008450248104,2.0608687242609847,2.058409952669687,2.055105863559669,2.051037299440921,2.0462822565470926,2.040914523267812,2.0350029721914797,2.0286112759303885,2.0217978922598228,2.014616215302925,2.007114824177787,1.9993377839596493,1.9913249696037694,1.9831123940817101,1.974732529077316,1.9662146113054952,1.957584930628181,1.9488670981714582,1.940082293950059,1.9312494943213638,1.922385680082441,1.913506026301303,1.9046240751105663,1.8957518927387398,1.8869002120442522,1.8780785617724387,1.8692953836910875,1.8605581386848822,1.851873402810152,1.8432469542319463,1.8346838518887973,1.8261885066574275,1.8177647457211887,1.8094158707825634,1.8011447107012946,1.7929536690860959,1.7848447673185859,1.776819683443323,1.7688797873170397,1.7610261723729899,1.7532596843228085,1.745580947087604,1.7379903862224715,1.7304882500734202,1.7230746288830703,1.7157494720409185,1.7085126036552611,1.7013637366071315,1.6943024852313062,1.6873283767554945,1.680440861616663,1.673639322761746,1.666923084030037,1.6602914177051893,1.6537435513164196,1.6472786737608565,1.6408959408121988,1.6345944800745846,1.6283733954350412,1.6222317710626046,1.6161686749979127,1.6101831623725824,1.6042742782942163,1.5984410604291657,1.5926825413124657,1.586997750411216,1.5813857159653735,1.5758454666275787,1.5703760329215877,1.5649764485369586,1.5596457514760247,1.5543829850675992,1.549187198860566,1.5440574494090449,1.5389928009600153,1.5339923260529125,1.5290551060400828,1.5241802315358504,1.5193668028015221,1.514613930072665,1.5099207338345333,1.5052863450509577,1.5007099053514372
MRI-CGCM3,351,China,CLIMBER2-LPJ,0.8967962347210118,1.7411771981962172,2.018834292181112,2.0914801552231914,2.09180415652304,2.068284849828284,2.038458625997724,2.008511866366828,1.9804847155723755,1.9549178720867921,1.9318233519042254,1.911039021627233,1.8923567362192872,1.8755674570796157,1.8604760632602655,1.846905219650078,1.8346954010281655,1.8237036619198632,1.8138020860878261,1.8048762425662321,1.7968237538989735,1.7895530026235642,1.782981974303459,1.7770372265646337,1.7716529715265368,1.7667702592997057,1.7623362512392846,1.7583035728192744,1.7546297371280646,1.751276631021202,1.748210056891145,1.745399323830761,1.7428168826878128,1.7404380001422923,1.7382404674977445,1.736204340370077,1.7343117058919804,1.7325464744340366,1.7308941931818795,1.7293418792073396,1.7278778699355253,1.7264916891431137,1.725173926829678,1.7239161314865732,1.7227107134500395,1.7215508581684973,1.7204304483414778,1.7193439940005524,1.718286569702928,1.7172537580975378,1.7162415992026228,1.7152465448043304,1.7142654174485235,1.71329537355384,1.7123338702238644,1.7113786353804077,1.710427640879728,1.7094790783085387,1.7085313371883257,1.70758298534453,1.706632751222346,1.7056795079533065,1.704722258996952,1.7037601251998462,1.702792333130366,1.701818204561921,1.7008371469904382,1.6998486450832015,1.6988522529669206,1.697847587271657,1.6968343208562027,1.6958121771475092,1.694780925033605,1.6937403742558543,1.6926903712510577,1.6916307953997591,1.6905615556404967,1.689482587414583,1.68839384990878,1.6872953235670112,1.686187007844827,1.6850689191827992,1.683941089177842,1.6828035629328455,1.6816563975677041,1.6804996608756038,1.6793334301109557,1.678157790895773,1.6769728362333838,1.6757786656187585,1.6745753842363864,1.6733631022370643,1.6721419340859363,1.6709119979750977,1.6696734152942314,1.668426310154022,1.6671708089568436,1.665907040010589,1.6646351331810632,1.6633552195795847,1.662067431282064
MRI-CGCM3,351,China,DCESS,0.8955399345840843,1.7381564696274776,2.022828278854148,2.1120637603329397,2.136200847628622,2.1409913247210723,2.1416785306056814,2.1427313609553154,2.1449851974684955,2.1481808094416297,2.1518331009666753,2.1555024216577627,2.15885871060107,2.1616787994931705,2.1638260821728177,2.1652288554629875,2.165861992690527,2.165732670729229,2.16486967705914,2.1633155739799155,2.1611210467998525,2.1583408863172715,2.1550311796026396,2.1512473867824746,2.147043062918119,2.142469046137283,2.1375729798530356,2.132399071761214,2.126988018233985,2.1213770419621834,2.115600004940887,2.109687569416435,2.103667387173652,2.097564303249887,2.0914005643485356,2.0851960252821984,2.07896834899939,2.0727331973549497,2.0665044109364787,2.060294177076601,2.0541131857529904,2.04797077347105,2.0418750554866745,2.0358330468947434,2.0298507732096813,2.023933371116992,2.018085180093618,2.01230982559078,2.0066102944532145,2.0009890032191002,1.9954478599092418,1.9899883198751491,1.9846114362357803,1.979317905392636,1.9741081080741425,1.968982146323127,1.9639398768060747,1.9589809407899221,1.9541047911015825,1.949310716357057,1.9445978627209513,1.939965253433217,1.9354118063180759,1.9309363494700564,1.9265376352937713,1.9222143530575697,1.9179651401057867,1.9137885918611766,1.9096832707357265,1.9056477140578654,1.9016804411126662,1.8977799593834075,1.8939447700735095,1.8901733729810992,1.886464270790646,1.8828159728408107,1.8792269984211492,1.8756958796456473,1.872221163946554,1.8688014162271462,1.8654352207091696,1.8621211825063304,1.8588579289529858,1.8556441107135597,1.852478402696499,1.8493595047933726,1.8462861424626695,1.843257067174913,1.8402710567350242,1.8373269154953904,1.834423474472642,1.8315595913789933,1.8287341505785257,1.8259460629776192,1.82319426585741,1.8204777226561062,1.8177954227072677,1.8151463809405204,1.8125296375495228,1.8099442576324243,1.8073893308086495
MRI-CGCM3,351,China,GENIE(ensemblemedian),0.8943670078626083,1.7285468563081658,1.9989879631948768,2.070730078664799,2.0760290537326744,2.0619510477120198,2.0445743614274785,2.0288540708042966,2.0158704909738168,2.0054489001164013,1.9970863269672283,1.9902633589621734,1.9845358939039806,1.9795508242286444,1.9750375992723885,1.9707939636404597,1.9666719609048422,1.9625659345512954,1.958402761334612,1.9541340856793372,1.9497302187370171,1.945175379800198,1.9404640046918284,1.9355978960387497,1.9305840349714287,1.9254329108829658,1.9201572558704763,1.914771094435086,1.9092890380371377,1.9037257691626424,1.8980956714608375,1.892412571911559,1.886689568395692,1.8809389218859263,1.8751719970770555,1.869399238894894,1.8636301751674744,1.8578734379740542,1.8521367979356884,1.846427207078812,1.8407508469697627,1.8351131796487659,1.8295189995362962,1.823972484982589,1.8184772485150646,1.81303638513175,1.807652518212641,1.8023278427894436,1.797064166040433,1.7918629449703292,1.7867253213023333,1.7816521536578167,1.7766440471315188,1.7717013803920232,1.7668243304496267,1.7620128952403329,1.7572669141763622,1.75258608681141,1.7479699897650938,1.7434180920447073,1.7389297688956828,1.7345043143045187,1.7301409522698208,1.7258388469495094,1.7215971117839193,1.7174148176874298,1.713291000393323,1.7092246670304736,1.7052148020030118,1.7012603722388397,1.6973603318665935,1.6935136263758783,1.6897191963102296,1.6859759805382641,1.682282919144011,1.67863895597382,1.6750430408738701,1.6714941316488086,1.6679911957696036,1.664533211855786,1.6611191709549025,1.6577480776400877,1.6544189509441938,1.6511308251476429,1.6478827504352593,1.644673793435794,1.641503037656909,1.6383695838266092,1.6352725501514886,1.6322110725009515,1.6291843045256353,1.6261914177176318,1.6232316014191037,1.6203040627854408,1.6174080267083668,1.6145427357040516,1.6117074497704178,1.6089014462178055,1.6061240194765105,1.6033744808843053,1.6006521584570363
MRI-CGCM3,351,China,LOVECLIM,0.8906315633316532,1.7114337056503066,1.9756878254500385,2.050124981314283,2.0634904527277445,2.0592843606226263,2.0511211803647673,2.0425608235271007,2.034060405718391,2.0253109891403045,2.015955800989184,2.0057640599886475,1.9946373679848284,1.9825756127473615,1.9696415243227816,1.9559334153316665,1.9415664760959943,1.9266607439517047,1.9113337585246089,1.8956963396213213,1.8798503798741963,1.8638879044614667,1.8478909066391986,1.8319316417757088,1.8160731776577304,1.800370073875159,1.7848691115632243,1.7696100258689502,1.7546262133101456,1.7399453987080897,1.7255902541989283,1.7115789676471742,1.6979257606851894,1.684641358284278,1.6717334126775123,1.6592068848894839,1.6470643872693675,1.6353064903881591,1.6239319975244935,1.6129381897715582,1.6023210445812845,1.5920754303376377,1.582195279330636,1.5726737412913592,1.5635033194499155,1.5546759908947057,1.5461833128415066,1.5380165162662118,1.5301665882134317,1.5226243439650324,1.5153804901358128,1.5084256796579227,1.5017505595203218,1.4953458120427943,1.4892021903862105,1.4833105489298848,1.47766186908355,1.4722472810436622,1.4670580819518888,1.4620857508671024,1.4573219609196444,1.4527585889788448,1.4483877231301892,1.4442016682279954,1.440192949761226,1.4363543162451848,1.4326787403292731,1.429159418790487,1.425789771564101,1.4225634399468483,1.4194742840924055,1.416516379906272,1.4136840154352102,1.410971686835071,1.4083740939917595,1.4058861358614954,1.4035029055880148,1.4012196854485357,1.3990319416729977,1.396935319176167,1.3949256362372604,1.3929988791566823,1.3911511969160646,1.3893788958642543,1.38767843444819,1.3860464180052876,1.3844795936315655,1.3829748451367179,1.381529188096536,1.3801397650102099,1.3788038405692158,1.377518797043069,1.3762821297855643,1.3750914428645171,1.3739444448171958,1.3728389445322047,1.3717728472584672,1.3707441507413536,1.3697509414849018,1.3687913911391887,1.3678637530115607
MRI-CGCM3,351,China,MESMO,0.8916328054964655,1.721886490863187,2.004461470048347,2.1026947217583114,2.142388467189562,2.165162764588292,2.183605122047651,2.200789792622224,2.2169915068291646,2.2318720664053884,2.245113248099434,2.2565460670313886,2.2661360281082,2.2739404445687543,2.2800706608232177,2.2846652609884206,2.2878728548000633,2.289841708982305,2.290713876154477,2.290622144270223,2.289688698376885,2.2880247913456744,2.2857309879034577,2.2828977167522377,2.2796059718181305,2.275928069029909,2.27192840484526,2.267664186798184,2.263186120740568,2.258539047967653,2.253762530366356,2.248891384521469,2.243956167219677,2.2389836155286624,2.233997044915402,2.2290167088959354,2.224060123593407,2.2191423603911,2.2142763096431377,2.209472918170588,2.2047414030397414,2.2000894438976575,2.195523355933208,2.191048245339995,2.1866681489811417,2.1823861597955716,2.1782045393382163,2.1741248187141315,2.170147889045215,2.166274082499128,2.162503244810889,2.158834800137658,2.1552678090065096,2.151801020041167,2.1484329160874767,2.145161755297419,2.141985607676869,2.13890238755362,2.1359098823773537,2.1330057782235863,2.130187682336919,2.127453143016387,2.1247996671161022,2.122224735407312,2.1197258160242223,2.117300376193645,2.1149458924290396,2.1126598593516466,2.1104397972851774,2.108283258755893,2.106187834017135,2.1041511557050354,2.1021709027215323,2.1002448034314543,2.098370638251162,2.0965462416988676,2.0947695039691,2.093038372087927,2.0913508506993828,2.0897050025282047,2.0880989485598276,2.08653086797371,2.0849989978626717,2.0835016327671187,2.0820371240503843,2.080603879138164,2.0792003606426404,2.077825085389894,2.076476623366698,2.0751535966014103,2.0738546779915694,2.0725785900897966,2.0713241038580072,2.0700900373985394,2.0688752546703433,2.0676786641967717,2.066499217771088,2.0653359091646903,2.0641877728427973,2.0630538826913365,2.0619333507582627
MRI-CGCM3,351,China,UVic2.9,0.893313332210303,1.7230116549529537,1.990001177106108,2.060570047301746,2.066692401834022,2.054822421469749,2.040471652065803,2.028163533494323,2.0186797867599093,2.011653896303045,2.0064698875178086,2.0025507001634044,1.9994320081284451,1.9967647753142441,1.9942974679399776,1.9918552794688937,1.9893216969368037,1.9866235587201795,1.983719405363634,1.9805905740601988,1.9772344695961714,1.9736595235132355,1.9698814478878741,1.9659204752864394,1.9617993463948902,1.9575418621591831,1.9531718603213952,1.9487125094565465,1.9441858391439484,1.9396124444791656,1.9350113181149333,1.9303997744729184,1.9257934395137093,1.9212062861205568,1.9166507002291964,1.9121375666940006,1.907676366805749,1.9032752815887313,1.8989412966723254,1.8946803057843402,1.8904972108490414,1.8863960173675793,1.8823799242708028,1.8784514078081576,1.8746122993058252,1.8708638568181424,1.8672068308282008,1.8636415242418989,1.8601678469753358,1.856785365467663,1.853493347466078,1.850290802432347,1.8471765179140516,1.8441490922118404,1.8412069636582047,1.838348436805306,1.83557170580016,1.8328748752058377,1.8302559785079349,1.8277129945266095,1.8252438619364189,1.8228464920789402,1.8205187802372063,1.8182586155257823,1.816063889536529,1.8139325038671514,1.8118623766478352,1.8098514481704353,1.8078976857146725,1.805999087656856,1.8041536869382888,1.8023595539630086,1.80061479898775,1.7989175740607375,1.797266074560305,1.7956585403792977,1.794093256796527,1.7925685550723787,1.7910828128019638,1.789634454055679,1.7882219493340694,1.7868438153609716,1.7854986147365814,1.7841849554695794,1.7829014904056337,1.7816469165675872,1.780419974421079,1.7792194470777893,1.7780441594471486,1.7768929773461883,1.7757648065760885,1.774658591972932,1.7735733164394494,1.772507999963547,1.771461698628884,1.7704335036220038,1.7694225402399788,1.768427966902062,1.7674489741683315,1.7664847837678943,1.7655346476389107
MRI-CGCM3,351,China,ACC2,0.8945718176811639,1.7306696649124171,2.0048162271961605,2.081266976402029,2.091494463605567,2.081976680039919,2.0684097077513406,2.0555328914756754,2.0443318842057625,2.03461988346461,2.0259350855936056,2.01783128348247,2.0099547970443905,2.0020501001089626,1.9939447738951757,1.9855310829895092,1.976749522004098,1.9675755265475023,1.9580091976703713,1.9480675347738396,1.9377786488856994,1.9271775015488015,1.9163028039874026,1.9051947917435998,1.8938936559168085,1.8824384640758427,1.8708664441012477,1.8592125350466766,1.8475091326546775,1.8357859750972045,1.824070128146561,1.812386039331767,1.800755638477864,1.7891984679570287,1.7777318304573055,1.766370945444378,1.755129108020696,1.7440178457762467,1.7330470706314336,1.7222252237123157,1.7115594120614082,1.7010555365420195,1.6907184106917292,1.6805518705615299,1.6705588757702152,1.660741602132194,1.6511015262974849,1.6416395028888584,1.6323558346416884,1.6232503360553683,1.6143223910555902,1.6055710051491987,1.5969948525301148,1.5885923185686812,1.5803615380885836,1.5723004298073073,1.56440672728782,1.5566780067218677,1.5491117118392292,1.5417051762124447,1.5344556432034822,1.527360283777153,1.5204162123860574,1.5136205011133852,1.506970192242937,1.500462309410076,1.4940938674730324,1.487861881231132,1.481763373104442,1.4757953798784966,1.4699549586082217,1.4642391917657467,1.4586451917091765,1.453170104541686,1.4478111134236333,1.4425654413946267,1.4374303537565474,1.4324031600639389,1.4274812157634986,1.4226619235202116,1.4179427342643602,1.4133211479897902,1.4087947143313209,1.4043610329459464,1.4000177537204996,1.395762576825827,1.3915932526356378,1.3875075815265543,1.383503413573824,1.3795786481561372,1.3757312334813268,1.3719591660435089,1.3682604900214803,1.36463329662663,1.3610757234082973,1.3575859535233328,1.354162214975929,1.3508027798334037,1.3475059634225748,1.3442701235113335,1.3410936594790486
MRI-CGCM3,351,China,Bern-SAR,0.8964027888966112,1.7414425376802112,2.025116545227043,2.1092041835390396,2.124971923514371,2.1193159314989543,2.108428304594414,2.0974643684467407,2.08771906462688,2.0792211735746986,2.07165200672482,2.064655641224013,2.057931515485604,2.05125180052046,2.0444548749445137,2.0374329539567504,2.0301198617282648,2.0224806416933245,2.0145032303995793,2.006191967274637,1.9975626140491458,1.9886385746228925,1.9794480541500854,1.9700219464011173,1.9603922824618236,1.9505911099499715,1.9406497007818118,1.9305980082850405,1.9204643123043394,1.9102750048966695,1.9000544800945252,1.889825099688897,1.8796072135726587,1.8694192183009521,1.8592776414904943,1.8491972427471017,1.839191124178415,1.82927084537067,1.819446539106705,1.8097270251700766,1.8001199203929699,1.790631743719282,1.7812680155153324,1.7720333507033859,1.762931545544738,1.7539656580815868,1.7451380823756126,1.7364506167701426,1.7279045264606572,1.7195006006940823,1.7112392049356446,1.7031203283481944,1.6951436269262914,1.6873084626180477,1.6796139387547924,1.672058932092239,1.664642121749531,1.65736201531386,1.6502169723599098,1.6432052256150262,1.6363248999831264,1.62957402962352,1.6229505732644924,1.616452427916582,1.6100774411360137,1.6038234219759515,1.5976881507506762,1.5916693877269235,1.5857648808458797,1.5799723725702874,1.574289605942065,1.5687143299281179,1.5632443041246389,1.5578773028837885,1.552611118920446,1.5474435664512516,1.5423724839134474,1.5373957363061326,1.532511217192836,1.5277168504001888,1.52301059144455,1.5183904287150116,1.5138543844386574,1.5094005154512926,1.5050269137948082,1.5007317071600617,1.4965130591923423,1.492369169675007,1.4882982746050177,1.4842986461730767,1.4803685926594647,1.476506458255894,1.4727106228224895,1.468979501587963,1.4653115448006058,1.4617052373365471,1.4581590982713486,1.4546716804201516,1.4512415698513277,1.4478673853777677,1.4445477780297789
MRI-CGCM3,351,China,MAGICC6(ensemblemedian),0.8946196507436944,1.7327415993234407,2.0122947954334585,2.096568870799329,2.1157194500336427,2.1152027180994324,2.110070969722202,2.1047252760269894,2.1000241409302127,2.0957861669071387,2.0916307788316364,2.0872307762100926,2.0823650882601057,2.076909854082911,2.070815241162323,2.0640830143863274,2.0567486416177476,2.04886808825432,2.040508471589648,2.0317416386718032,2.0226398735934685,2.013273122319029,2.003707282944829,1.9940032343191412,1.9842163692115,1.9743964662232787,1.964587783634067,1.9548292934541553,1.9451549989499652,1.9355942966599102,1.9261723564797057,1.9169105022505784,1.9078265814951485,1.8989353172758172,1.8902486381445012,1.8817759841999047,1.8735245886470762,1.8654997351621287,1.8577049919438664,1.8501424236837325,1.8428127828777003,1.8357156819882872,1.8288497479779182,1.8222127607008036,1.8158017765773504,1.8096132388945023,1.8036430759859279,1.7978867884530725,1.7923395264956865,1.7869961583306795,1.7818513305927823,1.7768995215301673,1.7721350877334079,1.7675523050669992,1.7631454044090458,1.758908602746489,1.7548361301199913,1.7509222528642754,1.7471612935455694,1.743547647957914,1.7400757995039084,1.7367403312526362,1.733535935937924,1.7304574241332802,1.7274997308156381,1.7246579205082238,1.7219271911730796,1.7193028770062146,1.7167804502719333,1.7143555222988274,1.712023843746906,1.7097813042430936,1.7076239314726922,1.7055478898039123,1.7035494785149852,1.701625129684838,1.6997714058022864,1.6979849971415846,1.6962627189476098,1.6946015084679455,1.6929984218656813,1.6914506310417707,1.6899554203930922,1.6885101835283074,1.687112419961603,1.6857597318009034,1.6844498204458327,1.6831804833077062,1.681949610562878,1.680755181948373,1.6795952636080522,1.6784680049954575,1.6773716358392656,1.676304463175306,1.6752648684491709,1.6742513046918404,1.6732622937705441,1.6722964237165079,1.6713523461301991,1.6704287736649857,1.6695244775888993
MRI-CGCM3,351,China,TOTEM2,0.8263676839132076,1.6678150824626081,2.021599482869707,2.1910028336650886,2.288073828616958,2.3544649387302226,2.40589019590188,2.4484842099160202,2.484823854555169,2.516146725325683,2.543170162830484,2.5663951772022835,2.5862206286615392,2.60298737938791,2.6169964789506333,2.628517612336728,2.6377937985001347,2.6450445581855466,2.650468381665243,2.6542448149974724,2.656536293809466,2.6574897827340824,2.6572382515398005,2.655902008110165,2.653589903592891,2.650400422507902,2.6464226689916788,2.64173725914573,2.6364171284563915,2.6305282623786335,2.6241303574002073,2.6172774192031323,2.610018303909174,2.6023972078252666,2.5944541105903194,2.5862251761573996,2.577743115623519,2.5690375155381475,2.5601351349752433,2.5510601743410395,2.5418345186075397,2.5324779574050185,2.5230083841760123,2.513441976382981,2.503793358572226,2.494075749926353,2.484301097780342,2.474480198437434,2.46462280649304,2.4547377337605423,2.4448329387881493,2.4349156078619405,2.4249922283056944,2.415068654810224,2.405150169455382,2.3952415360249315,2.385347049157599,2.3754705788251265,2.3656156105825383,2.355785281992091,2.3459824155860103,2.3362095486963246,2.326468960450379,2.316762696201749,2.3070925896401415,2.297460282801637,2.287867244178195,2.2783147851084586,2.268804074611962,2.25933615281592,2.2499119431080485,2.2405322631362186,2.2311978347653527,2.2219092930903677,2.2126671945945997,2.2034720245356465,2.1943242036317114,2.185224094114911,2.1761720052118227,2.1671681981057214,2.158212890429927,2.1493062603366297,2.140448450181393,2.131639569860301,2.1228796998325565,2.1141688938580248,2.1055071814774755,2.0968945702596216,2.088331047836803,2.0798165837499845,2.071351131120872,2.0629346281671683,2.0545669995769633,2.046248157753914,2.0379780039472464,2.0297564292764254,2.0215833156605765,2.013458536661988,2.0053819582517995,1.9973534395048063,1.9893728332306568
NorESM1-M,351,China,NCARCSM1.4,0.9968107914038227,1.9384764622870936,2.2528275822931088,2.3406462747081096,2.348552893625845,2.3298235318269263,2.3035228162197843,2.2762340831318184,2.2500341024521067,2.225410921251363,2.202324243330768,2.180584841162898,2.159985393519756,2.1403414742083093,2.1215008004126514,2.1033418837468374,2.0857696692387067,2.068710793626672,2.052109299891783,2.035923007899496,2.0201205257462513,2.0046788229623043,1.9895812763860452,1.9748161064531489,1.9603751330432841,1.9462527915184522,1.9324453598284745,1.918950356280181,1.9057660748533214,1.8928912309810524,1.880324695691193,1.8680653001011576,1.8561116956259143,1.8444622580215053,1.8331150256515727,1.8220676642193614,1.8113174517244188,1.8008612786421012,1.7906956593339822,1.780816751519516,1.7712203813071155,1.761902071824122,1.7528570739228158,1.7440803977920805,1.7355668445880719,1.7273110374235712,1.7193074512364326,1.7115504412005247,1.704034269455112,1.6967531300164744,1.689701171803515,1.6828725197611039,1.676261294103684,1.669861627730855,1.6636676818868035,1.6576736601498636,1.6518738208474542,1.6462624879967784,1.6408340608737755,1.6355830223125742,1.630503945835848,1.6255915017130496,1.6208404620397991,1.6162457049266783,1.6118022178808336,1.6075051004585292,1.603349566261508,1.5993309443447983,1.5954446800984796,1.591686335661035,1.5880515899171976,1.5845362381286887,1.5811361912421524,1.5778474749144968,1.5746662282924302,1.5715887025790352,1.5686112594178983,1.565730369121539,1.5629426087687288,1.5602446601926419,1.5576333078795195,1.555105436795524,1.552658030157474,1.5502881671615596,1.5479930206824597,1.5457698549539296,1.5436160232406275,1.5415289655097884,1.5395062061102591,1.537545351465544,1.5356440877865687,1.5338001788091018,1.5320114635602895,1.5302758541575594,1.528591333643491,1.5269559538588797,1.5253678333562801,1.5238251553557625,1.52232616574428,1.5208691711197,1.519452536880327
NorESM1-M,351,China,HadGEM2-ES,0.9976311549326665,1.945243566083758,2.2697907395243524,2.3704088359252515,2.392422130155393,2.388168281684214,2.3760708543413434,2.362300255087666,2.3486880728222603,2.3355969525615654,2.32294445958324,2.3105553496574864,2.298272564644198,2.28598392604139,2.273621243323463,2.2611519063199284,2.248569730419175,2.2358870707848437,2.2231285819650606,2.2103264799790447,2.1975170378211892,2.184738049055426,2.1720270342638814,2.159420009743772,2.146950677309683,2.1346499263336574,2.122545564699042,2.110662215252009,2.099021329729606,2.087641283993711,2.076537527493952,2.0657227668412266,2.0552071686839923,2.0449985711194074,2.0351026959339125,2.025523356279012,2.016262656123153,2.007321179114499,1.9986981654462705,1.9903916760165474,1.9823987436795016,1.974715511742738,1.9673373601120179,1.9602590196480847,1.953474675402085,1.9469780594524013,1.940762534088908,1.9348211660903638,1.9291467928237225,1.9237320808660563,1.9185695778144285,1.9136517579094927,1.9089710620568032,1.9045199327875455,1.9002908446585678,1.8962763305511057,1.8924690042889003,1.8888615799597288,1.885446888290115,1.8822178903909454,1.8791676891621267,1.87628953861705,1.8735768513625615,1.8710232044470942,1.8686223437686045,1.866368187214791,1.8642548266906294,1.862276529172427,1.860427736913174,1.8587030669110358,1.8570973097409578,1.8556054278387484,1.8542225533173842,1.8529439853865965,1.8517651874389334,1.8506817838585272,1.8496895566023623,1.8487844415981751,1.8479625249979934,1.8472200393216787,1.8465533595207413,1.8459589989889666,1.8454336055430582,1.8449739573935602,1.8445769591236536,1.844239637690989,1.8439591384657132,1.8437327213158263,1.8435577567494008,1.84343172212168,1.843352197913746,1.8433168640882076,1.84332349652644,1.8433699635508318,1.8434542225348067,1.8435743166026064,1.843728371420179,1.8439145920780322,1.844131260066363,1.8443767303423848,1.844649428489421
NorESM1-M,351,China,MPI-ESM,1.0009633729577023,1.9638007024936794,2.302159787332856,2.4104863160513466,2.434065941920149,2.42649093308803,2.4075936604515342,2.384763256642623,2.3607911493679903,2.336760365821485,2.3131111237520776,2.2900351501508007,2.2676227333728405,2.24591853254722,2.2249435780880824,2.2047046234800964,2.185198660311448,2.1664154945881973,2.148339471622692,2.1309507680096136,2.114226420847174,2.098141170949601,2.082668160635122,2.0677795117907927,2.0534468030535846,2.0396414612059135,2.026335079440592,2.013499673316323,2.0011078837312466,1.9891331349761558,1.9775497548370724,1.9663330627670788,1.9554594313210167,1.9449063253251018,1.9346523226258843,1.9246771197151822,1.9149615250522893,1.9054874424907497,1.8962378468581202,1.8871967534261211,1.8783491827387377,1.8696811220335645,1.8611794842905565,1.8528320657693158,1.8446275027473396,1.8365552280445345,1.8286054278093065,1.8207689989493339,1.8130375075102818,1.8054031482388258,1.7978587055093704,1.790397515746156,1.7830134314326398,1.775700786766278,1.7684543649897022,1.7612693674064355,1.7541413840710174,1.7470663661283534,1.740040599765873,1.733060681732228,1.72612349637005,1.7192261941046574,1.7123661713273302,1.7055410516095044,1.698748668182782,1.691987047619894,1.685254394651375,1.6785490780544927,1.671869617551687,1.665214671658119,1.6585830264196166,1.651973584984578,1.6453853579560238,1.6388174544722178,1.6322690739665893,1.6257394985611109,1.619228086048441,1.6127342634217205,1.6062575209129697,1.5997974065031109,1.59335352086937,1.586925512737672,1.5805130746097675,1.5741159388370216,1.5677338740144882,1.5613666816706808,1.555014193230411,1.5486762672292318,1.542352786760178,1.5360436571340765,1.5297488037368665,1.5234681700679906,1.5172017159455589,1.5109494158646357,1.5047112574964252,1.4984872403168252,1.4922773743537072,1.4860816790432971,1.4799001821866,1.473732918997513,1.467579931235164
NorESM1-M,351,China,Bern3D-LPJ(ensemblemedian),0.9991776289492209,1.9546392756927133,2.2882776843865824,2.397280126210608,2.4267963206331853,2.4294573196885034,2.424020072064062,2.4169098088712224,2.4101193291411245,2.4040941714792634,2.3987771811164356,2.3939791938238164,2.389504440927268,2.385187854611956,2.380901693225184,2.3765522819823355,2.372074252404964,2.3674247797016394,2.3625785611926053,2.3575236659557324,2.3522581873512634,2.346787578998156,2.34112255384107,2.335277440130914,2.3292689051723476,2.3231149735577477,2.316834280243085,2.3104455101697376,2.303966985449258,2.2974163687197735,2.290810457451096,2.2841650489764516,2.277494860078121,2.2708134882282174,2.2641334042299786,2.2574659681372657,2.2508214620469196,2.244209134738897,2.2376372542463927,2.2311131653245018,2.224643349493625,2.218233485897253,2.211888511660385,2.205612680788104,2.1994096209210583,2.1932823874817426,2.1872335149135993,2.181265064844645,2.175378671105809,2.169575581608301,2.163856697138791,2.1582226071706003,2.1526736228161405,2.1472098070641286,2.1418310024554503,2.1365368563569924,2.1313268439937554,2.1262002893974667,2.12115638442567,2.11619420599938,2.1113127317004032,2.106510853861906,2.101787392277648,2.097141105647504,2.0925707018685125,2.0880748472730306,2.0836521749079933,2.07930129194179,2.0750207862785213,2.0708092324531155,2.0666651968740517,2.0625872424755847,2.058573932835246,2.054623835808306,2.050735526725491,2.046907591197001,2.04313862756121,2.0394272490133725,2.0357720854465264,2.0321717850332344,2.0286250155749657,2.025130465642565,2.0216868455298207,2.0182928880393693,2.014947349119025,2.011649008364229,2.008396669401272,2.0051891601645138,2.002025333079048,1.9989040651599492,1.9958242580372927,1.9927848379159878,1.9897847554779373,1.986822985733858,1.9838985278307812,1.9810104048212938,1.978157663399297,1.9753393736070737,1.9725546285178686,1.9698025438973807,1.9670822578478822
NorESM1-M,351,China,Bern2.5D-LPJ,0.984537895838797,1.871916111471165,2.1391651357338195,2.201672653759836,2.204052417015697,2.194005215361392,2.185406597643189,2.1809236525503617,2.1799337107181054,2.1811651921229913,2.1834846120799156,2.186061184174356,2.1883428959621,2.189990668279076,2.190815702512357,2.190730612408857,2.1897141676612737,2.1877868225046853,2.184994114476829,2.1813955893568893,2.1770575279577224,2.1720482565375385,2.166435197571202,2.1602830836805462,2.153652942303787,2.146601585578171,2.139181426507474,2.131440501359982,2.1234226181640716,2.11516757817919,2.106711435454254,2.0980867718627776,2.0893229732422594,2.080446497768875,2.0714811313523884,2.0624482272417044,2.0533669285957776,2.044254373774522,2.0351258847261926,2.025995139218893,2.016874327868813,2.0077742970150703,1.9987046785186062,1.9896740075466512,1.9806898293622537,1.9717587960811653,1.9628867542941628,1.9540788243856766,1.9453394723132102,1.9366725745477336,1.9280814768143353,1.9195690472156333,1.91113772426749,1.9027895603281788,1.8945262608574287,1.886349219901143,1.8782595521605057,1.8702581219703216,1.8623455694809157,1.8545223343099335,1.8467886769052844,1.8391446978374546,1.8315903552187913,1.8241254804285607,1.8167497923055196,1.80946290995445,1.8022643642991498,1.7951536085016082,1.7881300273560332,1.7811929457556739,1.7743416363212914,1.7675753262716039,1.7608932036083966,1.7542944226819819,1.7477781091965594,1.7413433647092351,1.7349892706714758,1.7287148920568838,1.7225192806153256,1.7164014777892946,1.7103605173252598,1.7043954276093152,1.6985052337540263,1.6926889594604357,1.6869456286771265,1.6812742670760923,1.6756739033632686,1.670143570439864,1.6646823064290999,1.6592891555815774,1.6539631690712613,1.648703405692759,1.6435089324698273,1.6383788251838,1.6333121688300416,1.6283080580094946,1.623365597262034,1.6184839013473773,1.6136620954789394,1.6088993155154623,1.6041947081147614
NorESM1-M,351,China,CLIMBER2-LPJ,0.9942800326832428,1.92160881222426,2.216864433771084,2.284997621607353,2.2743263998520744,2.2388404830116917,2.1978992922888265,2.158184559365956,2.12176835089567,2.089074266944377,2.0599608326614587,2.034114855496257,2.0111916032351553,1.9908624247934847,1.972828826898535,1.9568246501903066,1.9426142495615646,1.9299895369913016,1.9187668951925796,1.9087842955527146,1.8998987105268759,1.8919838254168255,1.8849280268221738,1.878632638096529,1.8730103723687308,1.867983976189539,1.8634850398791667,1.8594529535784698,1.855833990661259,1.8525805025114548,1.8496502107215949,1.847005584557665,1.8446132930912107,1.8424437227528296,1.840470552238102,1.8386703777204152,1.8370223822162122,1.8355080437234754,1.8341108774296762,1.8328162078736978,1.8316109674591938,1.8304835181639656,1.829423493680225,1.8284216595609932,1.827469789245565,1.8265605540965215,1.8256874258081421,1.8248445897446552,1.8240268679406277,1.8232296506480485,1.8224488354479487,1.8216807730613576,1.82092221909685,1.820170291061924,1.8194224300444872,1.81867636653992,1.8179300899604895,1.8171818214172504,1.8164299894119913,1.8156732081182538,1.8149102579671794,1.8141400682861637,1.813361701766884,1.8125743405643575,1.8117772738510405,1.8109698866694024,1.8101516499440715,1.809322111529713,1.808480888184813,1.8076276583730628,1.8067621558053684,1.8058841636444787,1.804993509302778,1.8040900597716623,1.8031737174267317,1.8022444162599942,1.8013021184944624,1.8003468115421601,1.7993785052699116,1.7983972295416346,1.797403032008836,1.79639597612385,1.7953761393534995,1.7943436115724973,1.7932984936188263,1.7922408959942744,1.7911709376960196,1.7900887451656329,1.7889944513441192,1.7878881948220409,1.786770119075522,1.7856403717794052,1.7844991041898293,1.7833464705895592,1.7821826277895094,1.7810077346812812,1.779821951835212,1.7786254411399112,1.777418365478734,1.7762008884399492,1.7749731740569044
NorESM1-M,351,China,DCESS,0.9928863231758671,1.9182755703658525,2.2213230965874646,2.307790878549398,2.3233314006155954,2.318880234182927,2.3112479162214665,2.305222680415482,2.301562114310593,2.299829582776585,2.299360888371705,2.2995629753871834,2.299981696820231,2.3002956171338105,2.300290771058514,2.299834478628232,2.298853309747512,2.297315907598137,2.295220065984673,2.2925831945395876,2.2894353750979657,2.28581436123172,2.2817620192643577,2.2773218310837966,2.272537174637858,2.26745017082947,2.2621009403114805,2.2565271546145187,2.2507637965161478,2.2448430671962036,2.2387943945094713,2.232644509134715,2.2264175645456374,2.2201352835260755,2.213817118940133,2.2074804201283755,2.2011405989791157,2.1948112916726115,2.1885045135073833,2.1822308052319346,2.175999370027053,2.16981820079119,2.1636941977318824,2.1576332765022075,2.151640467274658,2.145720005238582,2.1398754130587294,2.134109575854002,2.128424809256432,2.1228229210974074,2.1173052672460932,2.111872802097217,2.106526124174868,2.1012655172866253,2.09609098763025,2.0910022972236093,2.085998993998296,2.0810804388685953,2.0762458300606035,2.0714942249611332,2.0668245597228108,2.0622356668403032,2.0577262908928993,2.053295102630681,2.048940711564906,2.044661677208355,2.0404565190973427,2.036323725715288,2.0322617624253883,2.028269078510897,2.0243441134109053,2.0204853022322027,2.0166910806091343,2.0129598889773463,2.0092901763200337,2.00568040344065,2.0021290458099408,1.9986345960310112,1.9951955659620422,1.991810488531728,1.9884779192800623,1.9851964376529243,1.9819646480770547,1.9787811808385503,1.975644692786612,1.9725538678811616,1.9695074176021923,1.9665040812358416,1.9635426260517252,1.960621847383657,1.957740568625622,1.9548976411527534,1.952091944176758,1.9493223845441165,1.9465878964841368,1.9438874413139962,1.941220007106196,1.9385846083243565,1.935980285431593,1.9334061044762638,1.9308611566584608
NorESM1-M,351,China,GENIE(ensemblemedian),0.9915849121253258,1.90763971863524,2.195001958996424,2.2622686822590485,2.257225246807384,2.2322566806931876,2.205083521603352,2.1810138605470293,2.1610571321264618,2.1448518893991078,2.131697749080667,2.120899396524529,2.1118650260228815,2.104120387319239,2.0972964864185406,2.091111310817028,2.0853522933761672,2.0798613677959223,2.074522808979597,2.069253542972552,2.0639955047960252,2.0587096473169195,2.0533712640612105,2.047966350955927,2.042488786555851,2.0369381555020505,2.031318076455914,2.0256349248978487,2.0198968643318667,2.0141131177803895,2.0082934259658893,2.002447650046759,1.9965854858352845,1.9907162635773525,1.984848813014962,1.9789913778988226,1.9731515676202405,1.9673363363863843,1.9615519825276686,1.9558041622254454,1.9500979132790635,1.9444376855729728,1.938827375717331,1.9332703639680606,1.927769552023994,1.9223274006783067,1.9169459665945365,1.9116269377015005,1.9063716668724933,1.9011812036833415,1.8960563241402417,1.8909975583402454,1.8860052160787457,1.8810794104557922,1.8762200795581139,1.8714270063107357,1.8666998366023002,1.8620380957930345,1.8574412037163965,1.8529084882838893,1.8484391977998873,1.8440325120890422,1.8396875525335488,1.8354033911123866,1.8311790585283274,1.827013551503184,1.8229058393152655,1.8188548696482614,1.814859573814326,1.8109188714099076,1.8070316744573522,1.803196891081307,1.7994134287641748,1.7956801972214735,1.7919961109339408,1.7883600913700775,1.7847710689298515,1.78122798463708,1.7777297916059303,1.7742754563042804,1.7708639596346087,1.7674942978513852,1.7641654833316076,1.7608765452140978,1.7576265299213765,1.754414501576522,1.751239542326651,1.7481007525829204,1.7449972511864913,1.741928175508749,1.738892681493227,1.7358899436461381,1.732919154981468,1.7299795269261997,1.7270702891905696,1.7241906896079353,1.721339993948012,1.7185174857072711,1.715722465879651,1.7129542527103852,1.7102121814357574
NorESM1-M,351,China,LOVECLIM,0.9874406850937402,1.8887173363706495,2.169359294960391,2.2397628711270245,2.243758241968516,2.2297506290250086,2.2127315531720524,2.196481080841012,2.181342846179433,2.1668319182366638,2.1524322048144344,2.137786072590303,2.12269787554537,2.1070931462442912,2.0909769758620707,2.0744020389443514,2.0574465306061955,2.0401998108913793,2.022753463298812,2.005195972066536,1.9876097472657535,1.9700696395851935,1.9526423800903436,1.9353865791974112,1.9183530507521231,1.901585313016222,1.8851201739398462,1.868988343818573,1.8532150412584723,1.8378205728631951,1.8228208761802598,1.8082280211209574,1.7940506685413902,1.7802944867399983,1.7669625278056247,1.7540555663693196,1.7415724035853946,1.7295101392274903,1.717864414720884,1.7066296297959178,1.6957991352752313,1.685365404319092,1.6753201842629535,1.6656546309954776,1.6563594276489917,1.6474248892099803,1.6388410545043421,1.6305977668725553,1.6226847447216912,1.6150916430251947,1.607808106735278,1.600823816976956,1.5941285308062552,1.5877121152363023,1.581564576164328,1.575676082768303,1.570036987884462,1.5646378448244647,1.5594694210438855,1.554522709031574,1.5497889347507743,1.5452595639286861,1.5409263064597831,1.5367811191606142,1.532816207088174,1.5290240236115045,1.5253972694057332,1.5219288905192547,1.5186120756482788,1.5154402527384836,1.5124070850194071,1.5095064665658613,1.5067325174699184,1.5040795786967356,1.5015422066894017,1.499115167780332,1.496793432458926,1.494572169540227,1.4924467402725783,1.4904126924180046,1.4884657543346373,1.4866018290859229,1.484816988598397,1.483107467886708,1.4814696593611574,1.4799001072311027,1.4783955020154664,1.4769526751688051,1.475568593830892,1.4742403557050785,1.4729651840700817,1.4717404229286482,1.4705635322949817,1.4694320836224217,1.4683437553721608,1.4672963287224767,1.4662876834179452,1.4653157937576489,1.464378724720327,1.463474628224651,1.4626017395225437
NorESM1-M,351,China,MESMO,0.98855167679009,1.900289385401833,2.2011393884213963,2.297686013480822,2.330480143525644,2.3458488692062236,2.357663047222827,2.3691863917215064,2.380582402264599,2.3913537847663964,2.401044565080592,2.4093802555723913,2.416248192142897,2.421647553579758,2.4256455036522167,2.428346047778414,2.4298698871132562,2.4303421218325405,2.429885117918279,2.428614623453296,2.4266378700974416,2.42405285671712,2.420948316851725,2.4174040657065867,2.4134915433465705,2.409274445253297,2.4048093768637195,2.4001464962400796,2.3953301255692003,2.3903993220390403,2.3853884044230123,2.3803274350251824,2.375242658482245,2.3701568998766582,2.3650899250509623,2.3600587661447485,2.355078015334666,2.3501600896235195,2.3453154693438303,2.3405529128411984,2.335879649600912,2.3313015538841366,2.326823300754577,2.3224485062033096,2.3181798529197017,2.3140192031107594,2.3099676996372676,2.3060258566145886,2.3021936405153673,2.2984705427120184,2.294855644306447,2.2913476740124077,2.2879450597823343,2.28464597480308,2.2814483784246695,2.278350052531468,2.275348633815354,2.2724416423661173,2.269626506953384,2.266900587338272,2.2642611939194524,2.2617056049886943,2.2592310818439776,2.2568348819835635,2.254514270582794,2.2522665304350373,2.2500889705204874,2.24797893335023,2.245933801218207,2.243951001480378,2.242028010968797,2.2401623596370626,2.23835163352394,2.23659347711351,2.2348855951616726,2.2332257540522327,2.23161178273874,2.230041573323025,2.2285130813157545,2.227024325619403,2.2255733882703987,2.224158413972672,2.2227776094518212,2.221429242655599,2.220111641824135,2.2188231944502514,2.2175623461481226,2.2163275994467684,2.21511751252252,2.213930697883448,2.2127658210167316,2.211621599009167,2.2104967991494937,2.209390237519937,2.2083007775840633,2.2072273287764927,2.206168845099689,2.2051243237320186,2.2040928036510983,2.2030733642754963,2.2020651241273947
NorESM1-M,351,China,UVic2.9,0.9904159048248414,1.9015176659672228,2.1851002913742312,2.2511288128334677,2.247056957990659,2.2245777735934404,2.2007764866187096,2.180480709251937,2.1643701846734174,2.1518740493311603,2.1421707093601516,2.13450519444609,2.1282673075240472,2.122990889339445,2.118331049733988,2.1140386477241133,2.109937860551344,2.1059080282564935,2.101869472174642,2.0977726101991245,2.0935896855337335,2.0893085247797796,2.084927855507337,2.080453815256371,2.0758973672122587,2.0712724036205086,2.0665943691971806,2.0618792763064353,2.057143014061898,2.0524008768243394,2.0476672554354978,2.042955448205201,2.0382775591290843,2.0336444588049924,2.029065789613892,2.0245500013775812,2.0201044072401126,2.015735252203951,2.011447788784764,2.007246355784275,2.0031344573364613,1.9991148402485581,1.9951895683041678,1.991360092673969,1.9876273179307944,1.9839916634210553,1.9804531199270698,1.9770113016833615,1.973665493897543,1.9704146959840694,1.9672576607541727,1.964192929824485,1.9612188655140221,1.9583336794982413,1.955535458482055,1.9528221871431333,1.9501917685837864,1.9476420425152121,1.9451708013828843,1.9427758046265826,1.9404547912536834,1.9382054908897732,1.9360256334570767,1.9339129576180012,1.9318652181091,1.929880192079403,1.9279556845365906,1.9260895329949148,1.9242796114098009,1.9225238334761034,1.9208201553594684,1.9191665779235187,1.9175611485094903,1.916001962319284,1.9144871634478169,1.9130149456060337,1.911583552571681,1.91019127840116,1.9088364674324723,1.9075175141060001,1.9062328626272598,1.9049810064930497,1.9037604879003645,1.9025698970551224,1.9014078713961569,1.900273094748061,1.8991642964151032,1.8980802502269996,1.8970197735460976,1.8959817262445313,1.8949650096588144,1.8939685655284657,1.8929913749245746,1.8920324571733198,1.8910908687789951,1.8901657023504093,1.8892560855340197,1.8883611799567774,1.887480180181174,1.886612312674617,1.8857568347949953
NorESM1-M,351,China,ACC2,0.9918121709204633,1.9099898227404837,2.2014391241574707,2.273877845363597,2.274220668659805,2.254204210233302,2.2311324782628974,2.210083174154469,2.191969734876354,2.176425571220351,2.1628030201876096,2.1504936345866534,2.139010167515845,2.127989551023755,2.1171734106578652,2.1063853427305017,2.0955108262474895,2.084481013038878,2.0732601543273064,2.0618360416010244,2.0502128265334605,2.038405676683321,2.0264368314609813,2.0143327188928613,2.0021218720825233,1.98983344591734,1.9774961822684745,1.9651377085422381,1.9527840824244098,1.9404595169979644,1.928186236660909,1.9159844266234285,1.9038722481436914,1.8918658987740908,1.8799797022745404,1.868226216917659,1.8566163539777205,1.8451595005003234,1.8338636421766323,1.822735483433988,1.8117805628101644,1.8010033623829396,1.7904074105409333,1.779995377753795,1.769769165264459,1.7597299868111675,1.749878443612148,1.7402145929275166,1.7307380105619457,1.7214478476976989,1.7123428824565403,1.7034215665864452,1.694682067658128,1.6861223071404237,1.6777399947038005,1.6695326590801627,1.661497675784798,1.6536322919840705,1.645933648770758,1.6383988010878054,1.6310247355214365,1.6238083861657173,1.6167466487430537,1.6098363931488187,1.603074474573221,1.5964577433395366,1.5899830535850297,1.583647270899349,1.5774472790242908,1.57137998570902,1.5654423278062668,1.559631275686398,1.5539438370394234,1.548377060127972,1.5429280365481817,1.5375939035502948,1.532371845965258,1.5272590977795246,1.5222529433959624,1.5173507186149422,1.5125498113667295,1.5078476622226933,1.5032417647106944,1.4987296654569524,1.49430896417497,1.4899773135196694,1.4857324188231635,1.4815720377271564,1.4774939797249906,1.4734961056255282,1.4695763269494817,1.4657326052676845,1.4619629514901975,1.4582654251136113,1.4546381334337268,1.4510792307296465,1.4475869174246967,1.4441594392293005,1.4407950862698908,1.4374921922080106,1.4342491333527816
NorESM1-M,351,China,Bern-SAR,0.9938435868572935,1.9219073431024223,2.2238244205215705,2.3045792489766392,2.3108812071592792,2.2949503675570395,2.274654273174359,2.2555398957511077,2.2388675818537465,2.2245110455932005,2.2119809131026567,2.2007675247218716,2.1904407846140797,2.180666478172259,2.1711964257353085,2.1618525761589935,2.1525116524186214,2.1430921687315454,2.1335440091161595,2.1238402624216484,2.113970908717318,2.1039379792183257,2.0937518721604214,2.0834285684769367,2.0729875444639783,2.062450222271767,2.051838833905251,2.04117560191499,2.0304821615385804,2.019779165938368,2.0090860293701853,1.9984207734068578,1.987799949357562,1.9772386162643498,1.9667503587080148,1.9563473324207727,1.9460403286212988,1.9358388502440314,1.9257511949763284,1.9157845413563028,1.9059450352120932,1.8962378745076505,1.8866673912567427,1.8772371296175272,1.8679499196176372,1.8588079462110214,1.849812813551593,1.8409656045020077,1.832266935489505,1.8237170068852948,1.8153156491258073,1.807062364819305,1.7989563670944533,1.7909966144509457,1.783181842370025,1.7755105919351184,1.7679812357028943,1.7605920010524954,1.753340991227473,1.7462262042709822,1.7392455500406472,1.7323968654758903,1.7256779282768973,1.7190864691419219,1.7126201826971508,1.70627673724239,1.7000537834248353,1.6939489619436918,1.687959910378877,1.6820842692290865,1.6763196872363828,1.670663826067584,1.6651143644161055,1.6596690015821756,1.6543254605837185,1.6490814908452756,1.6439348705081127,1.638883408400175,1.6339249457012348,1.629057357334803,1.6242785531157566,1.6195864786794891,1.6149791162160867,1.6104544850306037,1.606010641948669,1.6016456815845619,1.5973577364872193,1.593144977178358,1.5890056120951201,1.584937887448788,1.5809400870095884,1.5770105318269616,1.5731475798935228,1.5693496257599953,1.565615100108034,1.5619424692867376,1.5583302348183348,1.5547769328777261,1.5512811337503627,1.547841441272157,1.5444564922549997
NorESM1-M,351,China,MAGICC6(ensemblemedian),0.9918652944001081,1.9122853003892144,2.2097059375647063,2.2907526875278252,2.3008703775754156,2.2906639141523213,2.2767315726053576,2.263787193511235,2.252615002015553,2.242865211840589,2.2339893223759093,2.22551796648319,2.2171161272276247,2.208570182836316,2.1997596666533856,2.1906303833085126,2.1811729906754813,2.171407121335914,2.1613700435175445,2.1511087605106147,2.140674620759431,2.130119724955278,2.1194946027533144,2.108846777096281,2.0982199424611263,2.087653562340951,2.077182748237245,2.066838323256637,2.0566470025421255,2.0466316435023497,2.036811533515579,2.0272026931933813,2.0178181806248072,2.008668387167735,1.9997613189416836,1.991102860657429,1.9826970201156335,1.9745461528497201,1.9666511671417088,1.9590117101201034,1.9516263359399484,1.9444926572051895,1.937607480864771,1.9309669298254317,1.9245665514971169,1.9184014144353125,1.9124661941787322,1.9067552493074111,1.901262688670097,1.8959824306538955,1.890908255295487,1.8860338499631002,1.8813528492724743,1.8768588698386504,1.8725455404086342,1.868406527867802,1.8644355595650406,1.860626442358122,1.8569730787409335,1.8534694803782013,1.8501097793405783,1.8468882373033146,1.8437992529449063,1.8408373677578922,1.83799727046201,1.8352738001902063,1.832661948600071,1.8301568610474126,1.8277538369437711,1.8254483294070203,1.8232359443024384,1.821112438760496,1.81907371924905,1.817115839268012,1.8152349967278685,1.813427531065595,1.811689920146255,1.810018776991975,1.8084108463761144,1.8068630013148264,1.8053722394853304,1.8039356795955812,1.8025505577277532,1.8012142236742275,1.7999241372830994,1.7986778648269643,1.797473075407754,1.796307537407553,1.7951791149946663,1.7940857646919093,1.79302553201369,1.7919965481764002,1.7909970268866549,1.7900252612100005,1.7890796205229553,1.7881585475497137,1.7872605554847483,1.7863842252020845,1.785528202551021,1.7846911957384868,1.7838719727970331
NorESM1-M,351,China,TOTEM2,0.9162011595959199,1.840897745195678,2.2209106054722385,2.395992216702354,2.491566828567586,2.554170234260991,2.601279226986228,2.6396464062859097,2.672048409988828,2.699771375934921,2.7235279397417838,2.7437969749916986,2.7609507442624155,2.7753036367109822,2.787131872323926,2.796682356523699,2.8041773906072365,2.809817719365187,2.8137848418763145,2.8162429380368246,2.8173405512967107,2.817212089027544,2.815979171937769,2.8137518520737883,2.8106297138153105,2.80670286969966,2.802052861340869,2.796753474569018,2.7908714769884932,2.784467285349896,2.777595569419663,2.7703057983919153,2.7626427353111107,2.754646884452528,2.7463548961378867,2.73779993303614,2.7290120016143042,2.7200182520552154,2.7108432496426023,2.701509220328343,2.6920362729390677,2.682442600244707,2.672744660900867,2.6629573440847047,2.6530941184707575,2.643167167037942,2.633187509054856,2.6231651104640457,2.6131089837687913,2.6030272784216772,2.5929273626183877,2.582815897314373,2.572698903204888,2.562581821337668,2.5524695679639486,2.542366584176098,2.5322768808282157,2.5222040791878917,2.5121514477259566,2.5021219354107465,2.4921182018406345,2.4821426445144867,2.4721974235128825,2.462284483836531,2.452405575624238,2.4425622724527942,2.4327559879002623,2.4229879905392586,2.413259417507944,2.4035712867952808,2.3939245083623524,2.384319894209976,2.374758167493678,2.365239970776173,2.3557658734989566,2.3463363787480436,2.3369519293805006,2.3276129135724664,2.318319669843782,2.3090724916089087,2.299871631299372,2.290717304098183,2.281609691322919,2.272548943491372,2.2635351830996426,2.254568507139568,2.2456489893809786,2.2367766824407243,2.22795161965835,2.219173816797462,2.2104432735889734,2.2017599751307557,2.1931238931586132,2.1845349871987874,2.175993205615245,2.167498486560512,2.1590507588392454,2.1506499426931995,2.1422959505149266,2.1339886874964837,2.1257280522199093
bcc-csm1-1-m,351,China,NCARCSM1.4,0.9215846708900978,1.8231559710849379,2.158265802221709,2.2838409397218022,2.331178493921516,2.3486011657249204,2.35392898268923,2.353776078464478,2.350644472353303,2.345529737120291,2.3388764878846655,2.330927532628265,2.321850547511224,2.3117833746871144,2.300849753729492,2.289164469033938,2.2768348332646124,2.2639610015143896,2.250635992716059,2.2369457076450536,2.222969023434214,2.2087779728586425,2.1944379946623354,2.1800082366648836,2.165541894598694,2.1510865724007395,2.1366846525784626,2.122373667840005,2.1081866673289347,2.0941525725521277,2.080296519491337,2.066640184500429,2.0532020924637795,2.0399979063714766,2.027040697990158,2.0143411997058736,2.0019080379116954,1.989747948528678,1.977865975400643,1.9662656524048983,1.9549491701830901,1.94391752842794,1.93317067466991,1.9227076304980166,1.9125266061268524,1.902625104189429,1.8930000135970737,1.883647694264693,1.8745640534544135,1.865744614444054,1.8571845781803997,1.8488788785314523,1.8408222317070029,1.8330091803745021,1.8254341329558033,1.8180913985519545,1.8109752179066183,1.8040797907845205,1.7973993001094362,1.7909279331765176,1.7846599002263555,1.7785894506424622,1.7727108870108286,1.7670185772581988,1.7615069650661175,1.7561705787395163,1.7510040386919774,1.7460020636945712,1.7411594760212374,1.736471205610993,1.7319322933557186,1.7275378936116337,1.723283276023147,1.719163826738879,1.7151750490920208,1.7113125638094315,1.7075721088082814,1.7039495386322212,1.700440823574271,1.697042048528596,1.693749411608963,1.6905592225677535,1.6874679010457392,1.6844719746797192,1.6815680770920656,1.678752945783676,1.6760234199494135,1.673376438233007,1.6708090364363728,1.668318345196708,1.6659015876430232,1.6635560770423952,1.6612792144451745,1.6590684863366278,1.6569214623024566,1.654835792713755,1.652809206436738,1.6508395085716325,1.6489245782245194,1.6470623663152892,1.6452508934244015
bcc-csm1-1-m,351,China,HadGEM2-ES,0.9223409640186733,1.8294528150210536,2.1741950068914346,2.3120422882154843,2.373116778847221,2.404865054733207,2.424486514265936,2.43817535324212,2.4481649150932117,2.455293210173959,2.4599272268732952,2.462288423001222,2.462561702791662,2.46092762195721,2.4575685365877513,2.4526668207747275,2.4464014120221407,2.43894467380689,2.4304600675819805,2.421100632557893,2.411008133608366,2.400312720521945,2.3891329613633854,2.3775761397217186,2.3657387307371804,2.353706991634164,2.341557618987675,2.3293584377316594,2.3171690966969747,2.3050417528876035,2.293021732296187,2.2811481592440366,2.2694545493362503,2.257969363403888,2.2467165214599545,2.235715876875579,2.2249836518042985,2.214532835434956,2.2043735470061505,2.1945133657196907,2.184957629786932,2.175709706860552,2.1667712380681445,2.15814235779008,2.149821891225449,2.1418075316760223,2.134095999356029,2.1266831834104125,2.11956426869957,2.1127338487870504,2.1061860264498855,2.099914502920469,2.093912656964502,2.088173614802151,2.0826903117889444,2.077455546689273,2.072462029298234,2.067702422096696,2.0631693765596424,2.058855564678587,2.0547537062047754,2.050856592070666,2.0471571044024435,2.0436482334956523,2.040323092089138,2.03717492723907,2.0341971300645225,2.0313832436087083,2.0287269690350898,2.026222170355309,2.0238628778655077,2.021643290449395,2.019557776889908,2.0176008763164317,2.015767297901067,2.0140519199054414,2.0124497881685546,2.010956114116396,2.009566272365224,2.0082757979824337,2.007080383461815,2.0059758754635677,2.00495827136365,2.004023715651898,2.003168496213674,2.0023890405256086,2.001681911792336,2.001043805047705,2.0004715432409745,1.9999620733258432,1.9995124623677643,1.9991198936828085,1.998781663019538,1.998495174793542,1.9982579383828687,1.9980675644911963,1.9979217615843963,1.9978183324051337,1.9977551705691603,1.9977302572461715,1.9977416579273595
bcc-csm1-1-m,351,China,MPI-ESM,0.9254137285837802,1.8467591577758613,2.2047801829958162,2.3504934315762935,2.4138051417506086,2.4431752574193473,2.457010125407247,2.462580370851829,2.4629905505820235,2.459752063855838,2.4537375006820468,2.4455385924257786,2.4356039124063273,2.424294804551888,2.411910572640041,2.398701782822776,2.38487868461415,2.3706173888941957,2.35606482786519,2.3413429218847868,2.3265521517124146,2.3117746464185345,2.297076860304679,2.2825118946971843,2.2681215105903836,2.2539378714261287,2.2399850501409655,2.2262803303367233,2.2128353277577477,2.199656955055103,2.186748250006809,2.174109084888637,2.1617367725120786,2.1496265825266807,2.137772179895121,2.1261659959616184,2.114799541226477,2.1036636677886777,2.0927487884071208,2.0820450582429944,2.0715425245650905,2.061231249016056,2.051101406436995,2.0411433637217975,2.031347741711896,2.021705462739414,2.0122077860732794,2.002846333215765,1.9936131047274417,1.9845004900242929,1.9755012713862108,1.9666086232382736,1.9578161076118306,1.9491176665575694,1.9405076121668101,1.9319806147560756,1.9235316896829484,1.9151561831855908,1.906849757573951,1.8986083760440544,1.8904282873396099,1.882306010443546,1.8742383194472954,1.8662222287157262,1.8582549784400237,1.8503340206498649,1.8424570057373775,1.8346217695309865,1.8268263209438886,1.8190688302119342,1.8113476177266674,1.803661143462281,1.796007996989712,1.7883868880663825,1.7807966377862456,1.7732361702730162,1.7657045048959934,1.7582007489876104,1.7507240910404411,1.7432737943606451,1.735849191154983,1.72844967702834,1.721074705868934,1.7137237850990736,1.7063964712696744,1.6990923659774588,1.6918111120847463,1.6845523902221633,1.6773159155560957,1.6701014348027274,1.662908723472266,1.655737583327201,1.6485878400397924,1.6414593410344145,1.634351953501613,1.6272655625713155,1.620200069633399,1.6131553907947895,1.6061314554627624,1.5991282050448443,1.5921455917565341
bcc-csm1-1-m,351,China,Bern3D-LPJ(ensemblemedian),0.9237669630255539,1.8382100646820523,2.1916229110280314,2.3376659167905536,2.40625684579488,2.4450760481392093,2.471606161770346,2.49226279743184,2.509421507580584,2.523994329803808,2.5363709454758587,2.5467596866422983,2.555308938471167,2.5621486953441095,2.5674034928453064,2.5711954044403695,2.5736438533103323,2.5748646223296987,2.5749688582418933,2.5740622982957313,2.5722447516841047,2.569609806522138,2.566244718894087,2.562230442087957,2.557641760209274,2.5525474970093907,2.5470107767448136,2.541089318914447,2.534835752831245,2.528297941293362,2.5215193052622347,2.5145391435514837,2.507392943185701,2.5001126773867566,2.4927270891580733,2.4852619592207743,2.477740357656081,2.470182879063282,2.4626078613817635,2.4550315887736116,2.447468479139467,2.4399312569605196,2.4324311122359354,2.4249778463283413,2.417580005547325,2.41024500329963,2.402979231618867,2.3957881628619053,2.3886764423262057,2.3816479725049566,2.3747059896565674,2.367853133323617,2.3610915093943405,2.3544227472587744,2.3478480515711606,2.341368249091811,2.3349838310447266,2.3286949913924193,2.322501661396595,2.3164035408027264,2.3104001259578797,2.3044907351447423,2.2986745313900085,2.2929505429829344,2.2873176819186414,2.2817747604617256,2.276320506008229,2.2709535744075433,2.2656725618913316,2.260476015743198,2.2553624438299114,2.2503303231046123,2.2453781071813355,2.2405042330717144,2.235707127165358,2.2309852105286425,2.226336903588801,2.2217606302643214,2.2172548215969616,2.212817918934868,2.2084483767123912,2.204144664866953,2.1999052709302847,2.1957287018270084,2.191613485411109,2.187558171767173,2.1835613343011766,2.179621570643173,2.1757375033815523,2.171907780647466,2.1681310765652864,2.164406091584227,2.160731552704071,2.1571062136073067,2.153528854708101,2.1499982831282214,2.146513332608298,2.143072863362456,2.1396757618835287,2.136320940704851,2.133007338124784
bcc-csm1-1-m,351,China,Bern2.5D-LPJ,0.9102671620759808,1.7610713842875627,2.0508197538257376,2.150415835615132,2.1899235008988405,2.2129701507517576,2.2328436681295436,2.2526515470905815,2.272413380325087,2.2914510314167416,2.309119926698062,2.324978244339687,2.3387819726832735,2.3504380338022335,2.359956955635384,2.3674155019593224,2.3729297981830797,2.376636919069241,2.3786826777954455,2.3792137607954364,2.378372833312545,2.376295642271928,2.373109443371538,2.368932293138998,2.363872895377893,2.35803079347874,2.3514967696012827,2.3443533588787604,2.336675418637319,2.328530714051115,2.3199804960108557,2.3110800565517207,2.301879253516438,2.29242300027514,2.2827517189996906,2.272901757681355,2.262905772114294,2.2527930746658376,2.2425899519664387,2.232319953779315,2.222004155318562,2.211661395221014,2.2013084912706375,2.190960435844727,2.1806305729116024,2.170330758267673,2.1600715045632968,2.1498621125341972,2.1397107897306604,2.129624757920631,2.1196103502354986,2.1096730990289894,2.099817815329186,2.090048660681612,2.080369212106196,2.0707825208229016,2.061291165338971,2.05189729943447,2.042602695532128,2.033408783891175,2.024316688023267,2.0153272566906364,2.0064410928124476,1.9976585795743242,1.9889799040078826,1.98040507828181,1.9719339589230243,1.963566264165464,1.9553015896056547,1.9471394223266612,1.9390791536369962,1.93112009055694,1.9232614661721883,1.9155024489632069,1.9078421512084953,1.9002796365504704,1.892813926804393,1.8854440080828212,1.8781688363015412,1.8709873421262664,1.8638984354140655,1.8569010091979976,1.8499939432592198,1.8431761073262052,1.8364463639371935,1.829803570998442,1.8232465840677967,1.816774258390191,1.810385450709231,1.8040790208766662,1.7978538332795457,1.7917087581027469,1.7856426724432206,1.7796544612903682,1.7737430183859038,1.7679072469749537,1.7621460604593988,1.7564583829630427,1.7508431498174963,1.7452993079767651,1.7398258163677243
bcc-csm1-1-m,351,China,CLIMBER2-LPJ,0.9192512074598703,1.807443102317209,2.1244102212305958,2.2308990560938633,2.259826974047473,2.260253653786687,2.250352800785222,2.236905743301507,2.2224781027919143,2.208064459593787,2.1940650566389195,2.180648274930464,2.167886622656611,2.1558089610794373,2.1444215409870537,2.1337172491477885,2.1236802512773654,2.1142887176547616,2.1055166555308533,2.0973352556020672,2.0897139282296755,2.0826211159170196,2.076024932370689,2.0698936622790107,2.0641961475330475,2.0589020804385463,2.0539822207923017,2.0494085508422035,2.04515437982616,2.041194407850974,2.0375047572478118,2.0340629781718182,2.030848034058675,2.0278402715775865,2.0250213789007425,2.0223743354200665,2.0198833554640663,2.01753382808317,2.015312254567319,2.0132061850221716,2.0112041550499775,2.0092956233488013,2.0074709108521094,2.0057211418728995,2.0040381875878497,2.002414612091725,2.000843621167687,1.9993190138510402,1.997835136809944,1.9963868415242445,1.994969444210698,1.993578688418089,1.9922107101972968,1.9908620057383193,1.9895294013576041,1.9882100257135211,1.9869012841256195,1.985600834872748,1.9843065673466855,1.9830165819405776,1.9817291715552516,1.9804428046108689,1.9791561094563757,1.9778678600744433,1.9765769629851593,1.9752824452570474,1.9739834435398134,1.9726791940382984,1.971369023352887,1.970052340116083,1.9687286273606244,1.9673974355586044,1.9660583762756587,1.9647111163889095,1.9633553728204276,1.9619909077428117,1.9606175242158148,1.9592350622172259,1.9578433950333511,1.9564424259779367,1.9550320854106253,1.9536123280283086,1.9521831304055384,1.9507444887614094,1.9492964169331308,1.947838944537225,1.9463721153020117,1.9448959855554018,1.9434106228543635,1.9419161047428148,1.9404125176265652,1.9388999557544337,1.937378520295773,1.935848318505805,1.9343094629703284,1.932762070922905,1.9312062636273546,1.929642165820016,1.928069905205752,1.9264896120031378,1.924901418533861
bcc-csm1-1-m,351,China,DCESS,0.9179656187651106,1.8043061070098967,2.1284257867796117,2.2520690009471416,2.305893528395837,2.3362446220222153,2.3589638238117017,2.3790460575249153,2.397768897113891,2.4152397818528164,2.4312774033777154,2.445694978078522,2.458374395663056,2.469271519800608,2.478402144288379,2.4858252543577466,2.4916285580837196,2.495917253199426,2.498805745611377,2.5004117418500456,2.5008521525167393,2.5002403406682343,2.4986843526388895,2.4962858573195374,2.493139589881193,2.489333149392149,2.484947039963827,2.480054875011749,2.4747236864274846,2.4690142968664843,2.462981725442129,2.456675605987597,2.450140603534766,2.4434168193812345,2.4365401785339684,2.4295427957719564,2.422453318316582,2.4152972443235687,2.4080972172558446,2.400873296764999,2.3936432070767935,2.3864225641000085,2.3792250825991323,2.372062764820472,2.364946071960676,2.3578840798324348,2.3508846200261555,2.3439544077970798,2.3370991578307407,2.330323688959968,2.3236320188268857,2.317027449405271,2.310512644224062,2.3040896980617407,2.2977601998148502,2.291525289182014,2.2853857077474475,2.279341844995027,2.273393779735459,2.2675413173845627,2.26178402349005,2.256121253867038,2.2505521816688003,2.2450758216885287,2.239691052159877,2.2343966342988555,2.2291912298062897,2.224073416529863,2.219041702464793,2.2140945382563424,2.209230328350482,2.20444744092622,2.199744216729263,2.1951189769161648,2.19057003000666,2.186095678033477,2.181694221969476,2.1773639665046987,2.1731032242390995,2.168910319349632,2.164783590785698,2.160721395040713,2.1567221085438404,2.152784129710791,2.1489058806897137,2.1450858088336466,2.141322387929097,2.137614119206209,2.133959532154629,2.130357185165743,2.1268056660209558,2.1233035922427557,2.119849611324345,2.1164424008519123,2.1130806685317443,2.109763152134023,2.1064886193629064,2.1032558676626496,2.1000637239674007,2.0969110444025936,2.093796713944058
bcc-csm1-1-m,351,China,GENIE(ensemblemedian),0.9167658439401454,1.7944088348295713,2.1037045285681617,2.2089180860486377,2.2426557104520533,2.252628980957989,2.255574767852436,2.2570348031562366,2.258587742661259,2.260474757305125,2.262538001775896,2.2645443482190064,2.26628764422099,2.2676131780677977,2.2684164272709304,2.2686346298806406,2.2682375104532944,2.267219104281265,2.265591090406918,2.263377544246284,2.2606108876753943,2.257328805727252,2.2535719276298614,2.249382105544631,2.2448011573040434,2.239869967219273,2.234627861592195,2.2291121935994633,2.223358086514751,2.2173982955254785,2.2112631572928456,2.2049806033944535,2.198576219275099,2.192073334629345,2.185493134500365,2.178854783001294,2.172175553605923,2.1654709615384804,2.158754895015459,2.1520397430345946,2.1453365181264448,2.138654973032647,2.1320037106886076,2.125390287197031,2.1188213077069737,2.1123025152776838,2.1058388729236577,2.0994346391169456,2.0930934370747085,2.0868183181908124,2.0806118199847994,2.0744760189453917,2.068412578640068,2.0624227934517783,2.056507628288373,2.05066775459297,2.0449035829644333,2.039215292676925,2.033602858368048,2.028066074145007,2.0226045753394812,2.017217858123648,2.0119052971823126,2.006666161620269,2.0014996292682814,1.9964047995375553,1.9913807049586945,1.9864263215300033,1.9815405779877655,1.9767223641018266,1.9719705380897414,1.9672839332347103,1.9626613637840926,1.9581016301986869,1.9536035238160196,1.949165830985139,1.9447873367251092,1.9404668279540584,1.9362030963317045,1.931994940753852,1.92784116953375,1.9237406023021346,1.919692071654188,1.9156944245695016,1.9117465236283175,1.9078472480449935,1.90399549453805,1.9001901780536485,1.8964302323582543,1.892714610514451,1.8890422852524824,1.8854122492490888,1.8818235153237384,1.8782751165616416,1.8747661063718388,1.871295558488046,1.867862566918774,1.8644662458530423,1.861105729527107,1.8577801720570393,1.8544887472418297
bcc-csm1-1-m,351,China,LOVECLIM,0.9129438607224246,1.776736408411188,2.0793325762023582,2.186925101760649,2.2286832744377483,2.248730882563643,2.2612732530667414,2.2703744910783072,2.276910466447356,2.2809201013837095,2.282338515110729,2.281182953780882,2.277568293519776,2.2716796558556847,2.2637419224400794,2.2539961949018457,2.2426839428710585,2.2300372168727716,2.216273112673009,2.2015910419331615,2.1861717815607995,2.1701776091206875,2.1537530713870185,2.137026095982864,2.1201092637202437,2.1031011292882202,2.086087522983245,2.069142794877233,2.052330980920756,2.035706881751086,2.0193170518677985,2.003200700938605,1.9873905113283932,1.9719133771617785,1.9567910707571887,1.942040842377014,1.927675959096232,1.913706188309032,1.900138231038554,1.8869761098295241,1.8742215156147173,1.861874117567294,1.8499318395922135,1.8383911067737329,1.8272470647852554,1.8164937749828614,1.8061243876424429,1.7961312955631479,1.7865062700435088,1.7772405810411718,1.768325103149302,1.7597504088621034,1.7515068504568942,1.7435846316884047,1.7359738703725351,1.728664652829268,1.7216470810579494,1.7149113134303586,1.7084475996080384,1.7022463103194265,1.6962979625676085,1.6905932407818094,1.6851230143731062,1.6798783521080638,1.6748505336710096,1.6700310587475633,1.6654116539274495,1.6609842776933192,1.656741123734297,1.6526746227980884,1.6487774432719116,1.6450424906627343,1.6414629061288981,1.6380320641979507,1.634743569791264,1.6315912546626963,1.6285691733456302,1.625671598693258,1.622893017086008,1.620228123372085,1.617671815599341,1.6152191895890284,1.612865533396381,1.6106063216973785,1.6084372101354363,1.6063540296578482,1.6043527808679567,1.6024296284145585,1.6005808954382004,1.5988030580899417,1.597092740136443,1.5954467076629761,1.5938618638834297,1.592335244065156,1.5908640105750829,1.5894454480514482,1.5880769587049728,1.586756057752272,1.5854803689827182,1.5842476204598226,1.5830556403575358
bcc-csm1-1-m,351,China,MESMO,0.9139678373084902,1.7874944497079728,2.109137954146283,2.2417384005183028,2.311491403395495,2.360578798248401,2.402108489917419,2.4395911760463633,2.4736600365179,2.5042731841461023,2.5313611785430186,2.554967421383351,2.575241382678932,2.592401554115343,2.6067016959366285,2.6184069911512027,2.627779058116673,2.63506732385956,2.6405045608136435,2.644305006661617,2.646664021645154,2.647758621152832,2.64774847563603,2.646777131883232,2.644973310539508,2.6424521966212535,2.639316677281713,2.6356585035642253,2.6315593661715715,2.6270918829864995,2.622320500412036,2.617302312910544,2.61208780622947,2.6067215302072135,2.601242707055261,2.5956857807936866,2.590080913183858,2.5844544311187785,2.5788292300347266,2.573225137517927,2.567659240909757,2.5621461823666727,2.5566984245109126,2.5513264895138836,2.5460391741852217,2.540843743396691,2.5357461039472318,2.530750960774755,2.5258619572371632,2.521081801020084,2.5164123770791527,2.5118548488889374,2.5074097491485814,2.503077060982945,2.498856290578012,2.494746532098744,2.490746525655263,2.486854709009534,2.4830692636472,2.479388155779131,2.4758091727819598,2.4723299555376292,2.468948027087218,2.465660817973513,2.462465688610644,2.459359948985595,2.4563408759668013,2.4534057284679616,2.4505517606907565,2.447776233647921,2.4450764251487134,2.442449638410271,2.4398932094422285,2.4374045133376367,2.4349809695893976,2.4326200465399865,2.4303192650608665,2.4280762015488526,2.425888490317465,2.423753825453228,2.4216699622003226,2.419634717929819,2.4176459727444,2.4157016697637412,2.4137998151316036,2.41193847778082,2.4101157889886586,2.4083299417519526,2.4065791900076436,2.404861847722148,2.4031762878698624,2.401520941319414,2.399894295643886,2.398294893869178,2.3967213331737085,2.3951722635504233,2.3936463864412696,2.3921424533526543,2.3906592644598716,2.389195667207055,2.3877505549083913
bcc-csm1-1-m,351,China,UVic2.9,0.9156878201205909,1.7886969946180453,2.0943335709412643,2.1981834304100882,2.23261336669764,2.244742277166927,2.250744071509632,2.2557231920178102,2.260948969474551,2.266457925691994,2.2719661157774618,2.277170549223059,2.2818341161469604,2.285797178835773,2.2889670053028,2.291302730060239,2.292801473137821,2.293487018632531,2.2934010551806305,2.2925965867068627,2.291133069355915,2.2890728821593407,2.2864788123738595,2.283412305091251,2.2799322838878266,2.2760943947297765,2.2719505607401,2.2675487627139748,2.262932981187919,2.258143251855599,2.253215798312992,2.2481832153893393,2.243074683360032,2.2379161986671874,2.232730810796845,2.2275388579873687,2.222358196708607,2.2172044215381415,2.2120910733077133,2.2070298343066486,2.202030709991082,2.197102197119874,2.192251438568119,2.1874843652926494,2.1828058260688716,2.178219705705152,2.173729032485479,2.169336075605575,2.165042433360351,2.160849112818943,2.1567566016917255,2.1527649330562273,2.1488737435677114,2.1450823257376666,2.1413896748208794,2.137794530810077,2.134295415997016,2.1308906685206734,2.127578472287287,2.124356883613369,2.1212238549115736,2.118177255710327,2.1152148912716586,2.1123345190469958,2.1095338631884424,2.106810627312485,2.1041625056943998,2.1015871930546455,2.0990823930829086,2.096645825831559,2.0942752340973554,2.0919683888986698,2.0897230941450347,2.0875371905862488,2.085408559119614,2.0833351235261834,2.081314852699715,2.079345762425683,2.0774259167619866,2.0755534290676527,2.0737264627212557,2.0719432315663693,2.0702020001177273,2.0685010835580333,2.066838847552503,2.065213707905177,2.063624130078675,2.062068628596637,2.0605457663460687,2.0590541537950044,2.057592448139142,2.056159352389606,2.054753614412723,2.0533740259313187,2.0520194214961065,2.0506886774346538,2.0493807107845075,2.0480944782163726,2.0468289749524105,2.0455832336841304,2.044356323493788
bcc-csm1-1-m,351,China,ACC2,0.9169753065665379,1.7965936639434426,2.109741960832645,2.2199066073143126,2.2588968582853406,2.2738121901548376,2.280979344375804,2.2856965251066756,2.2894224640429814,2.2923647797623388,2.2943895939431984,2.2953240460621793,2.2950434322113606,2.2934851616564274,2.2906403815846574,2.2865408643339196,2.2812467821769897,2.2748367938324443,2.2674004758585933,2.2590327381683637,2.2498298078359213,2.239886413601561,2.2292938734140555,2.2181388528161694,2.206502616300295,2.1944606367332242,2.1820824612151286,2.1694317572171062,2.156566482243007,2.1435391349788646,2.1303970570253496,2.1171827627046595,2.1039342807467953,2.0906854963902393,2.077466485961367,2.0643038386155705,2.0512209618538884,2.0382383688399726,2.0253739465626346,2.012643204616287,2.00005950487944,1.9876342727165728,1.9753771905529187,1.9632963748081647,1.9513985372468672,1.9396891318295726,1.9281724881420315,1.9168519324515458,1.9057298973957886,1.8948080212570866,1.8840872377171163,1.873567856926979,1.8632496386671233,1.8531318583126053,1.8432133662618306,1.8334926414329582,1.8239678393808414,1.8146368355395925,1.8054972640514606,1.7965465526014652,1.7877819536394477,1.779200572336323,1.7707993915893778,1.7625752943623243,1.7545250836191992,1.746645500086879,1.7389332380588218,1.7313849594327815,1.7239973061567448,1.7167669112407442,1.7096904084775133,1.7027644410007339,1.6959856687978465,1.689350775282803,1.6828564730239952,1.6764995087137553,1.670276667456978,1.6641847764493378,1.6582207081085272,1.6523813827156657,1.6466637706188687,1.6410648940453136,1.635581828564208,1.6302117042383173,1.6249517064985541,1.6197990767723092,1.6147511128932894,1.6098051693181084,1.6049586571718626,1.6002090441432564,1.5955538542474017,1.5909906674725824,1.5865171193260312,1.582130900291591,1.5778297552114453,1.5736114826024552,1.5694739339165615,1.5654150127540536,1.5614326740370597,1.5575249231504,1.5536898150556298
bcc-csm1-1-m,351,China,Bern-SAR,0.9188485030286252,1.807703936331019,2.1308629692353116,2.2492439560670006,2.294385943334932,2.313766473618931,2.3241859277472487,2.3313481769848896,2.3370186278113256,2.3416224510011787,2.345173309350278,2.347594114953656,2.348818957946248,2.3488182903458097,2.347598795741186,2.3451962100181616,2.3416673012365963,2.3370828937757278,2.3315223195660097,2.325069195405393,2.317808301180341,2.309823330167192,2.301195314071589,2.2920015626561363,2.2823149914569156,2.272203739023494,2.261730997497615,2.2509549979864323,2.239929105976643,2.228701992765858,2.2173178572083736,2.205816678507494,2.194234485748804,2.1826036336836,2.1709530771937673,2.1593086390977567,2.1476932676482523,2.136127281346068,2.124628599648181,2.11321295885234,2.101894112956207,2.090684019657935,2.079593011923913,2.0686299557241226,2.057802394646797,2.0471166821688613,2.0365781023880283,2.0261909800272355,2.0159587805082286,2.0058842008654185,1.9959692522366193,1.9862153346277256,1.9766233046061799,1.9671935365341693,1.9579259779094087,1.948820199338351,1.939875439626071,1.931090646427645,1.9224645128691706,1.9139955105119202,1.905681919000786,1.8975218527084419,1.8895132846587561,1.8816540679878293,1.8739419551772394,1.8663746152730527,1.8589496492841209,1.85166460393564,1.844516983937169,1.8375042629098688,1.8306238931037742,1.823873314023771,1.8172499600716259,1.8107512673014314,1.8043746793763682,1.7981176528063145,1.7919776615385086,1.7859522009661541,1.780038791414039,1.7742349811541378,1.7685383489995157,1.7629465065198242,1.7574570999176904,1.752067811601345,1.7467763614856315,1.7415805080501798,1.736478049180738,1.7314668228173609,1.7265447074304603,1.7217096223440183,1.7169595279229994,1.7122924256406695,1.7077063580397707,1.703199408599979,1.6987697015232428,1.6944154014469945,1.6901347130945263,1.685925880870618,1.6817871884100148,1.6777169580852143,1.6737135504796563
bcc-csm1-1-m,351,China,MAGICC6(ensemblemedian),0.917024104708964,1.79872178647248,2.1174711243162494,2.2358237464299506,2.2842644685979185,2.308842843961319,2.3252055446223028,2.3382757161822507,2.3493518648250618,2.358619581736201,2.3660049627430415,2.371438809700361,2.3749189155918966,2.376508629486328,2.376319479503667,2.374493244166404,2.3711875738386228,2.3665655589477734,2.360788598936905,2.3540117711982536,2.3463810058661863,2.338031528333468,2.3290871720337205,2.3196602751466577,2.3098519580066377,2.2997526385927967,2.2894426870539624,2.278993151298837,2.2684665077149484,2.2579174066177723,2.2473933929267558,2.236935590152305,2.226579341014945,2.2163548015898846,2.206287488266754,2.196398778384318,2.1867063663920856,2.1772246779816204,2.1679652449455675,2.158937043650129,2.150146800010147,2.141599263778233,2.133297454831806,2.1252428839849884,2.1174357506812074,2.109875119746355,2.1025590792081954,2.0954848810194133,2.0886490663619344,2.0820475770600564,2.0756758544904335,2.0695289272480113,2.0636014887084886,2.0578879655193028,2.0523825779520566,2.047079392959018,2.0419723706941966,2.0370554051851504,2.032322359773948,2.027767097884614,2.0233835096190185,2.0191655346330095,2.01510718169935,2.011202545323119,2.0074458197382095,2.0038313105802863,2.0003534445013145,1.9970067769638828,1.9937859984285626,1.9906859391259035,1.9877015725846972,1.9848280180696318,1.9820605420662878,1.9793945589357278,1.9768256308488759,1.97434946709812,1.9719619228738943,1.9696589975834344,1.9674368327814087,1.9652917097732558,1.9632200469462935,1.9612183968763108,1.9592834432528203,1.9574119976601427,1.9556009962480136,1.9538474963203023,1.952148672867956,1.9505018150679534,1.9489043227681984,1.9473537029747645,1.9458475663565402,1.944383623779272,1.9429596828802849,1.9415736446923717,1.9402235003250585,1.9389073277091724,1.937623288410114,1.936369624514233,1.9351446555912706,1.9339467757358997,1.9327744506897866
bcc-csm1-1-m,351,China,TOTEM2,0.8470453096226347,1.7306391874877385,2.124723973233986,2.331222356653867,2.461924555619382,2.558606525192644,2.637225489455787,2.704184461540204,2.7623209579057817,2.8131149475671116,2.8575054764916272,2.896195036792935,2.9297651118917285,2.958721917092662,2.9835161527500054,3.0045529187448996,3.02219775755513,3.036781045134577,3.048601567701487,3.057929612385436,3.0650097101414526,3.0700630979212393,3.0732899392878075,3.0748713310485263,3.074971117957067,3.0737375343697986,3.071304689552471,3.0677939115991713,3.063314963450071,3.0579671431899147,3.0518402796437702,3.045015633235181,3.037566711122843,3.0295600047729248,3.021055657348882,3.0121080675970067,3.002766436270657,2.9930752605618363,2.9830747814874847,2.972801388707137,2.962287986823139,2.951564326828413,2.940657306018771,2.9295912393703754,2.918388105097344,2.90706776684754,2.8956481747585685,2.8841455473862028,2.8725745363250863,2.860948375169029,2.8492790143008313,2.8375772428598416,2.825852799107916,2.8141144702974468,2.8023701830402823,2.790627085081493,2.778891619296144,2.7671695906485203,2.755466226784095,2.743786232859215,2.7321338411579665,2.7205128559910916,2.708926694326435,2.6973784225571382,2.6858707897745804,2.674406257879261,2.6629870288295163,2.6516150693017635,2.640292133006967,2.6290197808875537,2.61779939939594,2.606632217036753,2.595519319338732,2.584461662405274,2.5734600851784535,2.5625153205396414,2.5516280053569287,2.5407986895795203,2.5300278444697764,2.519315870054954,2.5086631018729997,2.498069817079288,2.4875362399749155,2.4770625470120486,2.4666488713257846,2.4562953068371463,2.4460019119686827,2.435768713009137,2.425595707160203,2.41548286529623,2.405430134463831,2.395437440145661,2.3855046883120123,2.375631767278464,2.3658185493899824,2.3560648925467573,2.3463706415868995,2.336735629539921,2.327159678763223,2.317642601972199,2.308184203174673
bcc-csm1-1,351,China,NCARCSM1.4,1.136114705628298,2.1927367875008037,2.5269902370291213,2.602934730003096,2.5899730757891297,2.549346972591531,2.5027029330071278,2.4572815968046338,2.4151557531916605,2.376605230969404,2.341339010715685,2.308928800660329,2.278955356034686,2.251051458937067,2.224908809943685,2.200273234433709,2.1769369021044143,2.154730529200489,2.1335164654688206,2.113182840386879,2.093638702998892,2.074810023988185,2.0566364231821095,2.0390684991802455,2.022065655565684,2.005594335277618,1.9896265897627163,1.9741389222751662,1.9591113553482264,1.944526681299112,1.9303698619408751,1.9166275497130312,1.9032877074243462,1.8903393079086872,1.8777720982788433,1.865576416250268,1.8537430483000377,1.8422631213125302,1.8311280209132237,1.8203293309648265,1.8098587897439535,1.799708259172215,1.7898697041760885,1.7803351798223257,1.771096824343537,1.7621468565492915,1.7534775764282873,1.7450813679988608,1.736950703669074,1.7290781495323533,1.7214563711574469,1.7140781395380935,1.7069363369527595,1.7000239625530353,1.6933341375525186,1.6868601099304572,1.6805952585972586,1.6745330969943597,1.6686672761203618,1.6629915869898573,1.6574999625421423,1.6521864790244174,1.6470453568796541,1.642070961172284,1.637257801586899,1.6326005320358388,1.6280939499113916,1.6237329950175952,1.6195127482153617,1.6154284298131256,1.6114753977334593,1.6076491454841393,1.6039452999603012,1.600359619102216,1.596887989431508,1.59352642348623,1.590271057174214,1.5871181470615527,1.5840640676119264,1.5811053083908124,1.578238471247135,1.5754602674836804,1.572767515026242,1.5701571356004498,1.567626151924097,1.5651716849218615,1.562790950968446,1.5604812591653714,1.5582400086558845,1.5560646859818763,1.5539528624860373,1.5519021917619418,1.549910407154481,1.54797531931206,1.5460948137924977,1.5442668487233344,1.5424894525174755,1.5407607216446553,1.5390788184589932,1.5374419690826726,1.5358484613456356
bcc-csm1-1,351,China,HadGEM2-ES,1.1370508714332308,2.2004278826493358,2.546191559930721,2.636487479966958,2.639227838615609,2.6145883582011096,2.58349899377399,2.5527494580658256,2.524155017493474,2.4978744637846835,2.473589216425181,2.450905179561225,2.4294760804439774,2.4090300691205306,2.3893651436341443,2.3703365082982266,2.351843583294298,2.3338189002070058,2.316219238397532,2.2990187721018702,2.28220386532032,2.2657691664364066,2.2497147092575154,2.234043785407877,2.2187614038637684,2.203873194862233,2.189384648204472,2.1753006015691922,2.1616249142948827,2.1483602774183983,2.1355081225705406,2.1230686014166356,2.1110406143089215,2.099421872167149,2.0882089796962915,2.0773975311733515,2.06698221241192,2.0569569043153573,2.0473147847904496,2.0380484268158523,2.0291498912228034,2.020610813310713,2.0124224828344617,2.0045759171996265,1.9970619279146264,1.989871180496089,1.9829942481220182,1.9764216593893718,1.9701439405677001,1.964151652756134,1.9584354243525155,1.952985979235297,1.9477941610438252,1.9428509539234,1.938147500079565,1.9336751144628601,1.9294252968816596,1.9253897418172192,1.921560346192394,1.9179292153236918,1.9144886672657833,1.9112312357382581,1.9081496718064865,1.905236944471801,1.902486240310865,1.8998909622900557,1.8974447278677913,1.8951413664860095,1.8929749165412724,1.890939621916343,1.8890299281441845,1.8872404782684395,1.8855661084572197,1.8840018434205623,1.8825428916760005,1.8811846407015196,1.8799226520103565,1.8787526561778638,1.8776705478468798,1.8766723807345727,1.875754362660712,1.8749128506145603,1.8741443458751301,1.873445489197401,1.872813056075133,1.8722439520891554,1.8717352083485645,1.8712839770308107,1.8708875270255043,1.8705432396857051,1.8702486046895355,1.8700012160140684,1.8697987680228398,1.8696390516675807,1.8695199508043077,1.869439438623398,1.8693955741928365,1.8693864991135525,1.8694104342853617,1.8694656767818552,1.8695505968323116
bcc-csm1-1,351,China,MPI-ESM,1.140853039976229,2.2214980164077436,2.5827295684732428,2.681411303111719,2.685507383803131,2.6567021007512075,2.617582865175987,2.576356255642613,2.5359411733144257,2.497314509574627,2.460742307088606,2.4262329333577073,2.393703961884635,2.3630436603041822,2.334133647358611,2.3068572163623875,2.2811023466442397,2.2567627297138713,2.233738040725992,2.2119339136376626,2.1912617934910688,2.1716387336472014,2.1529871662788054,2.1352346593197837,2.1183136670167886,2.102161278580906,2.0867189681033316,2.071932348101485,2.0577509285081246,2.0441278824921483,2.0310198201584493,2.018386570892384,2.0061909748817057,1.9943986841547623,1.9829779733145652,1.9718995600165923,1.9611364351321812,1.9506637024532985,1.940458427726594,1.9304994967519165,1.92076748223981,1.9112445190934813,1.9019141877599741,1.8927614052821315,1.8837723236760167,1.8749342352570202,1.8662354845393059,1.857665386339738,1.849214149725044,1.8408728074515368,1.8326331505583489,1.8244876677881314,1.816429489523173,1.8084523359386395,1.8005504690896479,1.7927186486632043,1.7849520911407117,1.7772464321307655,1.7695976916464398,1.762002242114134,1.7544567789148733,1.746958293271061,1.7395040473040166,1.7320915510991632,1.7247185416264361,1.7173829633744322,1.710082950565911,1.7028168108323218,1.6955830102331362,1.6883801595144816,1.681207001508983,1.6740623995859814,1.6669453270682604,1.6598548575375511,1.6527901559567495,1.6457504705431367,1.638735125330708,1.6317435133655356,1.6247750904821097,1.617829369612517,1.6109059155844514,1.6040043403673414,1.597124298729119,1.5902654842693482,1.583427625797042,1.5766104840240323,1.5698138485473745,1.5630375350960317,1.5562813830197355,1.549545252998925,1.5428290249572176,1.5361325961588157,1.5294558794751467,1.5227988018059642,1.5161613026417189,1.5095433327549221,1.5029448530092433,1.4963658332762173,1.4898062514501262,1.4832660925524357,1.4767453479180712
bcc-csm1-1,351,China,Bern3D-LPJ(ensemblemedian),1.1388154821962364,2.2110987289304043,2.567081192749056,2.666693186827527,2.677670380296582,2.6605425334327513,2.636632655365505,2.6130282629504786,2.591731839185816,2.572997888007217,2.5565368490900466,2.541938745262424,2.5288134244437153,2.516829503156998,2.5057184523295906,2.4952678171978264,2.4853120305417167,2.475723632434096,2.4664056881358585,2.457285497335434,2.4483094678798722,2.4394389762566697,2.4306470428627156,2.4219156721801753,2.4132337323591977,2.4045952709136946,2.395998182181911,2.387443157943023,2.3789328655062327,2.370471308145574,2.3620633313541815,2.35371424538732,2.345429540249255,2.3372146738958275,2.329074918171376,2.3210152500367287,2.313040278106565,2.305154196507207,2.297360759677419,2.2896632730365742,2.2820645954948087,2.274567150625981,2.267172944004593,2.2598835847543906,2.2527003097937333,2.245624009612789,2.2386552546960483,2.231794321925105,2.2250412204716103,2.2183957168282555,2.211857358733494,2.205425497829832,2.199099310960128,2.192877820056194,2.1867599106110176,2.180744348753857,2.174829796967548,2.169014828501484,2.163297940543285,2.1576775662180463,2.1521520854871943,2.1467198350200882,2.1413791171107976,2.136128207711124,2.130965363648112,2.125888829091447,2.1208968413327765,2.115987635935121,2.111159451307037,2.1064105327526574,2.101739136044503,2.0971435305632324,2.092622002044311,2.0881728549691503,2.0837944146343843,2.079485028931005,2.075243069861603,2.071066934821943,2.066955047670867,2.0629058596098617,2.0589178498924547,2.0549895263809583,2.051119425967225,2.047306114871817,2.043548188835342,2.0398442732137294,2.0361930229885603,2.0325931227024774,2.0290432863282555,2.0255422570800468,2.0220888071736494,2.018681737542709,2.01531987751644,2.012002084464466,2.0087272434132175,2.0054942666385203,2.0023020932378808,1.9991496886860596,1.9960360443771032,1.9929601771552696,1.989921128837683
bcc-csm1-1,351,China,Bern2.5D-LPJ,1.1221110454088028,2.117168539790144,2.398714330545554,2.447205132603983,2.4294252712588627,2.4000155341555782,2.3745641985899693,2.355784694773947,2.3426632206788773,2.333496492377009,2.326787163302347,2.321422671270382,2.3166390500836482,2.311938607748937,2.3070130089834353,2.3016835239845017,2.2958578826431157,2.289500209181742,2.2826104875786655,2.2752107230427265,2.267335719495229,2.2590270045632765,2.2503288852916437,2.241285937871478,2.231941456903685,2.2223365423402957,2.212509606459491,2.2024961541426538,2.1923287378684235,2.182037021472648,2.171647908807025,2.161185708347555,2.150672314859298,2.140127395982494,2.1295685761302168,2.119011613101888,2.108470564809919,2.0979579448216175,2.087484866259885,2.0770611741378087,2.0666955665263105,2.0563957051413984,2.0461683160346804,2.0360192811096067,2.0259537211879084,2.015976071329543,2.006090149075291,1.9962992162394533,1.9866060348355006,1.9770129176722777,1.9675217741140474,1.9581341514555506,1.948851272323372,1.9396740684780636,1.9306032113571967,1.9216391396681851,1.9127820843110361,1.9040320908848627,1.8953890400082887,1.886852665662025,1.8784225717423473,1.8700982469962177,1.8618790784926613,1.8537643637703498,1.84575332178794,1.8378451027918128,1.830038797204905,1.822333443630303,1.8147280360547104,1.8072215303283776,1.7998128499910737,1.7925008915069287,1.7852845289650539,1.778162618297321,1.771134001059893,1.7641975078205678,1.757351961190113,1.750596178531869,1.7439289743809965,1.7373491626013733,1.7308555583057985,1.7244469795623765,1.7181222489081593,1.7118801946887352,1.7057196522409044,1.6996394649338493,1.6936384850827908,1.6877155747476764,1.6818696064283638,1.6760994636665811,1.6704040415640546,1.6647822472250944,1.659233000131436,1.6537552324560667,1.6483478893224042,1.6430099290142748,1.637740323141987,1.6325380567689207,1.6274021285028495,1.6223315505557512,1.6173253487754746
bcc-csm1-1,351,China,CLIMBER2-LPJ,1.1332268968520256,2.173575337262008,2.4863275370181572,2.5403141917623477,2.5068472952139382,2.4479416950448707,2.3855372748776595,2.3269465141186556,2.274200682791073,2.2274747637751937,2.186335864444272,2.1501924929530754,2.1184511951843943,2.0905666988138725,2.0660538859785262,2.0444865922444784,2.0254923102681075,2.0087460362335423,1.99396436248657,1.9809001464522853,1.9693378117567084,1.959089245523978,1.9499902296869045,1.9418973411746663,1.9346852604797633,1.9282444347625662,1.922479048374371,1.9173052598446,1.9126496698340425,1.908447989317728,1.9046438813927493,1.9011879536828848,1.8980368814050335,1.8951526438369508,1.8925018592381788,1.8900552052752309,1.88778691373143,1.8856743297772456,1.8836975273709395,1.8818389734788732,1.8800832347738927,1.8784167213090412,1.876827462390242,1.875304910500604,1.8738397696741969,1.8724238451891781,1.871049911859696,1.8697115985608432,1.8684032869287703,1.8671200224451376,1.865857436346789,1.8646116770027805,1.8633793495755562,1.8621574629348359,1.8609433829247708,1.8597347911993325,1.8585296489409378,1.8573261648637782,1.8561227669790088,1.8549180776645928,1.8537108916399379,1.8525001564953005,1.8512849554694961,1.8500644922073837,1.8488380772617863,1.8476051161332545,1.8463650986666027,1.8451175896449077,1.8438622204414103,1.8425986816060398,1.841326716278757,1.8400461143343403,1.8387567071746826,1.8374583630950523,1.8361509831586587,1.8348344975225697,1.833508862163704,1.8321740559604929,1.8308300780901898,1.8294769457070268,1.8281146918701185,1.826743363693442,1.825363020693872,1.8239737333152883,1.822575581610023,1.8211686540601468,1.8197530465240146,1.8183288612941522,1.81689620625497,1.8154551941293062,1.8140059418046701,1.8125485697305839,1.8110832013794682,1.8096099627646287,1.8081289820090245,1.8066403889599043,1.805144314844092,1.8036408919601534,1.802130253403196,1.800612532819312,1.7990878641862564
bcc-csm1-1,351,China,DCESS,1.1316368413866735,2.1698059717372695,2.491466806869885,2.566241436619837,2.5622927258815817,2.538094070929271,2.5126649939894263,2.491176865103215,2.4741998162865513,2.460975964478373,2.4505280720155835,2.441996496941698,2.434710543177765,2.4281757125542183,2.422040140603212,2.4160608985565304,2.4100758364216603,2.403981615513626,2.397717097953321,2.3912509901234347,2.384572741779226,2.377685893085673,2.3706032451559964,2.3633433813516445,2.355928185100397,2.348381090222671,2.34072586763817,2.3329858030835244,2.3251831583050775,2.317338836337431,2.3094721923915937,2.301600947398,2.2937411727576,2.2859073233754,2.2781123023522807,2.2703675453617342,2.2626831161648844,2.2550678072337274,2.2475292412959167,2.2400739709584077,2.2327075745423115,2.2254347469638667,2.218259384998326,2.2111846666178736,2.204213124341043,2.197346712698664,2.190586870031671,2.1839345749052472,2.17739039746342,2.1709545460670365,2.1646269095624087,2.158407095522211,2.152294464788386,2.146288162630423,2.14038714681388,2.134590212854343,2.128896016712021,2.1233030951624112,2.1178098840595,2.112414734689782,2.1071159283983927,2.10191168965262,2.0968001976933652,2.0917795969114303,2.086848006072922,2.0820035265066896,2.0772442493558474,2.072568261986487,2.0679736536369413,2.063458520384188,2.0590209694955193,2.054659123228166,2.0503711221325918,2.0461551279107115,2.042009325874407,2.0379319270462855,2.0339211699397284,2.02997532205209,2.0260926811017854,2.022271576036299,2.018510367836444,2.014807450138746,2.01116124969656,2.0075702266976467,2.004032874955049,2.000547721985451,1.9971133289888756,1.9937282907410574,1.990391235409756,1.9871008243041413,1.9838557515664086,1.980654743812943,1.977496559732242,1.974379989645923,1.971303855038064,1.9682670080583593,1.9652683310030379,1.9623067357780757,1.959381163347749,1.9564905831721815,1.953633992636249
bcc-csm1-1,351,China,GENIE(ensemblemedian),1.1301517256688351,2.1577181666929537,2.4616751920999738,2.5149310756809684,2.488093616361178,2.4412755516005062,2.394505865666717,2.35351395385675,2.319121135540039,2.290621259202877,2.2669655512018614,2.24715199251274,2.2303317986625957,2.215819539896362,2.2030739173632528,2.191672575704992,2.1812885445580785,2.171670303208795,2.162625569364425,2.1540083482096146,2.1457086744898346,2.137644524986994,2.129755460659322,2.1219976397266946,2.114339914239662,2.106760781423485,2.0992460084671474,2.09178678725489,2.084378305599421,2.0770186453723554,2.0697079368056324,2.062447713178487,2.055240421923561,2.048089057531136,2.040996889016995,2.03396726055461,2.027003448480303,2.020108561516303,2.013285473924008,2.0065367835600707,1.999864788586713,1.9932714779874516,1.9867585321388406,1.9803273305510776,1.973978964566382,1.9677142533318073,1.9615337617755786,1.9554378196363411,1.9494265408435771,1.9434998427397245,1.9376574647821025,1.9318989864764256,1.9262238443792614,1.920631348072233,1.915120695058765,1.9096909845701964,1.9043412302939866,1.899070372054683,1.8938772864912987,1.8887607967824087,1.8837196814753046,1.8787526824778369,1.8738585122718214,1.8690358604064625,1.8642833993279915,1.859599789599882,1.8549836845645435,1.8504337344952388,1.8459485902828436,1.841526906699798,1.8371673452798651,1.832868576849826,1.828629283745835,1.8244481617449588,1.820323921739477,1.8162552911793153,1.8122410153058501,1.8082798581978918,1.8043706036492058,1.800512055894886,1.7967030402023036,1.7929424033411827,1.789229013945437,1.7855617627787737,1.7819395629146044,1.7783613498397375,1.7748260814908023,1.7713327382309092,1.7678803227738025,1.7644678600618182,1.7610943971033224,1.7577590027749117,1.754460767592865,1.7511988034580979,1.747972243378319,1.7447802411708773,1.7416219711490772,1.738496627794864,1.7354034254202158,1.7323415978193222,1.729310397913682
bcc-csm1-1,351,China,LOVECLIM,1.1254232611130153,2.1362469966328903,2.432806676671739,2.489920486011433,2.473570255715732,2.439282705323629,2.4039798864781887,2.371683483583601,2.3425020852466356,2.315635718844177,2.2902871878608195,2.265872792839876,2.242020037514732,2.218515771045739,2.195254627305725,2.1721994842682517,2.1493539901491676,2.126744425359429,2.10440812630088,2.0823863122656165,2.0607197898074414,2.03944650399117,2.018600256888962,1.998210151505083,1.9783004767171426,1.9588908516536934,1.9399965145749565,1.9216286842850567,1.9037949496734463,1.8864996605954094,1.869744304491192,1.8535278602007188,1.8378471248365515,1.8226970122853687,1.8080708235341754,1.793960489956308,1.7803567911990823,1.767249549552026,1.7546278027472497,1.7424799571166143,1.730793922947656,1.7195572337667322,1.7087571511514834,1.6983807565440292,1.6884150314083224,1.6788469269533854,1.6696634245291722,1.6608515876960892,1.6523986068713403,1.6442918373665598,1.6365188315496566,1.6290673657901744,1.621925462780963,1.6150814097681923,1.6085237731674338,1.602241409993945,1.596223476491221,1.5904594343014233,1.5849390544851922,1.579652419666065,1.57458992454503,1.569742275004634,1.5651004859980184,1.5606558783972966,1.5564000749560531,1.5523249955237444,1.54842285163424,1.5446861405766956,1.5411076390444836,1.5376803964470767,1.5343977279589578,1.531253207371274,1.528240659803926,1.5253541543279197,1.522587996541974,1.5199367211416919,1.517395084513615,1.5149580573831658,1.5126208175401872,1.510378742662895,1.508227403257861,1.5061625557301637,1.5041801355958817,1.5022762508469178,1.5004471754755373,1.4986893431648258,1.4969993411498352,1.4953739042520147,1.4938099090895578,1.4923043684641213,1.4908544259241896,1.4894573505045863,1.4881105316404244,1.4868114742537302,1.4855577940105875,1.4843472127455868,1.4831775540506364,1.4820467390249341,1.4809527821820585,1.479893787510547,1.47886794468424
bcc-csm1-1,351,China,MESMO,1.1266912121094852,2.149404397909905,2.4688002075743367,2.555258688057933,2.5709910164173926,2.569164441881594,2.5654547915404087,2.5633344463077257,2.5627462746593554,2.56291246918458,2.5631359202803914,2.5629544333686263,2.5621124129946686,2.5604991518449367,2.558095333626325,2.554934993161312,2.551080694406916,2.5466081214152156,2.541596871211893,2.5361251678436996,2.5302669920080176,2.524090669093396,2.5176583202066216,2.5110258110149184,2.504242976894097,2.4973539914384424,2.4903977995536204,2.4834085692789687,2.4764161363842536,2.469446427731986,2.4625218565041913,2.455661686565609,2.448882365635342,2.4421978282722816,2.435619770375651,2.4291578972211387,2.42282014715261,2.4166128930245283,2.410541123397747,2.404608605364586,2.398818030739459,2.3931711472081574,2.3876688758907187,2.3823114166415498,2.377098342288022,2.3720286828966892,2.3671010010523506,2.3623134590418298,2.357663878748123,2.3531497949833082,2.348768502918115,2.344517100202063,2.3403925243107717,2.336391585604461,2.332510996534622,2.328747397393238,2.3250973789600424,2.321557502368802,2.3181243164816725,2.3147943730326292,2.3115642397748055,2.308430511843583,2.3053898215262905,2.3024388466101007,2.2995743174630014,2.2967930229868228,2.2940918155676018,2.291467615135913,2.28891741243833,2.286438271610786,2.28402733213577,2.2816818102564453,2.2793989999133375,2.2771762732627985,2.2750110808297332,2.2729009513421152,2.27084349128924,2.2688363842418093,2.2668773899674557,2.2649643433716125,2.2630951532908656,2.2612678011623855,2.259480339590796,2.25773089083108,2.2560176452044853,2.2543388594619724,2.252692855108157,2.25107801669744,2.2494927901121438,2.2479356808316897,2.2464052522002365,2.2449001236997512,2.2434189692342508,2.2419605154299624,2.2405235399560843,2.2391068698695107,2.237709379986754,2.236329991285464,2.23496766933792,2.2336214227780986,2.232290301803564
bcc-csm1-1,351,China,UVic2.9,1.1288178708020706,2.1507683728305507,2.4505063127628484,2.502469466898695,2.4768517385807294,2.4329518104071512,2.390061209731508,2.353357648672446,2.3232887524080033,2.2989152861586013,2.2790575847380103,2.262653313566504,2.248840056854149,2.2369481603322208,2.2264693723126894,2.217023343510511,2.2083285253661735,2.2001786625572906,2.192424390401338,2.1849590438528836,2.177707802015666,2.1706194258157554,2.1636599935237517,2.156808168052499,2.150051635202095,2.1433844350410802,2.1368049731558494,2.1303145483382373,2.1239162716338873,2.1176142811352587,2.111413179510628,2.105317638594991,2.0993321286521294,2.0934607400887146,2.087707073185062,2.0820741773583484,2.076564526019505,2.0711800165532943,2.065921987593126,2.0607912477719315,2.0557881116560597,2.0509124397243603,2.0461636801271075,2.041540910615627,2.0370428795253126,2.032668045061072,2.0284146124052924,2.024280568367505,2.0202637134391535,2.0163616912202924,2.0125720152571733,2.0088920933791927,2.005319249655745,2.001850744113168,1.998483790362297,1.9952155712909718,1.992043252974919,1.9889639969562594,1.9859749710326413,1.9830733586923466,1.9802563673223135,1.9775212353072051,1.9748652381290046,1.97228569356779,1.9697799660961872,1.9673454705519948,1.9649796751660495,1.9626801040154354,1.9604443389656077,1.9582700211591044,1.9561548521029382,1.9540965944017008,1.952093072178857,1.9501421712244114,1.9482418389032894,1.946390083855347,1.9445849755146734,1.9428246434729814,1.94110727670935,1.939431122706102,1.9377944864686056,1.9361957294647065,1.9346332684979797,1.9331055745271402,1.9316111714428252,1.9301486348114736,1.9287165905950274,1.9273137138540906,1.9259387274412223,1.9245904006903205,1.9232675481072254,1.921969028065978,1.9206937415147227,1.9194406306944938,1.9182086778738625,1.916996904101844,1.9158043679811352,1.9146301644634502,1.9134734236683626,1.91233330972682,1.9112090196502736
bcc-csm1-1,351,China,ACC2,1.130411089545615,2.1603902112144895,2.4689656673811147,2.5280249654633202,2.5071788711908005,2.465807486441441,2.423478172171926,2.385673906043892,2.3531232308050996,2.3251296166027853,2.300717808351731,2.278995776290582,2.2592423702203472,2.2409049541497157,2.223572231804882,2.2069442809889215,2.190806390980813,2.1750079790338077,2.159446177598329,2.144053272042778,2.1287871758993546,2.1136242546085233,2.0985539469619683,2.083574755031012,2.0686912721038575,2.0539119957038316,2.039247732749099,2.0247104499828072,2.0103124580523155,1.996065844533973,1.9819820917302151,1.9680718307093583,1.9543446949688585,1.9408092461622204,1.9274729512145052,1.9143421953766135,1.9014223197294293,1.8887176746458616,1.876231682982247,1.8639669084757164,1.8519251261047744,1.8401073921290412,1.8285141122379485,1.817145106767531,1.805999672333517,1.7950766395128106,1.7843744264097663,1.7738910880889138,1.7636243619561904,1.7535717092387282,1.7437303527564518,1.7340973112045472,1.7246694301784913,1.7154434101771288,1.7064158318161333,1.6975831784772335,1.6889418566083214,1.6804882138777404,1.6722185553732636,1.664129158023025,1.6562162834026048,1.648476189079633,1.6409051386349522,1.633499410487732,1.6262553056410094,1.6191691544538154,1.6122373225365254,1.6054562158574837,1.5988222851406753,1.5923320296267718,1.5859820002634326,1.5797688023840117,1.5736890979287022,1.567739607256663,1.5619171105929763,1.5562184491503734,1.550640525961318,1.5451803064529483,1.5398348187940045,1.5346011540398816,1.529476466099735,1.524457971546657,1.5195429492903822,1.514728740129488,1.5100127461988437,1.5053924303260786,1.5008653153095217,1.4964289831290218,1.4920810740994077,1.4878192859758206,1.4836413730188596,1.4795451450266106,1.475528466340244,1.471589254828561,1.46772548085685,1.46393516624445,1.4602163832149477,1.4565672533427831,1.452985946499121,1.449470679800015,1.446019716559051
bcc-csm1-1,351,China,Bern-SAR,1.132729027162374,2.1739237326866885,2.4942505705988878,2.562502834273086,2.5480997746370657,2.5110091365150646,2.4714658852708213,2.435503038535391,2.4042522276106855,2.3772934848635616,2.3538315317765894,2.333084747964963,2.314394103283897,2.2972365836761464,2.2812093600954357,2.266007791078262,2.251404750135794,2.2372332481516946,2.223372460511544,2.209736717929976,2.1962669220475863,2.18292389288734,2.169683236439475,2.1565314008234853,2.1434626583680894,2.1304768071337046,2.1175774302066186,2.1047705864607242,2.0920638342633344,2.079465511369808,2.066984211284567,2.054628409681817,2.042406204881105,2.0303251444926316,2.018392116680998,2.0066132894320843,1.9949940850513015,1.9835391801100397,1.972252523379082,1.9611373660873885,1.9501963002385896,1.9394313017932814,1.9288437763544473,1.9184346056300332,1.9082041934335165,1.898152510354623,1.8882791365130054,1.8785833020193579,1.869063924925769,1.8597196465636536,1.8505488642520136,1.8415497614190375,1.8327203352221053,1.8240584217788867,1.8155617191400386,1.8072278081433173,1.7990541712932173,1.791038209809807,1.7831772589874768,1.775468601999188,1.7679094822752492,1.7604971145785708,1.75322869489048,1.7461014092136122,1.7391124413903112,1.732258980027816,1.7255382246138695,1.7189473908998716,1.7124837156218065,1.7061444606235563,1.6999269164411712,1.6938284054016661,1.6878462842849238,1.6819779465930578,1.6762208244672914,1.67057239028868,1.6650301579958497,1.659591684149418,1.6542545687703083,1.6490164559761764,1.6438750344382573,1.6388280376784354,1.6338732442245985,1.629008477640442,1.6242316064445057,1.6195405439315442,1.6149332479080667,1.6104077203529135,1.605962007012301,1.6015941969381726,1.5973024219774168,1.5930848562191209,1.5889397154060634,1.5848652563159062,1.5808597761173533,1.5769216117055704,1.5730491390209973,1.5692407723549988,1.5654949636457192,1.5618102017668165,1.5581850118117355
bcc-csm1-1,351,China,MAGICC6(ensemblemedian),1.1304718063475323,2.163003326084445,2.4783414240526054,2.5470880262389675,2.5371595122388464,2.5066473602914994,2.47432872675158,2.445292094272082,2.4201402404758188,2.3982157307233605,2.3786732728883653,2.36079277309657,2.3440365109563714,2.328028942038591,2.312520009509222,2.2973509365634626,2.282427028396219,2.267697397178377,2.2531403252699853,2.238752898686157,2.2245437681160594,2.210528160762506,2.1967244950779743,2.1831521282983246,2.169829899036278,2.156775223717701,2.1440035753016438,2.131528222715053,2.1193601451887583,2.107508061196015,2.0959785298658344,2.0847760956576264,2.073903456240735,2.063361639996385,2.0531501841198994,2.043267307498172,2.033710074764693,2.024474549473325,2.015555935383411,2.0069487055556126,1.9986467194228894,1.9906433282963343,1.9829314699434684,1.9755037529732118,1.9683525318035706,1.9614699729929692,1.954848113697231,1.9484789129803282,1.9423542966644929,1.9364661963581913,1.9308065832518904,1.9253674972232706,1.9201410717468221,1.9151195550583673,1.9102953279833348,1.9056609187989262,1.901209015464418,1.8969324755211632,1.8928243339336412,1.8888778091156058,1.885086307360498,1.8814434258726465,1.877942954575368,1.8745788768535916,1.8713453693718691,1.8682368010936214,1.8652477316137746,1.8623729089049395,1.8596072665658303,1.8569459206511152,1.8543841661529497,1.8519174731959012,1.849541483000715,1.8472520036648696,1.8450450058030814,1.8429166180847996,1.8408631227020356,1.8388809507957078,1.8369666778660456,1.835117019188175,1.8333288252521476,1.8315990772429898,1.8299248825749603,1.82830347049123,1.8267321877392257,1.8252084943292883,1.8237299593838425,1.822294257081992,1.8208991627042383,1.8195425487801753,1.818222381341978,1.8169367162847982,1.815683695835558,1.8144615451299317,1.8132685688978936,1.81210314825683,1.8109637376114032,1.8098488616590322,1.808757112499065,1.8076871468442781,1.8066376833322932
bcc-csm1-1,351,China,TOTEM2,1.044246908155132,2.082758594657309,2.4927898987204253,2.6680760197750506,2.7538055181249903,2.8036992509493066,2.8377995764618706,2.8637326126776794,2.884532717600096,2.901523245957523,2.9153783936751285,2.926515704624178,2.9352421632640286,2.941809475068652,2.946435792845947,2.9493149669400918,2.95062108606099,2.950511177354307,2.9491271313198077,2.946597252916478,2.9430375949348906,2.9385531386891266,2.933238852866195,2.927180648127652,2.9204562395908256,2.913135926768082,2.9052832991176842,2.8969558743945507,2.8882056762369497,2.879079756785741,2.8696206695726554,2.8598668974119716,2.849853239578431,2.839611162145553,2.8291691149907106,2.8185528186386057,2.8077855238131346,2.7968882462952593,2.7858799794364586,2.774777886453853,2.7635974744312706,2.752352751766765,2.741056370642179,2.729719755939763,2.7183532218951454,2.706966077654575,2.695566722791303,2.684162733737068,2.6727609419928817,2.661367504901679,2.6499879696903257,2.638627331421251,2.627290085433692,2.6159802747985976,2.6047015332615486,2.5934571241030504,2.582249975304927,2.571082711373757,2.5599576821400105,2.5488769888198246,2.537842507600914,2.5268559109871576,2.515918687115599,2.5050321572388423,2.494197491546932,2.4834157234872567,2.472687762724511,2.4620144068712912,2.451396352104884,2.440834202777288,2.430328480113789,2.419879630086416,2.40948803054146,2.3991539976516285,2.3888777917567143,2.3786596226515964,2.3684996543737245,2.3583980095376433,2.348354773259666,2.3383699967116867,2.328443700339504,2.3185758767773406,2.3087664934872714,2.2990154951501607,2.2893228058314667,2.279688330942962,2.27011195902037,2.2605935633340892,2.2511330033485333,2.241730126045065,2.232384767121154,2.223096752077126,2.2138658972022704,2.2046920104681305,2.1955748923395557,2.18651433651024,2.1775101305699835,2.168562056610457,2.159669891775241,2.1508334087589924,2.1420523762611006
